map_name,x,y,tile_type,walkable,ledge_direction
PALLET_TOWN,0,0,path,True,
PALLET_TOWN,1,0,path,True,
PALLET_TOWN,0,1,wall,False,
PALLET_TOWN,1,1,wall,False,
PALLET_TOWN,2,0,path,True,
PALLET_TOWN,3,0,wall,False,
PALLET_TOWN,2,1,wall,False,
PALLET_TOWN,3,1,wall,False,
PALLET_TOWN,4,0,path,True,
PALLET_TOWN,5,0,path,True,
PALLET_TOWN,4,1,wall,False,
PALLET_TOWN,5,1,wall,False,
PALLET_TOWN,6,0,path,True,
PALLET_TOWN,7,0,path,True,
PALLET_TOWN,6,1,wall,False,
PALLET_TOWN,7,1,wall,False,
PALLET_TOWN,8,0,path,True,
PALLET_TOWN,9,0,wall,False,
PALLET_TOWN,8,1,wall,False,
PALLET_TOWN,9,1,wall,False,
PALLET_TOWN,10,0,grass,True,
PALLET_TOWN,11,0,grass,True,
PALLET_TOWN,10,1,grass,True,
PALLET_TOWN,11,1,grass,True,
PALLET_TOWN,12,0,wall,False,
PALLET_TOWN,13,0,path,True,
PALLET_TOWN,12,1,wall,False,
PALLET_TOWN,13,1,wall,False,
PALLET_TOWN,14,0,path,True,
PALLET_TOWN,15,0,path,True,
PALLET_TOWN,14,1,wall,False,
PALLET_TOWN,15,1,wall,False,
PALLET_TOWN,16,0,path,True,
PALLET_TOWN,17,0,path,True,
PALLET_TOWN,16,1,wall,False,
PALLET_TOWN,17,1,wall,False,
PALLET_TOWN,18,0,wall,False,
PALLET_TOWN,19,0,path,True,
PALLET_TOWN,18,1,wall,False,
PALLET_TOWN,19,1,wall,False,
PALLET_TOWN,0,2,wall,False,
PALLET_TOWN,1,2,path,True,
PALLET_TOWN,0,3,wall,False,
PALLET_TOWN,1,3,path,True,
PALLET_TOWN,2,2,path,True,
PALLET_TOWN,3,2,path,True,
PALLET_TOWN,2,3,path,True,
PALLET_TOWN,3,3,path,True,
PALLET_TOWN,4,2,path,True,
PALLET_TOWN,5,2,path,True,
PALLET_TOWN,4,3,wall,False,
PALLET_TOWN,5,3,wall,False,
PALLET_TOWN,6,2,path,True,
PALLET_TOWN,7,2,path,True,
PALLET_TOWN,6,3,wall,False,
PALLET_TOWN,7,3,wall,False,
PALLET_TOWN,8,2,path,True,
PALLET_TOWN,9,2,path,True,
PALLET_TOWN,8,3,path,True,
PALLET_TOWN,9,3,path,True,
PALLET_TOWN,10,2,path,True,
PALLET_TOWN,11,2,path,True,
PALLET_TOWN,10,3,path,True,
PALLET_TOWN,11,3,path,True,
PALLET_TOWN,12,2,path,True,
PALLET_TOWN,13,2,path,True,
PALLET_TOWN,12,3,wall,False,
PALLET_TOWN,13,3,wall,False,
PALLET_TOWN,14,2,path,True,
PALLET_TOWN,15,2,path,True,
PALLET_TOWN,14,3,wall,False,
PALLET_TOWN,15,3,wall,False,
PALLET_TOWN,16,2,path,True,
PALLET_TOWN,17,2,path,True,
PALLET_TOWN,16,3,path,True,
PALLET_TOWN,17,3,path,True,
PALLET_TOWN,18,2,path,True,
PALLET_TOWN,19,2,wall,False,
PALLET_TOWN,18,3,path,True,
PALLET_TOWN,19,3,wall,False,
PALLET_TOWN,0,4,wall,False,
PALLET_TOWN,1,4,path,True,
PALLET_TOWN,0,5,wall,False,
PALLET_TOWN,1,5,path,True,
PALLET_TOWN,2,4,path,True,
PALLET_TOWN,3,4,path,True,
PALLET_TOWN,2,5,path,True,
PALLET_TOWN,3,5,wall,False,
PALLET_TOWN,4,4,wall,False,
PALLET_TOWN,5,4,wall,False,
PALLET_TOWN,4,5,wall,False,
PALLET_TOWN,5,5,path,True,
PALLET_TOWN,6,4,wall,False,
PALLET_TOWN,7,4,wall,False,
PALLET_TOWN,6,5,wall,False,
PALLET_TOWN,7,5,wall,False,
PALLET_TOWN,8,4,path,True,
PALLET_TOWN,9,4,path,True,
PALLET_TOWN,8,5,path,True,
PALLET_TOWN,9,5,path,True,
PALLET_TOWN,10,4,path,True,
PALLET_TOWN,11,4,path,True,
PALLET_TOWN,10,5,path,True,
PALLET_TOWN,11,5,wall,False,
PALLET_TOWN,12,4,wall,False,
PALLET_TOWN,13,4,wall,False,
PALLET_TOWN,12,5,wall,False,
PALLET_TOWN,13,5,path,True,
PALLET_TOWN,14,4,wall,False,
PALLET_TOWN,15,4,wall,False,
PALLET_TOWN,14,5,wall,False,
PALLET_TOWN,15,5,wall,False,
PALLET_TOWN,16,4,path,True,
PALLET_TOWN,17,4,path,True,
PALLET_TOWN,16,5,path,True,
PALLET_TOWN,17,5,path,True,
PALLET_TOWN,18,4,path,True,
PALLET_TOWN,19,4,wall,False,
PALLET_TOWN,18,5,path,True,
PALLET_TOWN,19,5,wall,False,
PALLET_TOWN,0,6,wall,False,
PALLET_TOWN,1,6,path,True,
PALLET_TOWN,0,7,wall,False,
PALLET_TOWN,1,7,path,True,
PALLET_TOWN,2,6,path,True,
PALLET_TOWN,3,6,path,True,
PALLET_TOWN,2,7,path,True,
PALLET_TOWN,3,7,path,True,
PALLET_TOWN,4,6,path,True,
PALLET_TOWN,5,6,path,True,
PALLET_TOWN,4,7,path,True,
PALLET_TOWN,5,7,path,True,
PALLET_TOWN,6,6,path,True,
PALLET_TOWN,7,6,path,True,
PALLET_TOWN,6,7,path,True,
PALLET_TOWN,7,7,path,True,
PALLET_TOWN,8,6,path,True,
PALLET_TOWN,9,6,path,True,
PALLET_TOWN,8,7,path,True,
PALLET_TOWN,9,7,path,True,
PALLET_TOWN,10,6,path,True,
PALLET_TOWN,11,6,path,True,
PALLET_TOWN,10,7,path,True,
PALLET_TOWN,11,7,path,True,
PALLET_TOWN,12,6,path,True,
PALLET_TOWN,13,6,path,True,
PALLET_TOWN,12,7,path,True,
PALLET_TOWN,13,7,path,True,
PALLET_TOWN,14,6,path,True,
PALLET_TOWN,15,6,path,True,
PALLET_TOWN,14,7,path,True,
PALLET_TOWN,15,7,path,True,
PALLET_TOWN,16,6,path,True,
PALLET_TOWN,17,6,path,True,
PALLET_TOWN,16,7,path,True,
PALLET_TOWN,17,7,path,True,
PALLET_TOWN,18,6,path,True,
PALLET_TOWN,19,6,wall,False,
PALLET_TOWN,18,7,path,True,
PALLET_TOWN,19,7,wall,False,
PALLET_TOWN,0,8,wall,False,
PALLET_TOWN,1,8,path,True,
PALLET_TOWN,0,9,wall,False,
PALLET_TOWN,1,9,path,True,
PALLET_TOWN,2,8,path,True,
PALLET_TOWN,3,8,path,True,
PALLET_TOWN,2,9,path,True,
PALLET_TOWN,3,9,path,True,
PALLET_TOWN,4,8,path,True,
PALLET_TOWN,5,8,path,True,
PALLET_TOWN,4,9,wall,False,
PALLET_TOWN,5,9,wall,False,
PALLET_TOWN,6,8,path,True,
PALLET_TOWN,7,8,path,True,
PALLET_TOWN,6,9,wall,False,
PALLET_TOWN,7,9,wall,False,
PALLET_TOWN,8,8,path,True,
PALLET_TOWN,9,8,path,True,
PALLET_TOWN,8,9,path,True,
PALLET_TOWN,9,9,path,True,
PALLET_TOWN,10,8,wall,False,
PALLET_TOWN,11,8,wall,False,
PALLET_TOWN,10,9,wall,False,
PALLET_TOWN,11,9,wall,False,
PALLET_TOWN,12,8,wall,False,
PALLET_TOWN,13,8,wall,False,
PALLET_TOWN,12,9,wall,False,
PALLET_TOWN,13,9,wall,False,
PALLET_TOWN,14,8,wall,False,
PALLET_TOWN,15,8,wall,False,
PALLET_TOWN,14,9,wall,False,
PALLET_TOWN,15,9,wall,False,
PALLET_TOWN,16,8,path,True,
PALLET_TOWN,17,8,path,True,
PALLET_TOWN,16,9,path,True,
PALLET_TOWN,17,9,path,True,
PALLET_TOWN,18,8,path,True,
PALLET_TOWN,19,8,wall,False,
PALLET_TOWN,18,9,path,True,
PALLET_TOWN,19,9,wall,False,
PALLET_TOWN,0,10,wall,False,
PALLET_TOWN,1,10,path,True,
PALLET_TOWN,0,11,wall,False,
PALLET_TOWN,1,11,path,True,
PALLET_TOWN,2,10,path,True,
PALLET_TOWN,3,10,path,True,
PALLET_TOWN,2,11,path,True,
PALLET_TOWN,3,11,path,True,
PALLET_TOWN,4,10,path,True,
PALLET_TOWN,5,10,path,True,
PALLET_TOWN,4,11,path,True,
PALLET_TOWN,5,11,path,True,
PALLET_TOWN,6,10,path,True,
PALLET_TOWN,7,10,path,True,
PALLET_TOWN,6,11,path,True,
PALLET_TOWN,7,11,path,True,
PALLET_TOWN,8,10,path,True,
PALLET_TOWN,9,10,path,True,
PALLET_TOWN,8,11,path,True,
PALLET_TOWN,9,11,path,True,
PALLET_TOWN,10,10,wall,False,
PALLET_TOWN,11,10,wall,False,
PALLET_TOWN,10,11,wall,False,
PALLET_TOWN,11,11,wall,False,
PALLET_TOWN,12,10,wall,False,
PALLET_TOWN,13,10,wall,False,
PALLET_TOWN,12,11,path,True,
PALLET_TOWN,13,11,wall,False,
PALLET_TOWN,14,10,wall,False,
PALLET_TOWN,15,10,wall,False,
PALLET_TOWN,14,11,wall,False,
PALLET_TOWN,15,11,wall,False,
PALLET_TOWN,16,10,path,True,
PALLET_TOWN,17,10,path,True,
PALLET_TOWN,16,11,path,True,
PALLET_TOWN,17,11,path,True,
PALLET_TOWN,18,10,path,True,
PALLET_TOWN,19,10,wall,False,
PALLET_TOWN,18,11,path,True,
PALLET_TOWN,19,11,wall,False,
PALLET_TOWN,0,12,wall,False,
PALLET_TOWN,1,12,path,True,
PALLET_TOWN,0,13,wall,False,
PALLET_TOWN,1,13,path,True,
PALLET_TOWN,2,12,path,True,
PALLET_TOWN,3,12,path,True,
PALLET_TOWN,2,13,path,True,
PALLET_TOWN,3,13,path,True,
PALLET_TOWN,4,12,path,True,
PALLET_TOWN,5,12,path,True,
PALLET_TOWN,4,13,path,True,
PALLET_TOWN,5,13,path,True,
PALLET_TOWN,6,12,path,True,
PALLET_TOWN,7,12,path,True,
PALLET_TOWN,6,13,path,True,
PALLET_TOWN,7,13,path,True,
PALLET_TOWN,8,12,path,True,
PALLET_TOWN,9,12,path,True,
PALLET_TOWN,8,13,path,True,
PALLET_TOWN,9,13,path,True,
PALLET_TOWN,10,12,path,True,
PALLET_TOWN,11,12,path,True,
PALLET_TOWN,10,13,wall,False,
PALLET_TOWN,11,13,wall,False,
PALLET_TOWN,12,12,path,True,
PALLET_TOWN,13,12,path,True,
PALLET_TOWN,12,13,wall,False,
PALLET_TOWN,13,13,wall,False,
PALLET_TOWN,14,12,path,True,
PALLET_TOWN,15,12,path,True,
PALLET_TOWN,14,13,wall,False,
PALLET_TOWN,15,13,wall,False,
PALLET_TOWN,16,12,path,True,
PALLET_TOWN,17,12,path,True,
PALLET_TOWN,16,13,path,True,
PALLET_TOWN,17,13,path,True,
PALLET_TOWN,18,12,path,True,
PALLET_TOWN,19,12,wall,False,
PALLET_TOWN,18,13,path,True,
PALLET_TOWN,19,13,wall,False,
PALLET_TOWN,0,14,wall,False,
PALLET_TOWN,1,14,path,True,
PALLET_TOWN,0,15,wall,False,
PALLET_TOWN,1,15,path,True,
PALLET_TOWN,2,14,path,True,
PALLET_TOWN,3,14,path,True,
PALLET_TOWN,2,15,path,True,
PALLET_TOWN,3,15,path,True,
PALLET_TOWN,4,14,wall,False,
PALLET_TOWN,5,14,wall,False,
PALLET_TOWN,4,15,wall,False,
PALLET_TOWN,5,15,wall,False,
PALLET_TOWN,6,14,wall,False,
PALLET_TOWN,7,14,wall,False,
PALLET_TOWN,6,15,wall,False,
PALLET_TOWN,7,15,wall,False,
PALLET_TOWN,8,14,path,True,
PALLET_TOWN,9,14,path,True,
PALLET_TOWN,8,15,path,True,
PALLET_TOWN,9,15,path,True,
PALLET_TOWN,10,14,path,True,
PALLET_TOWN,11,14,path,True,
PALLET_TOWN,10,15,path,True,
PALLET_TOWN,11,15,path,True,
PALLET_TOWN,12,14,path,True,
PALLET_TOWN,13,14,path,True,
PALLET_TOWN,12,15,path,True,
PALLET_TOWN,13,15,path,True,
PALLET_TOWN,14,14,path,True,
PALLET_TOWN,15,14,path,True,
PALLET_TOWN,14,15,path,True,
PALLET_TOWN,15,15,path,True,
PALLET_TOWN,16,14,path,True,
PALLET_TOWN,17,14,path,True,
PALLET_TOWN,16,15,path,True,
PALLET_TOWN,17,15,path,True,
PALLET_TOWN,18,14,path,True,
PALLET_TOWN,19,14,wall,False,
PALLET_TOWN,18,15,path,True,
PALLET_TOWN,19,15,wall,False,
PALLET_TOWN,0,16,wall,False,
PALLET_TOWN,1,16,path,True,
PALLET_TOWN,0,17,wall,False,
PALLET_TOWN,1,17,wall,False,
PALLET_TOWN,2,16,path,True,
PALLET_TOWN,3,16,path,True,
PALLET_TOWN,2,17,path,True,
PALLET_TOWN,3,17,path,True,
PALLET_TOWN,4,16,wall,False,
PALLET_TOWN,5,16,wall,False,
PALLET_TOWN,4,17,wall,False,
PALLET_TOWN,5,17,wall,False,
PALLET_TOWN,6,16,wall,False,
PALLET_TOWN,7,16,wall,False,
PALLET_TOWN,6,17,wall,False,
PALLET_TOWN,7,17,wall,False,
PALLET_TOWN,8,16,path,True,
PALLET_TOWN,9,16,path,True,
PALLET_TOWN,8,17,wall,False,
PALLET_TOWN,9,17,wall,False,
PALLET_TOWN,10,16,path,True,
PALLET_TOWN,11,16,path,True,
PALLET_TOWN,10,17,wall,False,
PALLET_TOWN,11,17,wall,False,
PALLET_TOWN,12,16,path,True,
PALLET_TOWN,13,16,path,True,
PALLET_TOWN,12,17,wall,False,
PALLET_TOWN,13,17,wall,False,
PALLET_TOWN,14,16,path,True,
PALLET_TOWN,15,16,path,True,
PALLET_TOWN,14,17,wall,False,
PALLET_TOWN,15,17,wall,False,
PALLET_TOWN,16,16,path,True,
PALLET_TOWN,17,16,path,True,
PALLET_TOWN,16,17,wall,False,
PALLET_TOWN,17,17,wall,False,
PALLET_TOWN,18,16,path,True,
PALLET_TOWN,19,16,wall,False,
PALLET_TOWN,18,17,wall,False,
PALLET_TOWN,19,17,wall,False,
VIRIDIAN_CITY,0,0,wall,False,
VIRIDIAN_CITY,1,0,wall,False,
VIRIDIAN_CITY,0,1,wall,False,
VIRIDIAN_CITY,1,1,wall,False,
VIRIDIAN_CITY,2,0,wall,False,
VIRIDIAN_CITY,3,0,wall,False,
VIRIDIAN_CITY,2,1,wall,False,
VIRIDIAN_CITY,3,1,wall,False,
VIRIDIAN_CITY,4,0,wall,False,
VIRIDIAN_CITY,5,0,wall,False,
VIRIDIAN_CITY,4,1,wall,False,
VIRIDIAN_CITY,5,1,wall,False,
VIRIDIAN_CITY,6,0,wall,False,
VIRIDIAN_CITY,7,0,wall,False,
VIRIDIAN_CITY,6,1,wall,False,
VIRIDIAN_CITY,7,1,wall,False,
VIRIDIAN_CITY,8,0,wall,False,
VIRIDIAN_CITY,9,0,wall,False,
VIRIDIAN_CITY,8,1,wall,False,
VIRIDIAN_CITY,9,1,wall,False,
VIRIDIAN_CITY,10,0,wall,False,
VIRIDIAN_CITY,11,0,wall,False,
VIRIDIAN_CITY,10,1,wall,False,
VIRIDIAN_CITY,11,1,wall,False,
VIRIDIAN_CITY,12,0,wall,False,
VIRIDIAN_CITY,13,0,wall,False,
VIRIDIAN_CITY,12,1,wall,False,
VIRIDIAN_CITY,13,1,wall,False,
VIRIDIAN_CITY,14,0,wall,False,
VIRIDIAN_CITY,15,0,wall,False,
VIRIDIAN_CITY,14,1,wall,False,
VIRIDIAN_CITY,15,1,wall,False,
VIRIDIAN_CITY,16,0,wall,False,
VIRIDIAN_CITY,17,0,path,True,
VIRIDIAN_CITY,16,1,wall,False,
VIRIDIAN_CITY,17,1,path,True,
VIRIDIAN_CITY,18,0,path,True,
VIRIDIAN_CITY,19,0,path,True,
VIRIDIAN_CITY,18,1,path,True,
VIRIDIAN_CITY,19,1,wall,False,
VIRIDIAN_CITY,20,0,wall,False,
VIRIDIAN_CITY,21,0,wall,False,
VIRIDIAN_CITY,20,1,wall,False,
VIRIDIAN_CITY,21,1,wall,False,
VIRIDIAN_CITY,22,0,wall,False,
VIRIDIAN_CITY,23,0,wall,False,
VIRIDIAN_CITY,22,1,wall,False,
VIRIDIAN_CITY,23,1,wall,False,
VIRIDIAN_CITY,24,0,wall,False,
VIRIDIAN_CITY,25,0,wall,False,
VIRIDIAN_CITY,24,1,wall,False,
VIRIDIAN_CITY,25,1,wall,False,
VIRIDIAN_CITY,26,0,wall,False,
VIRIDIAN_CITY,27,0,wall,False,
VIRIDIAN_CITY,26,1,wall,False,
VIRIDIAN_CITY,27,1,wall,False,
VIRIDIAN_CITY,28,0,wall,False,
VIRIDIAN_CITY,29,0,wall,False,
VIRIDIAN_CITY,28,1,wall,False,
VIRIDIAN_CITY,29,1,wall,False,
VIRIDIAN_CITY,30,0,wall,False,
VIRIDIAN_CITY,31,0,wall,False,
VIRIDIAN_CITY,30,1,wall,False,
VIRIDIAN_CITY,31,1,wall,False,
VIRIDIAN_CITY,32,0,wall,False,
VIRIDIAN_CITY,33,0,wall,False,
VIRIDIAN_CITY,32,1,wall,False,
VIRIDIAN_CITY,33,1,wall,False,
VIRIDIAN_CITY,34,0,wall,False,
VIRIDIAN_CITY,35,0,wall,False,
VIRIDIAN_CITY,34,1,wall,False,
VIRIDIAN_CITY,35,1,wall,False,
VIRIDIAN_CITY,36,0,wall,False,
VIRIDIAN_CITY,37,0,wall,False,
VIRIDIAN_CITY,36,1,wall,False,
VIRIDIAN_CITY,37,1,wall,False,
VIRIDIAN_CITY,38,0,wall,False,
VIRIDIAN_CITY,39,0,wall,False,
VIRIDIAN_CITY,38,1,wall,False,
VIRIDIAN_CITY,39,1,wall,False,
VIRIDIAN_CITY,0,2,wall,False,
VIRIDIAN_CITY,1,2,wall,False,
VIRIDIAN_CITY,0,3,wall,False,
VIRIDIAN_CITY,1,3,wall,False,
VIRIDIAN_CITY,2,2,wall,False,
VIRIDIAN_CITY,3,2,wall,False,
VIRIDIAN_CITY,2,3,wall,False,
VIRIDIAN_CITY,3,3,wall,False,
VIRIDIAN_CITY,4,2,wall,False,
VIRIDIAN_CITY,5,2,wall,False,
VIRIDIAN_CITY,4,3,wall,False,
VIRIDIAN_CITY,5,3,wall,False,
VIRIDIAN_CITY,6,2,wall,False,
VIRIDIAN_CITY,7,2,wall,False,
VIRIDIAN_CITY,6,3,wall,False,
VIRIDIAN_CITY,7,3,wall,False,
VIRIDIAN_CITY,8,2,wall,False,
VIRIDIAN_CITY,9,2,wall,False,
VIRIDIAN_CITY,8,3,wall,False,
VIRIDIAN_CITY,9,3,wall,False,
VIRIDIAN_CITY,10,2,wall,False,
VIRIDIAN_CITY,11,2,wall,False,
VIRIDIAN_CITY,10,3,wall,False,
VIRIDIAN_CITY,11,3,wall,False,
VIRIDIAN_CITY,12,2,wall,False,
VIRIDIAN_CITY,13,2,wall,False,
VIRIDIAN_CITY,12,3,wall,False,
VIRIDIAN_CITY,13,3,wall,False,
VIRIDIAN_CITY,14,2,wall,False,
VIRIDIAN_CITY,15,2,wall,False,
VIRIDIAN_CITY,14,3,wall,False,
VIRIDIAN_CITY,15,3,wall,False,
VIRIDIAN_CITY,16,2,wall,False,
VIRIDIAN_CITY,17,2,path,True,
VIRIDIAN_CITY,16,3,wall,False,
VIRIDIAN_CITY,17,3,path,True,
VIRIDIAN_CITY,18,2,path,True,
VIRIDIAN_CITY,19,2,path,True,
VIRIDIAN_CITY,18,3,path,True,
VIRIDIAN_CITY,19,3,path,True,
VIRIDIAN_CITY,20,2,wall,False,
VIRIDIAN_CITY,21,2,wall,False,
VIRIDIAN_CITY,20,3,wall,False,
VIRIDIAN_CITY,21,3,wall,False,
VIRIDIAN_CITY,22,2,wall,False,
VIRIDIAN_CITY,23,2,wall,False,
VIRIDIAN_CITY,22,3,wall,False,
VIRIDIAN_CITY,23,3,wall,False,
VIRIDIAN_CITY,24,2,path,True,
VIRIDIAN_CITY,25,2,path,True,
VIRIDIAN_CITY,24,3,path,True,
VIRIDIAN_CITY,25,3,path,True,
VIRIDIAN_CITY,26,2,path,True,
VIRIDIAN_CITY,27,2,path,True,
VIRIDIAN_CITY,26,3,path,True,
VIRIDIAN_CITY,27,3,path,True,
VIRIDIAN_CITY,28,2,path,True,
VIRIDIAN_CITY,29,2,path,True,
VIRIDIAN_CITY,28,3,path,True,
VIRIDIAN_CITY,29,3,path,True,
VIRIDIAN_CITY,30,2,path,True,
VIRIDIAN_CITY,31,2,path,True,
VIRIDIAN_CITY,30,3,path,True,
VIRIDIAN_CITY,31,3,path,True,
VIRIDIAN_CITY,32,2,path,True,
VIRIDIAN_CITY,33,2,path,True,
VIRIDIAN_CITY,32,3,path,True,
VIRIDIAN_CITY,33,3,path,True,
VIRIDIAN_CITY,34,2,path,True,
VIRIDIAN_CITY,35,2,path,True,
VIRIDIAN_CITY,34,3,path,True,
VIRIDIAN_CITY,35,3,path,True,
VIRIDIAN_CITY,36,2,wall,False,
VIRIDIAN_CITY,37,2,wall,False,
VIRIDIAN_CITY,36,3,wall,False,
VIRIDIAN_CITY,37,3,wall,False,
VIRIDIAN_CITY,38,2,wall,False,
VIRIDIAN_CITY,39,2,wall,False,
VIRIDIAN_CITY,38,3,wall,False,
VIRIDIAN_CITY,39,3,wall,False,
VIRIDIAN_CITY,0,4,wall,False,
VIRIDIAN_CITY,1,4,wall,False,
VIRIDIAN_CITY,0,5,wall,False,
VIRIDIAN_CITY,1,5,wall,False,
VIRIDIAN_CITY,2,4,wall,False,
VIRIDIAN_CITY,3,4,wall,False,
VIRIDIAN_CITY,2,5,wall,False,
VIRIDIAN_CITY,3,5,wall,False,
VIRIDIAN_CITY,4,4,wall,False,
VIRIDIAN_CITY,5,4,wall,False,
VIRIDIAN_CITY,4,5,wall,False,
VIRIDIAN_CITY,5,5,wall,False,
VIRIDIAN_CITY,6,4,path,True,
VIRIDIAN_CITY,7,4,path,True,
VIRIDIAN_CITY,6,5,path,True,
VIRIDIAN_CITY,7,5,path,True,
VIRIDIAN_CITY,8,4,path,True,
VIRIDIAN_CITY,9,4,path,True,
VIRIDIAN_CITY,8,5,wall,False,
VIRIDIAN_CITY,9,5,wall,False,
VIRIDIAN_CITY,10,4,path,True,
VIRIDIAN_CITY,11,4,path,True,
VIRIDIAN_CITY,10,5,wall,False,
VIRIDIAN_CITY,11,5,wall,False,
VIRIDIAN_CITY,12,4,path,True,
VIRIDIAN_CITY,13,4,path,True,
VIRIDIAN_CITY,12,5,wall,False,
VIRIDIAN_CITY,13,5,wall,False,
VIRIDIAN_CITY,14,4,wall,False,
VIRIDIAN_CITY,15,4,path,True,
VIRIDIAN_CITY,14,5,wall,False,
VIRIDIAN_CITY,15,5,wall,False,
VIRIDIAN_CITY,16,4,path,True,
VIRIDIAN_CITY,17,4,path,True,
VIRIDIAN_CITY,16,5,path,True,
VIRIDIAN_CITY,17,5,path,True,
VIRIDIAN_CITY,18,4,path,True,
VIRIDIAN_CITY,19,4,path,True,
VIRIDIAN_CITY,18,5,path,True,
VIRIDIAN_CITY,19,5,path,True,
VIRIDIAN_CITY,20,4,path,True,
VIRIDIAN_CITY,21,4,path,True,
VIRIDIAN_CITY,20,5,path,True,
VIRIDIAN_CITY,21,5,path,True,
VIRIDIAN_CITY,22,4,path,True,
VIRIDIAN_CITY,23,4,path,True,
VIRIDIAN_CITY,22,5,path,True,
VIRIDIAN_CITY,23,5,path,True,
VIRIDIAN_CITY,24,4,path,True,
VIRIDIAN_CITY,25,4,path,True,
VIRIDIAN_CITY,24,5,path,True,
VIRIDIAN_CITY,25,5,path,True,
VIRIDIAN_CITY,26,4,path,True,
VIRIDIAN_CITY,27,4,path,True,
VIRIDIAN_CITY,26,5,path,True,
VIRIDIAN_CITY,27,5,path,True,
VIRIDIAN_CITY,28,4,wall,False,
VIRIDIAN_CITY,29,4,wall,False,
VIRIDIAN_CITY,28,5,wall,False,
VIRIDIAN_CITY,29,5,wall,False,
VIRIDIAN_CITY,30,4,wall,False,
VIRIDIAN_CITY,31,4,wall,False,
VIRIDIAN_CITY,30,5,wall,False,
VIRIDIAN_CITY,31,5,wall,False,
VIRIDIAN_CITY,32,4,wall,False,
VIRIDIAN_CITY,33,4,wall,False,
VIRIDIAN_CITY,32,5,wall,False,
VIRIDIAN_CITY,33,5,wall,False,
VIRIDIAN_CITY,34,4,path,True,
VIRIDIAN_CITY,35,4,path,True,
VIRIDIAN_CITY,34,5,path,True,
VIRIDIAN_CITY,35,5,path,True,
VIRIDIAN_CITY,36,4,wall,False,
VIRIDIAN_CITY,37,4,wall,False,
VIRIDIAN_CITY,36,5,wall,False,
VIRIDIAN_CITY,37,5,wall,False,
VIRIDIAN_CITY,38,4,wall,False,
VIRIDIAN_CITY,39,4,wall,False,
VIRIDIAN_CITY,38,5,wall,False,
VIRIDIAN_CITY,39,5,wall,False,
VIRIDIAN_CITY,0,6,wall,False,
VIRIDIAN_CITY,1,6,wall,False,
VIRIDIAN_CITY,0,7,wall,False,
VIRIDIAN_CITY,1,7,wall,False,
VIRIDIAN_CITY,2,6,wall,False,
VIRIDIAN_CITY,3,6,wall,False,
VIRIDIAN_CITY,2,7,wall,False,
VIRIDIAN_CITY,3,7,wall,False,
VIRIDIAN_CITY,4,6,wall,False,
VIRIDIAN_CITY,5,6,wall,False,
VIRIDIAN_CITY,4,7,wall,False,
VIRIDIAN_CITY,5,7,wall,False,
VIRIDIAN_CITY,6,6,path,True,
VIRIDIAN_CITY,7,6,wall,False,
VIRIDIAN_CITY,6,7,path,True,
VIRIDIAN_CITY,7,7,wall,False,
VIRIDIAN_CITY,8,6,wall,False,
VIRIDIAN_CITY,9,6,wall,False,
VIRIDIAN_CITY,8,7,wall,False,
VIRIDIAN_CITY,9,7,wall,False,
VIRIDIAN_CITY,10,6,wall,False,
VIRIDIAN_CITY,11,6,wall,False,
VIRIDIAN_CITY,10,7,wall,False,
VIRIDIAN_CITY,11,7,wall,False,
VIRIDIAN_CITY,12,6,wall,False,
VIRIDIAN_CITY,13,6,wall,False,
VIRIDIAN_CITY,12,7,wall,False,
VIRIDIAN_CITY,13,7,wall,False,
VIRIDIAN_CITY,14,6,wall,False,
VIRIDIAN_CITY,15,6,wall,False,
VIRIDIAN_CITY,14,7,wall,False,
VIRIDIAN_CITY,15,7,wall,False,
VIRIDIAN_CITY,16,6,wall,False,
VIRIDIAN_CITY,17,6,path,True,
VIRIDIAN_CITY,16,7,wall,False,
VIRIDIAN_CITY,17,7,path,True,
VIRIDIAN_CITY,18,6,path,True,
VIRIDIAN_CITY,19,6,path,True,
VIRIDIAN_CITY,18,7,path,True,
VIRIDIAN_CITY,19,7,path,True,
VIRIDIAN_CITY,20,6,wall,False,
VIRIDIAN_CITY,21,6,path,True,
VIRIDIAN_CITY,20,7,wall,False,
VIRIDIAN_CITY,21,7,path,True,
VIRIDIAN_CITY,22,6,path,True,
VIRIDIAN_CITY,23,6,path,True,
VIRIDIAN_CITY,22,7,path,True,
VIRIDIAN_CITY,23,7,path,True,
VIRIDIAN_CITY,24,6,path,True,
VIRIDIAN_CITY,25,6,path,True,
VIRIDIAN_CITY,24,7,path,True,
VIRIDIAN_CITY,25,7,path,True,
VIRIDIAN_CITY,26,6,path,True,
VIRIDIAN_CITY,27,6,path,True,
VIRIDIAN_CITY,26,7,path,True,
VIRIDIAN_CITY,27,7,wall,False,
VIRIDIAN_CITY,28,6,wall,False,
VIRIDIAN_CITY,29,6,wall,False,
VIRIDIAN_CITY,28,7,wall,False,
VIRIDIAN_CITY,29,7,wall,False,
VIRIDIAN_CITY,30,6,wall,False,
VIRIDIAN_CITY,31,6,wall,False,
VIRIDIAN_CITY,30,7,wall,False,
VIRIDIAN_CITY,31,7,wall,False,
VIRIDIAN_CITY,32,6,wall,False,
VIRIDIAN_CITY,33,6,wall,False,
VIRIDIAN_CITY,32,7,path,True,
VIRIDIAN_CITY,33,7,wall,False,
VIRIDIAN_CITY,34,6,path,True,
VIRIDIAN_CITY,35,6,path,True,
VIRIDIAN_CITY,34,7,path,True,
VIRIDIAN_CITY,35,7,path,True,
VIRIDIAN_CITY,36,6,wall,False,
VIRIDIAN_CITY,37,6,wall,False,
VIRIDIAN_CITY,36,7,wall,False,
VIRIDIAN_CITY,37,7,wall,False,
VIRIDIAN_CITY,38,6,wall,False,
VIRIDIAN_CITY,39,6,wall,False,
VIRIDIAN_CITY,38,7,wall,False,
VIRIDIAN_CITY,39,7,wall,False,
VIRIDIAN_CITY,0,8,wall,False,
VIRIDIAN_CITY,1,8,wall,False,
VIRIDIAN_CITY,0,9,wall,False,
VIRIDIAN_CITY,1,9,wall,False,
VIRIDIAN_CITY,2,8,wall,False,
VIRIDIAN_CITY,3,8,wall,False,
VIRIDIAN_CITY,2,9,wall,False,
VIRIDIAN_CITY,3,9,wall,False,
VIRIDIAN_CITY,4,8,wall,False,
VIRIDIAN_CITY,5,8,wall,False,
VIRIDIAN_CITY,4,9,wall,False,
VIRIDIAN_CITY,5,9,wall,False,
VIRIDIAN_CITY,6,8,path,True,
VIRIDIAN_CITY,7,8,wall,False,
VIRIDIAN_CITY,6,9,path,True,
VIRIDIAN_CITY,7,9,wall,False,
VIRIDIAN_CITY,8,8,wall,False,
VIRIDIAN_CITY,9,8,wall,False,
VIRIDIAN_CITY,8,9,wall,False,
VIRIDIAN_CITY,9,9,wall,False,
VIRIDIAN_CITY,10,8,wall,False,
VIRIDIAN_CITY,11,8,wall,False,
VIRIDIAN_CITY,10,9,wall,False,
VIRIDIAN_CITY,11,9,wall,False,
VIRIDIAN_CITY,12,8,wall,False,
VIRIDIAN_CITY,13,8,wall,False,
VIRIDIAN_CITY,12,9,wall,False,
VIRIDIAN_CITY,13,9,wall,False,
VIRIDIAN_CITY,14,8,wall,False,
VIRIDIAN_CITY,15,8,wall,False,
VIRIDIAN_CITY,14,9,wall,False,
VIRIDIAN_CITY,15,9,wall,False,
VIRIDIAN_CITY,16,8,wall,False,
VIRIDIAN_CITY,17,8,path,True,
VIRIDIAN_CITY,16,9,wall,False,
VIRIDIAN_CITY,17,9,path,True,
VIRIDIAN_CITY,18,8,path,True,
VIRIDIAN_CITY,19,8,path,True,
VIRIDIAN_CITY,18,9,path,True,
VIRIDIAN_CITY,19,9,path,True,
VIRIDIAN_CITY,20,8,wall,False,
VIRIDIAN_CITY,21,8,wall,False,
VIRIDIAN_CITY,20,9,wall,False,
VIRIDIAN_CITY,21,9,path,True,
VIRIDIAN_CITY,22,8,wall,False,
VIRIDIAN_CITY,23,8,wall,False,
VIRIDIAN_CITY,22,9,wall,False,
VIRIDIAN_CITY,23,9,wall,False,
VIRIDIAN_CITY,24,8,path,True,
VIRIDIAN_CITY,25,8,path,True,
VIRIDIAN_CITY,24,9,ledge,True,down
VIRIDIAN_CITY,25,9,ledge,True,down
VIRIDIAN_CITY,26,8,path,True,
VIRIDIAN_CITY,27,8,path,True,
VIRIDIAN_CITY,26,9,ledge,True,down
VIRIDIAN_CITY,27,9,ledge,True,down
VIRIDIAN_CITY,28,8,path,True,
VIRIDIAN_CITY,29,8,path,True,
VIRIDIAN_CITY,28,9,ledge,True,down
VIRIDIAN_CITY,29,9,ledge,True,down
VIRIDIAN_CITY,30,8,path,True,
VIRIDIAN_CITY,31,8,path,True,
VIRIDIAN_CITY,30,9,ledge,True,down
VIRIDIAN_CITY,31,9,ledge,True,down
VIRIDIAN_CITY,32,8,path,True,
VIRIDIAN_CITY,33,8,path,True,
VIRIDIAN_CITY,32,9,ledge,True,down
VIRIDIAN_CITY,33,9,ledge,True,down
VIRIDIAN_CITY,34,8,path,True,
VIRIDIAN_CITY,35,8,path,True,
VIRIDIAN_CITY,34,9,ledge,True,down
VIRIDIAN_CITY,35,9,ledge,True,down
VIRIDIAN_CITY,36,8,wall,False,
VIRIDIAN_CITY,37,8,wall,False,
VIRIDIAN_CITY,36,9,wall,False,
VIRIDIAN_CITY,37,9,wall,False,
VIRIDIAN_CITY,38,8,wall,False,
VIRIDIAN_CITY,39,8,wall,False,
VIRIDIAN_CITY,38,9,wall,False,
VIRIDIAN_CITY,39,9,wall,False,
VIRIDIAN_CITY,0,10,wall,False,
VIRIDIAN_CITY,1,10,wall,False,
VIRIDIAN_CITY,0,11,wall,False,
VIRIDIAN_CITY,1,11,wall,False,
VIRIDIAN_CITY,2,10,wall,False,
VIRIDIAN_CITY,3,10,wall,False,
VIRIDIAN_CITY,2,11,wall,False,
VIRIDIAN_CITY,3,11,wall,False,
VIRIDIAN_CITY,4,10,wall,False,
VIRIDIAN_CITY,5,10,wall,False,
VIRIDIAN_CITY,4,11,wall,False,
VIRIDIAN_CITY,5,11,wall,False,
VIRIDIAN_CITY,6,10,path,True,
VIRIDIAN_CITY,7,10,wall,False,
VIRIDIAN_CITY,6,11,path,True,
VIRIDIAN_CITY,7,11,wall,False,
VIRIDIAN_CITY,8,10,wall,False,
VIRIDIAN_CITY,9,10,wall,False,
VIRIDIAN_CITY,8,11,wall,False,
VIRIDIAN_CITY,9,11,wall,False,
VIRIDIAN_CITY,10,10,wall,False,
VIRIDIAN_CITY,11,10,wall,False,
VIRIDIAN_CITY,10,11,wall,False,
VIRIDIAN_CITY,11,11,wall,False,
VIRIDIAN_CITY,12,10,wall,False,
VIRIDIAN_CITY,13,10,wall,False,
VIRIDIAN_CITY,12,11,wall,False,
VIRIDIAN_CITY,13,11,wall,False,
VIRIDIAN_CITY,14,10,wall,False,
VIRIDIAN_CITY,15,10,wall,False,
VIRIDIAN_CITY,14,11,wall,False,
VIRIDIAN_CITY,15,11,wall,False,
VIRIDIAN_CITY,16,10,wall,False,
VIRIDIAN_CITY,17,10,path,True,
VIRIDIAN_CITY,16,11,wall,False,
VIRIDIAN_CITY,17,11,path,True,
VIRIDIAN_CITY,18,10,path,True,
VIRIDIAN_CITY,19,10,path,True,
VIRIDIAN_CITY,18,11,path,True,
VIRIDIAN_CITY,19,11,path,True,
VIRIDIAN_CITY,20,10,path,True,
VIRIDIAN_CITY,21,10,path,True,
VIRIDIAN_CITY,20,11,path,True,
VIRIDIAN_CITY,21,11,path,True,
VIRIDIAN_CITY,22,10,path,True,
VIRIDIAN_CITY,23,10,path,True,
VIRIDIAN_CITY,22,11,path,True,
VIRIDIAN_CITY,23,11,path,True,
VIRIDIAN_CITY,24,10,path,True,
VIRIDIAN_CITY,25,10,path,True,
VIRIDIAN_CITY,24,11,path,True,
VIRIDIAN_CITY,25,11,path,True,
VIRIDIAN_CITY,26,10,path,True,
VIRIDIAN_CITY,27,10,path,True,
VIRIDIAN_CITY,26,11,path,True,
VIRIDIAN_CITY,27,11,path,True,
VIRIDIAN_CITY,28,10,path,True,
VIRIDIAN_CITY,29,10,path,True,
VIRIDIAN_CITY,28,11,path,True,
VIRIDIAN_CITY,29,11,path,True,
VIRIDIAN_CITY,30,10,path,True,
VIRIDIAN_CITY,31,10,path,True,
VIRIDIAN_CITY,30,11,path,True,
VIRIDIAN_CITY,31,11,path,True,
VIRIDIAN_CITY,32,10,path,True,
VIRIDIAN_CITY,33,10,path,True,
VIRIDIAN_CITY,32,11,path,True,
VIRIDIAN_CITY,33,11,path,True,
VIRIDIAN_CITY,34,10,path,True,
VIRIDIAN_CITY,35,10,path,True,
VIRIDIAN_CITY,34,11,path,True,
VIRIDIAN_CITY,35,11,path,True,
VIRIDIAN_CITY,36,10,wall,False,
VIRIDIAN_CITY,37,10,wall,False,
VIRIDIAN_CITY,36,11,wall,False,
VIRIDIAN_CITY,37,11,wall,False,
VIRIDIAN_CITY,38,10,wall,False,
VIRIDIAN_CITY,39,10,wall,False,
VIRIDIAN_CITY,38,11,wall,False,
VIRIDIAN_CITY,39,11,wall,False,
VIRIDIAN_CITY,0,12,wall,False,
VIRIDIAN_CITY,1,12,wall,False,
VIRIDIAN_CITY,0,13,ledge,True,down
VIRIDIAN_CITY,1,13,ledge,True,down
VIRIDIAN_CITY,2,12,wall,False,
VIRIDIAN_CITY,3,12,wall,False,
VIRIDIAN_CITY,2,13,ledge,True,down
VIRIDIAN_CITY,3,13,ledge,True,down
VIRIDIAN_CITY,4,12,wall,False,
VIRIDIAN_CITY,5,12,wall,False,
VIRIDIAN_CITY,4,13,ledge,True,down
VIRIDIAN_CITY,5,13,ledge,True,down
VIRIDIAN_CITY,6,12,path,True,
VIRIDIAN_CITY,7,12,wall,False,
VIRIDIAN_CITY,6,13,path,True,
VIRIDIAN_CITY,7,13,wall,False,
VIRIDIAN_CITY,8,12,wall,False,
VIRIDIAN_CITY,9,12,wall,False,
VIRIDIAN_CITY,8,13,wall,False,
VIRIDIAN_CITY,9,13,wall,False,
VIRIDIAN_CITY,10,12,wall,False,
VIRIDIAN_CITY,11,12,wall,False,
VIRIDIAN_CITY,10,13,wall,False,
VIRIDIAN_CITY,11,13,wall,False,
VIRIDIAN_CITY,12,12,wall,False,
VIRIDIAN_CITY,13,12,wall,False,
VIRIDIAN_CITY,12,13,wall,False,
VIRIDIAN_CITY,13,13,wall,False,
VIRIDIAN_CITY,14,12,wall,False,
VIRIDIAN_CITY,15,12,wall,False,
VIRIDIAN_CITY,14,13,wall,False,
VIRIDIAN_CITY,15,13,wall,False,
VIRIDIAN_CITY,16,12,wall,False,
VIRIDIAN_CITY,17,12,path,True,
VIRIDIAN_CITY,16,13,wall,False,
VIRIDIAN_CITY,17,13,path,True,
VIRIDIAN_CITY,18,12,path,True,
VIRIDIAN_CITY,19,12,path,True,
VIRIDIAN_CITY,18,13,path,True,
VIRIDIAN_CITY,19,13,path,True,
VIRIDIAN_CITY,20,12,path,True,
VIRIDIAN_CITY,21,12,path,True,
VIRIDIAN_CITY,20,13,wall,False,
VIRIDIAN_CITY,21,13,wall,False,
VIRIDIAN_CITY,22,12,path,True,
VIRIDIAN_CITY,23,12,path,True,
VIRIDIAN_CITY,22,13,wall,False,
VIRIDIAN_CITY,23,13,wall,False,
VIRIDIAN_CITY,24,12,path,True,
VIRIDIAN_CITY,25,12,path,True,
VIRIDIAN_CITY,24,13,wall,False,
VIRIDIAN_CITY,25,13,wall,False,
VIRIDIAN_CITY,26,12,path,True,
VIRIDIAN_CITY,27,12,path,True,
VIRIDIAN_CITY,26,13,wall,False,
VIRIDIAN_CITY,27,13,wall,False,
VIRIDIAN_CITY,28,12,path,True,
VIRIDIAN_CITY,29,12,path,True,
VIRIDIAN_CITY,28,13,wall,False,
VIRIDIAN_CITY,29,13,wall,False,
VIRIDIAN_CITY,30,12,path,True,
VIRIDIAN_CITY,31,12,path,True,
VIRIDIAN_CITY,30,13,wall,False,
VIRIDIAN_CITY,31,13,wall,False,
VIRIDIAN_CITY,32,12,path,True,
VIRIDIAN_CITY,33,12,path,True,
VIRIDIAN_CITY,32,13,wall,False,
VIRIDIAN_CITY,33,13,wall,False,
VIRIDIAN_CITY,34,12,path,True,
VIRIDIAN_CITY,35,12,path,True,
VIRIDIAN_CITY,34,13,wall,False,
VIRIDIAN_CITY,35,13,wall,False,
VIRIDIAN_CITY,36,12,wall,False,
VIRIDIAN_CITY,37,12,wall,False,
VIRIDIAN_CITY,36,13,wall,False,
VIRIDIAN_CITY,37,13,wall,False,
VIRIDIAN_CITY,38,12,wall,False,
VIRIDIAN_CITY,39,12,wall,False,
VIRIDIAN_CITY,38,13,wall,False,
VIRIDIAN_CITY,39,13,wall,False,
VIRIDIAN_CITY,0,14,path,True,
VIRIDIAN_CITY,1,14,path,True,
VIRIDIAN_CITY,0,15,path,True,
VIRIDIAN_CITY,1,15,path,True,
VIRIDIAN_CITY,2,14,path,True,
VIRIDIAN_CITY,3,14,path,True,
VIRIDIAN_CITY,2,15,path,True,
VIRIDIAN_CITY,3,15,path,True,
VIRIDIAN_CITY,4,14,path,True,
VIRIDIAN_CITY,5,14,path,True,
VIRIDIAN_CITY,4,15,path,True,
VIRIDIAN_CITY,5,15,path,True,
VIRIDIAN_CITY,6,14,path,True,
VIRIDIAN_CITY,7,14,wall,False,
VIRIDIAN_CITY,6,15,path,True,
VIRIDIAN_CITY,7,15,wall,False,
VIRIDIAN_CITY,8,14,wall,False,
VIRIDIAN_CITY,9,14,wall,False,
VIRIDIAN_CITY,8,15,wall,False,
VIRIDIAN_CITY,9,15,wall,False,
VIRIDIAN_CITY,10,14,wall,False,
VIRIDIAN_CITY,11,14,wall,False,
VIRIDIAN_CITY,10,15,wall,False,
VIRIDIAN_CITY,11,15,wall,False,
VIRIDIAN_CITY,12,14,wall,False,
VIRIDIAN_CITY,13,14,wall,False,
VIRIDIAN_CITY,12,15,wall,False,
VIRIDIAN_CITY,13,15,wall,False,
VIRIDIAN_CITY,14,14,wall,False,
VIRIDIAN_CITY,15,14,wall,False,
VIRIDIAN_CITY,14,15,wall,False,
VIRIDIAN_CITY,15,15,wall,False,
VIRIDIAN_CITY,16,14,wall,False,
VIRIDIAN_CITY,17,14,path,True,
VIRIDIAN_CITY,16,15,wall,False,
VIRIDIAN_CITY,17,15,path,True,
VIRIDIAN_CITY,18,14,path,True,
VIRIDIAN_CITY,19,14,path,True,
VIRIDIAN_CITY,18,15,path,True,
VIRIDIAN_CITY,19,15,path,True,
VIRIDIAN_CITY,20,14,wall,False,
VIRIDIAN_CITY,21,14,wall,False,
VIRIDIAN_CITY,20,15,wall,False,
VIRIDIAN_CITY,21,15,path,True,
VIRIDIAN_CITY,22,14,wall,False,
VIRIDIAN_CITY,23,14,wall,False,
VIRIDIAN_CITY,22,15,wall,False,
VIRIDIAN_CITY,23,15,wall,False,
VIRIDIAN_CITY,24,14,path,True,
VIRIDIAN_CITY,25,14,path,True,
VIRIDIAN_CITY,24,15,path,True,
VIRIDIAN_CITY,25,15,path,True,
VIRIDIAN_CITY,26,14,path,True,
VIRIDIAN_CITY,27,14,path,True,
VIRIDIAN_CITY,26,15,path,True,
VIRIDIAN_CITY,27,15,path,True,
VIRIDIAN_CITY,28,14,path,True,
VIRIDIAN_CITY,29,14,path,True,
VIRIDIAN_CITY,28,15,path,True,
VIRIDIAN_CITY,29,15,path,True,
VIRIDIAN_CITY,30,14,path,True,
VIRIDIAN_CITY,31,14,path,True,
VIRIDIAN_CITY,30,15,path,True,
VIRIDIAN_CITY,31,15,path,True,
VIRIDIAN_CITY,32,14,path,True,
VIRIDIAN_CITY,33,14,path,True,
VIRIDIAN_CITY,32,15,path,True,
VIRIDIAN_CITY,33,15,path,True,
VIRIDIAN_CITY,34,14,path,True,
VIRIDIAN_CITY,35,14,path,True,
VIRIDIAN_CITY,34,15,path,True,
VIRIDIAN_CITY,35,15,path,True,
VIRIDIAN_CITY,36,14,wall,False,
VIRIDIAN_CITY,37,14,wall,False,
VIRIDIAN_CITY,36,15,wall,False,
VIRIDIAN_CITY,37,15,wall,False,
VIRIDIAN_CITY,38,14,wall,False,
VIRIDIAN_CITY,39,14,wall,False,
VIRIDIAN_CITY,38,15,wall,False,
VIRIDIAN_CITY,39,15,wall,False,
VIRIDIAN_CITY,0,16,path,True,
VIRIDIAN_CITY,1,16,path,True,
VIRIDIAN_CITY,0,17,path,True,
VIRIDIAN_CITY,1,17,path,True,
VIRIDIAN_CITY,2,16,path,True,
VIRIDIAN_CITY,3,16,path,True,
VIRIDIAN_CITY,2,17,path,True,
VIRIDIAN_CITY,3,17,path,True,
VIRIDIAN_CITY,4,16,path,True,
VIRIDIAN_CITY,5,16,path,True,
VIRIDIAN_CITY,4,17,path,True,
VIRIDIAN_CITY,5,17,path,True,
VIRIDIAN_CITY,6,16,path,True,
VIRIDIAN_CITY,7,16,path,True,
VIRIDIAN_CITY,6,17,path,True,
VIRIDIAN_CITY,7,17,path,True,
VIRIDIAN_CITY,8,16,wall,False,
VIRIDIAN_CITY,9,16,wall,False,
VIRIDIAN_CITY,8,17,path,True,
VIRIDIAN_CITY,9,17,path,True,
VIRIDIAN_CITY,10,16,wall,False,
VIRIDIAN_CITY,11,16,wall,False,
VIRIDIAN_CITY,10,17,path,True,
VIRIDIAN_CITY,11,17,path,True,
VIRIDIAN_CITY,12,16,wall,False,
VIRIDIAN_CITY,13,16,wall,False,
VIRIDIAN_CITY,12,17,path,True,
VIRIDIAN_CITY,13,17,path,True,
VIRIDIAN_CITY,14,16,wall,False,
VIRIDIAN_CITY,15,16,wall,False,
VIRIDIAN_CITY,14,17,path,True,
VIRIDIAN_CITY,15,17,path,True,
VIRIDIAN_CITY,16,16,path,True,
VIRIDIAN_CITY,17,16,path,True,
VIRIDIAN_CITY,16,17,path,True,
VIRIDIAN_CITY,17,17,wall,False,
VIRIDIAN_CITY,18,16,path,True,
VIRIDIAN_CITY,19,16,path,True,
VIRIDIAN_CITY,18,17,path,True,
VIRIDIAN_CITY,19,17,path,True,
VIRIDIAN_CITY,20,16,path,True,
VIRIDIAN_CITY,21,16,path,True,
VIRIDIAN_CITY,20,17,wall,False,
VIRIDIAN_CITY,21,17,wall,False,
VIRIDIAN_CITY,22,16,path,True,
VIRIDIAN_CITY,23,16,path,True,
VIRIDIAN_CITY,22,17,wall,False,
VIRIDIAN_CITY,23,17,wall,False,
VIRIDIAN_CITY,24,16,path,True,
VIRIDIAN_CITY,25,16,path,True,
VIRIDIAN_CITY,24,17,path,True,
VIRIDIAN_CITY,25,17,path,True,
VIRIDIAN_CITY,26,16,path,True,
VIRIDIAN_CITY,27,16,path,True,
VIRIDIAN_CITY,26,17,path,True,
VIRIDIAN_CITY,27,17,path,True,
VIRIDIAN_CITY,28,16,wall,False,
VIRIDIAN_CITY,29,16,wall,False,
VIRIDIAN_CITY,28,17,wall,False,
VIRIDIAN_CITY,29,17,wall,False,
VIRIDIAN_CITY,30,16,wall,False,
VIRIDIAN_CITY,31,16,wall,False,
VIRIDIAN_CITY,30,17,wall,False,
VIRIDIAN_CITY,31,17,wall,False,
VIRIDIAN_CITY,32,16,path,True,
VIRIDIAN_CITY,33,16,path,True,
VIRIDIAN_CITY,32,17,path,True,
VIRIDIAN_CITY,33,17,path,True,
VIRIDIAN_CITY,34,16,path,True,
VIRIDIAN_CITY,35,16,path,True,
VIRIDIAN_CITY,34,17,path,True,
VIRIDIAN_CITY,35,17,path,True,
VIRIDIAN_CITY,36,16,wall,False,
VIRIDIAN_CITY,37,16,wall,False,
VIRIDIAN_CITY,36,17,wall,False,
VIRIDIAN_CITY,37,17,wall,False,
VIRIDIAN_CITY,38,16,wall,False,
VIRIDIAN_CITY,39,16,wall,False,
VIRIDIAN_CITY,38,17,wall,False,
VIRIDIAN_CITY,39,17,wall,False,
VIRIDIAN_CITY,0,18,wall,False,
VIRIDIAN_CITY,1,18,wall,False,
VIRIDIAN_CITY,0,19,wall,False,
VIRIDIAN_CITY,1,19,wall,False,
VIRIDIAN_CITY,2,18,wall,False,
VIRIDIAN_CITY,3,18,wall,False,
VIRIDIAN_CITY,2,19,wall,False,
VIRIDIAN_CITY,3,19,wall,False,
VIRIDIAN_CITY,4,18,path,True,
VIRIDIAN_CITY,5,18,path,True,
VIRIDIAN_CITY,4,19,path,True,
VIRIDIAN_CITY,5,19,path,True,
VIRIDIAN_CITY,6,18,path,True,
VIRIDIAN_CITY,7,18,path,True,
VIRIDIAN_CITY,6,19,path,True,
VIRIDIAN_CITY,7,19,path,True,
VIRIDIAN_CITY,8,18,path,True,
VIRIDIAN_CITY,9,18,path,True,
VIRIDIAN_CITY,8,19,path,True,
VIRIDIAN_CITY,9,19,path,True,
VIRIDIAN_CITY,10,18,path,True,
VIRIDIAN_CITY,11,18,path,True,
VIRIDIAN_CITY,10,19,path,True,
VIRIDIAN_CITY,11,19,path,True,
VIRIDIAN_CITY,12,18,path,True,
VIRIDIAN_CITY,13,18,path,True,
VIRIDIAN_CITY,12,19,path,True,
VIRIDIAN_CITY,13,19,path,True,
VIRIDIAN_CITY,14,18,path,True,
VIRIDIAN_CITY,15,18,path,True,
VIRIDIAN_CITY,14,19,path,True,
VIRIDIAN_CITY,15,19,path,True,
VIRIDIAN_CITY,16,18,path,True,
VIRIDIAN_CITY,17,18,path,True,
VIRIDIAN_CITY,16,19,path,True,
VIRIDIAN_CITY,17,19,path,True,
VIRIDIAN_CITY,18,18,path,True,
VIRIDIAN_CITY,19,18,path,True,
VIRIDIAN_CITY,18,19,path,True,
VIRIDIAN_CITY,19,19,path,True,
VIRIDIAN_CITY,20,18,path,True,
VIRIDIAN_CITY,21,18,path,True,
VIRIDIAN_CITY,20,19,path,True,
VIRIDIAN_CITY,21,19,path,True,
VIRIDIAN_CITY,22,18,path,True,
VIRIDIAN_CITY,23,18,path,True,
VIRIDIAN_CITY,22,19,path,True,
VIRIDIAN_CITY,23,19,path,True,
VIRIDIAN_CITY,24,18,path,True,
VIRIDIAN_CITY,25,18,path,True,
VIRIDIAN_CITY,24,19,path,True,
VIRIDIAN_CITY,25,19,path,True,
VIRIDIAN_CITY,26,18,path,True,
VIRIDIAN_CITY,27,18,path,True,
VIRIDIAN_CITY,26,19,path,True,
VIRIDIAN_CITY,27,19,path,True,
VIRIDIAN_CITY,28,18,wall,False,
VIRIDIAN_CITY,29,18,wall,False,
VIRIDIAN_CITY,28,19,wall,False,
VIRIDIAN_CITY,29,19,path,True,
VIRIDIAN_CITY,30,18,wall,False,
VIRIDIAN_CITY,31,18,wall,False,
VIRIDIAN_CITY,30,19,wall,False,
VIRIDIAN_CITY,31,19,wall,False,
VIRIDIAN_CITY,32,18,path,True,
VIRIDIAN_CITY,33,18,path,True,
VIRIDIAN_CITY,32,19,path,True,
VIRIDIAN_CITY,33,19,path,True,
VIRIDIAN_CITY,34,18,path,True,
VIRIDIAN_CITY,35,18,path,True,
VIRIDIAN_CITY,34,19,path,True,
VIRIDIAN_CITY,35,19,path,True,
VIRIDIAN_CITY,36,18,wall,False,
VIRIDIAN_CITY,37,18,wall,False,
VIRIDIAN_CITY,36,19,wall,False,
VIRIDIAN_CITY,37,19,wall,False,
VIRIDIAN_CITY,38,18,wall,False,
VIRIDIAN_CITY,39,18,wall,False,
VIRIDIAN_CITY,38,19,wall,False,
VIRIDIAN_CITY,39,19,wall,False,
VIRIDIAN_CITY,0,20,wall,False,
VIRIDIAN_CITY,1,20,wall,False,
VIRIDIAN_CITY,0,21,wall,False,
VIRIDIAN_CITY,1,21,wall,False,
VIRIDIAN_CITY,2,20,wall,False,
VIRIDIAN_CITY,3,20,wall,False,
VIRIDIAN_CITY,2,21,wall,False,
VIRIDIAN_CITY,3,21,wall,False,
VIRIDIAN_CITY,4,20,path,True,
VIRIDIAN_CITY,5,20,path,True,
VIRIDIAN_CITY,4,21,wall,False,
VIRIDIAN_CITY,5,21,wall,False,
VIRIDIAN_CITY,6,20,path,True,
VIRIDIAN_CITY,7,20,path,True,
VIRIDIAN_CITY,6,21,wall,False,
VIRIDIAN_CITY,7,21,wall,False,
VIRIDIAN_CITY,8,20,path,True,
VIRIDIAN_CITY,9,20,path,True,
VIRIDIAN_CITY,8,21,path,True,
VIRIDIAN_CITY,9,21,path,True,
VIRIDIAN_CITY,10,20,path,True,
VIRIDIAN_CITY,11,20,path,True,
VIRIDIAN_CITY,10,21,path,True,
VIRIDIAN_CITY,11,21,path,True,
VIRIDIAN_CITY,12,20,path,True,
VIRIDIAN_CITY,13,20,path,True,
VIRIDIAN_CITY,12,21,path,True,
VIRIDIAN_CITY,13,21,path,True,
VIRIDIAN_CITY,14,20,path,True,
VIRIDIAN_CITY,15,20,path,True,
VIRIDIAN_CITY,14,21,path,True,
VIRIDIAN_CITY,15,21,path,True,
VIRIDIAN_CITY,16,20,path,True,
VIRIDIAN_CITY,17,20,path,True,
VIRIDIAN_CITY,16,21,path,True,
VIRIDIAN_CITY,17,21,path,True,
VIRIDIAN_CITY,18,20,path,True,
VIRIDIAN_CITY,19,20,path,True,
VIRIDIAN_CITY,18,21,path,True,
VIRIDIAN_CITY,19,21,path,True,
VIRIDIAN_CITY,20,20,path,True,
VIRIDIAN_CITY,21,20,path,True,
VIRIDIAN_CITY,20,21,path,True,
VIRIDIAN_CITY,21,21,path,True,
VIRIDIAN_CITY,22,20,path,True,
VIRIDIAN_CITY,23,20,path,True,
VIRIDIAN_CITY,22,21,path,True,
VIRIDIAN_CITY,23,21,path,True,
VIRIDIAN_CITY,24,20,path,True,
VIRIDIAN_CITY,25,20,path,True,
VIRIDIAN_CITY,24,21,path,True,
VIRIDIAN_CITY,25,21,path,True,
VIRIDIAN_CITY,26,20,path,True,
VIRIDIAN_CITY,27,20,path,True,
VIRIDIAN_CITY,26,21,path,True,
VIRIDIAN_CITY,27,21,path,True,
VIRIDIAN_CITY,28,20,path,True,
VIRIDIAN_CITY,29,20,path,True,
VIRIDIAN_CITY,28,21,path,True,
VIRIDIAN_CITY,29,21,path,True,
VIRIDIAN_CITY,30,20,path,True,
VIRIDIAN_CITY,31,20,path,True,
VIRIDIAN_CITY,30,21,path,True,
VIRIDIAN_CITY,31,21,path,True,
VIRIDIAN_CITY,32,20,path,True,
VIRIDIAN_CITY,33,20,path,True,
VIRIDIAN_CITY,32,21,path,True,
VIRIDIAN_CITY,33,21,path,True,
VIRIDIAN_CITY,34,20,path,True,
VIRIDIAN_CITY,35,20,path,True,
VIRIDIAN_CITY,34,21,path,True,
VIRIDIAN_CITY,35,21,path,True,
VIRIDIAN_CITY,36,20,wall,False,
VIRIDIAN_CITY,37,20,wall,False,
VIRIDIAN_CITY,36,21,wall,False,
VIRIDIAN_CITY,37,21,wall,False,
VIRIDIAN_CITY,38,20,wall,False,
VIRIDIAN_CITY,39,20,wall,False,
VIRIDIAN_CITY,38,21,wall,False,
VIRIDIAN_CITY,39,21,wall,False,
VIRIDIAN_CITY,0,22,wall,False,
VIRIDIAN_CITY,1,22,wall,False,
VIRIDIAN_CITY,0,23,wall,False,
VIRIDIAN_CITY,1,23,wall,False,
VIRIDIAN_CITY,2,22,wall,False,
VIRIDIAN_CITY,3,22,wall,False,
VIRIDIAN_CITY,2,23,wall,False,
VIRIDIAN_CITY,3,23,wall,False,
VIRIDIAN_CITY,4,22,path,True,
VIRIDIAN_CITY,5,22,path,True,
VIRIDIAN_CITY,4,23,path,True,
VIRIDIAN_CITY,5,23,path,True,
VIRIDIAN_CITY,6,22,path,True,
VIRIDIAN_CITY,7,22,path,True,
VIRIDIAN_CITY,6,23,path,True,
VIRIDIAN_CITY,7,23,path,True,
VIRIDIAN_CITY,8,22,wall,False,
VIRIDIAN_CITY,9,22,path,True,
VIRIDIAN_CITY,8,23,wall,False,
VIRIDIAN_CITY,9,23,wall,False,
VIRIDIAN_CITY,10,22,path,True,
VIRIDIAN_CITY,11,22,path,True,
VIRIDIAN_CITY,10,23,path,True,
VIRIDIAN_CITY,11,23,path,True,
VIRIDIAN_CITY,12,22,path,True,
VIRIDIAN_CITY,13,22,path,True,
VIRIDIAN_CITY,12,23,path,True,
VIRIDIAN_CITY,13,23,path,True,
VIRIDIAN_CITY,14,22,path,True,
VIRIDIAN_CITY,15,22,path,True,
VIRIDIAN_CITY,14,23,path,True,
VIRIDIAN_CITY,15,23,path,True,
VIRIDIAN_CITY,16,22,path,True,
VIRIDIAN_CITY,17,22,path,True,
VIRIDIAN_CITY,16,23,path,True,
VIRIDIAN_CITY,17,23,path,True,
VIRIDIAN_CITY,18,22,path,True,
VIRIDIAN_CITY,19,22,path,True,
VIRIDIAN_CITY,18,23,path,True,
VIRIDIAN_CITY,19,23,path,True,
VIRIDIAN_CITY,20,22,path,True,
VIRIDIAN_CITY,21,22,path,True,
VIRIDIAN_CITY,20,23,path,True,
VIRIDIAN_CITY,21,23,path,True,
VIRIDIAN_CITY,22,22,wall,False,
VIRIDIAN_CITY,23,22,wall,False,
VIRIDIAN_CITY,22,23,wall,False,
VIRIDIAN_CITY,23,23,wall,False,
VIRIDIAN_CITY,24,22,wall,False,
VIRIDIAN_CITY,25,22,wall,False,
VIRIDIAN_CITY,24,23,wall,False,
VIRIDIAN_CITY,25,23,wall,False,
VIRIDIAN_CITY,26,22,path,True,
VIRIDIAN_CITY,27,22,path,True,
VIRIDIAN_CITY,26,23,path,True,
VIRIDIAN_CITY,27,23,path,True,
VIRIDIAN_CITY,28,22,path,True,
VIRIDIAN_CITY,29,22,path,True,
VIRIDIAN_CITY,28,23,path,True,
VIRIDIAN_CITY,29,23,path,True,
VIRIDIAN_CITY,30,22,path,True,
VIRIDIAN_CITY,31,22,path,True,
VIRIDIAN_CITY,30,23,path,True,
VIRIDIAN_CITY,31,23,path,True,
VIRIDIAN_CITY,32,22,path,True,
VIRIDIAN_CITY,33,22,path,True,
VIRIDIAN_CITY,32,23,path,True,
VIRIDIAN_CITY,33,23,path,True,
VIRIDIAN_CITY,34,22,path,True,
VIRIDIAN_CITY,35,22,path,True,
VIRIDIAN_CITY,34,23,path,True,
VIRIDIAN_CITY,35,23,path,True,
VIRIDIAN_CITY,36,22,wall,False,
VIRIDIAN_CITY,37,22,wall,False,
VIRIDIAN_CITY,36,23,wall,False,
VIRIDIAN_CITY,37,23,wall,False,
VIRIDIAN_CITY,38,22,wall,False,
VIRIDIAN_CITY,39,22,wall,False,
VIRIDIAN_CITY,38,23,wall,False,
VIRIDIAN_CITY,39,23,wall,False,
VIRIDIAN_CITY,0,24,wall,False,
VIRIDIAN_CITY,1,24,wall,False,
VIRIDIAN_CITY,0,25,wall,False,
VIRIDIAN_CITY,1,25,wall,False,
VIRIDIAN_CITY,2,24,wall,False,
VIRIDIAN_CITY,3,24,wall,False,
VIRIDIAN_CITY,2,25,wall,False,
VIRIDIAN_CITY,3,25,wall,False,
VIRIDIAN_CITY,4,24,path,True,
VIRIDIAN_CITY,5,24,path,True,
VIRIDIAN_CITY,4,25,path,True,
VIRIDIAN_CITY,5,25,path,True,
VIRIDIAN_CITY,6,24,path,True,
VIRIDIAN_CITY,7,24,path,True,
VIRIDIAN_CITY,6,25,path,True,
VIRIDIAN_CITY,7,25,path,True,
VIRIDIAN_CITY,8,24,wall,False,
VIRIDIAN_CITY,9,24,wall,False,
VIRIDIAN_CITY,8,25,wall,False,
VIRIDIAN_CITY,9,25,wall,False,
VIRIDIAN_CITY,10,24,wall,False,
VIRIDIAN_CITY,11,24,wall,False,
VIRIDIAN_CITY,10,25,wall,False,
VIRIDIAN_CITY,11,25,wall,False,
VIRIDIAN_CITY,12,24,wall,False,
VIRIDIAN_CITY,13,24,wall,False,
VIRIDIAN_CITY,12,25,wall,False,
VIRIDIAN_CITY,13,25,wall,False,
VIRIDIAN_CITY,14,24,path,True,
VIRIDIAN_CITY,15,24,path,True,
VIRIDIAN_CITY,14,25,path,True,
VIRIDIAN_CITY,15,25,path,True,
VIRIDIAN_CITY,16,24,path,True,
VIRIDIAN_CITY,17,24,path,True,
VIRIDIAN_CITY,16,25,path,True,
VIRIDIAN_CITY,17,25,path,True,
VIRIDIAN_CITY,18,24,path,True,
VIRIDIAN_CITY,19,24,path,True,
VIRIDIAN_CITY,18,25,path,True,
VIRIDIAN_CITY,19,25,path,True,
VIRIDIAN_CITY,20,24,path,True,
VIRIDIAN_CITY,21,24,path,True,
VIRIDIAN_CITY,20,25,path,True,
VIRIDIAN_CITY,21,25,path,True,
VIRIDIAN_CITY,22,24,wall,False,
VIRIDIAN_CITY,23,24,wall,False,
VIRIDIAN_CITY,22,25,wall,False,
VIRIDIAN_CITY,23,25,path,True,
VIRIDIAN_CITY,24,24,wall,False,
VIRIDIAN_CITY,25,24,wall,False,
VIRIDIAN_CITY,24,25,wall,False,
VIRIDIAN_CITY,25,25,wall,False,
VIRIDIAN_CITY,26,24,path,True,
VIRIDIAN_CITY,27,24,path,True,
VIRIDIAN_CITY,26,25,path,True,
VIRIDIAN_CITY,27,25,path,True,
VIRIDIAN_CITY,28,24,path,True,
VIRIDIAN_CITY,29,24,path,True,
VIRIDIAN_CITY,28,25,path,True,
VIRIDIAN_CITY,29,25,path,True,
VIRIDIAN_CITY,30,24,path,True,
VIRIDIAN_CITY,31,24,path,True,
VIRIDIAN_CITY,30,25,path,True,
VIRIDIAN_CITY,31,25,path,True,
VIRIDIAN_CITY,32,24,path,True,
VIRIDIAN_CITY,33,24,path,True,
VIRIDIAN_CITY,32,25,path,True,
VIRIDIAN_CITY,33,25,path,True,
VIRIDIAN_CITY,34,24,path,True,
VIRIDIAN_CITY,35,24,path,True,
VIRIDIAN_CITY,34,25,path,True,
VIRIDIAN_CITY,35,25,path,True,
VIRIDIAN_CITY,36,24,wall,False,
VIRIDIAN_CITY,37,24,wall,False,
VIRIDIAN_CITY,36,25,wall,False,
VIRIDIAN_CITY,37,25,wall,False,
VIRIDIAN_CITY,38,24,wall,False,
VIRIDIAN_CITY,39,24,wall,False,
VIRIDIAN_CITY,38,25,wall,False,
VIRIDIAN_CITY,39,25,wall,False,
VIRIDIAN_CITY,0,26,wall,False,
VIRIDIAN_CITY,1,26,wall,False,
VIRIDIAN_CITY,0,27,ledge,True,down
VIRIDIAN_CITY,1,27,ledge,True,down
VIRIDIAN_CITY,2,26,wall,False,
VIRIDIAN_CITY,3,26,wall,False,
VIRIDIAN_CITY,2,27,ledge,True,down
VIRIDIAN_CITY,3,27,ledge,True,down
VIRIDIAN_CITY,4,26,path,True,
VIRIDIAN_CITY,5,26,path,True,
VIRIDIAN_CITY,4,27,ledge,True,down
VIRIDIAN_CITY,5,27,ledge,True,down
VIRIDIAN_CITY,6,26,path,True,
VIRIDIAN_CITY,7,26,path,True,
VIRIDIAN_CITY,6,27,ledge,True,down
VIRIDIAN_CITY,7,27,ledge,True,down
VIRIDIAN_CITY,8,26,wall,False,
VIRIDIAN_CITY,9,26,wall,False,
VIRIDIAN_CITY,8,27,wall,False,
VIRIDIAN_CITY,9,27,wall,False,
VIRIDIAN_CITY,10,26,wall,False,
VIRIDIAN_CITY,11,26,wall,False,
VIRIDIAN_CITY,10,27,wall,False,
VIRIDIAN_CITY,11,27,wall,False,
VIRIDIAN_CITY,12,26,wall,False,
VIRIDIAN_CITY,13,26,wall,False,
VIRIDIAN_CITY,12,27,wall,False,
VIRIDIAN_CITY,13,27,wall,False,
VIRIDIAN_CITY,14,26,path,True,
VIRIDIAN_CITY,15,26,path,True,
VIRIDIAN_CITY,14,27,ledge,True,down
VIRIDIAN_CITY,15,27,path,True,
VIRIDIAN_CITY,16,26,path,True,
VIRIDIAN_CITY,17,26,path,True,
VIRIDIAN_CITY,16,27,ledge,True,down
VIRIDIAN_CITY,17,27,ledge,True,down
VIRIDIAN_CITY,18,26,path,True,
VIRIDIAN_CITY,19,26,path,True,
VIRIDIAN_CITY,18,27,ledge,True,down
VIRIDIAN_CITY,19,27,path,True,
VIRIDIAN_CITY,20,26,path,True,
VIRIDIAN_CITY,21,26,path,True,
VIRIDIAN_CITY,20,27,ledge,True,down
VIRIDIAN_CITY,21,27,ledge,True,down
VIRIDIAN_CITY,22,26,path,True,
VIRIDIAN_CITY,23,26,path,True,
VIRIDIAN_CITY,22,27,ledge,True,down
VIRIDIAN_CITY,23,27,ledge,True,down
VIRIDIAN_CITY,24,26,path,True,
VIRIDIAN_CITY,25,26,path,True,
VIRIDIAN_CITY,24,27,ledge,True,down
VIRIDIAN_CITY,25,27,ledge,True,down
VIRIDIAN_CITY,26,26,path,True,
VIRIDIAN_CITY,27,26,path,True,
VIRIDIAN_CITY,26,27,ledge,True,down
VIRIDIAN_CITY,27,27,ledge,True,down
VIRIDIAN_CITY,28,26,path,True,
VIRIDIAN_CITY,29,26,path,True,
VIRIDIAN_CITY,28,27,ledge,True,down
VIRIDIAN_CITY,29,27,ledge,True,down
VIRIDIAN_CITY,30,26,path,True,
VIRIDIAN_CITY,31,26,path,True,
VIRIDIAN_CITY,30,27,ledge,True,down
VIRIDIAN_CITY,31,27,ledge,True,down
VIRIDIAN_CITY,32,26,path,True,
VIRIDIAN_CITY,33,26,path,True,
VIRIDIAN_CITY,32,27,ledge,True,down
VIRIDIAN_CITY,33,27,ledge,True,down
VIRIDIAN_CITY,34,26,path,True,
VIRIDIAN_CITY,35,26,path,True,
VIRIDIAN_CITY,34,27,ledge,True,down
VIRIDIAN_CITY,35,27,ledge,True,down
VIRIDIAN_CITY,36,26,wall,False,
VIRIDIAN_CITY,37,26,wall,False,
VIRIDIAN_CITY,36,27,wall,False,
VIRIDIAN_CITY,37,27,wall,False,
VIRIDIAN_CITY,38,26,wall,False,
VIRIDIAN_CITY,39,26,wall,False,
VIRIDIAN_CITY,38,27,wall,False,
VIRIDIAN_CITY,39,27,wall,False,
VIRIDIAN_CITY,0,28,path,True,
VIRIDIAN_CITY,1,28,path,True,
VIRIDIAN_CITY,0,29,path,True,
VIRIDIAN_CITY,1,29,path,True,
VIRIDIAN_CITY,2,28,path,True,
VIRIDIAN_CITY,3,28,wall,False,
VIRIDIAN_CITY,2,29,path,True,
VIRIDIAN_CITY,3,29,wall,False,
VIRIDIAN_CITY,4,28,path,True,
VIRIDIAN_CITY,5,28,path,True,
VIRIDIAN_CITY,4,29,path,True,
VIRIDIAN_CITY,5,29,path,True,
VIRIDIAN_CITY,6,28,path,True,
VIRIDIAN_CITY,7,28,path,True,
VIRIDIAN_CITY,6,29,path,True,
VIRIDIAN_CITY,7,29,path,True,
VIRIDIAN_CITY,8,28,path,True,
VIRIDIAN_CITY,9,28,path,True,
VIRIDIAN_CITY,8,29,path,True,
VIRIDIAN_CITY,9,29,path,True,
VIRIDIAN_CITY,10,28,path,True,
VIRIDIAN_CITY,11,28,path,True,
VIRIDIAN_CITY,10,29,path,True,
VIRIDIAN_CITY,11,29,path,True,
VIRIDIAN_CITY,12,28,path,True,
VIRIDIAN_CITY,13,28,path,True,
VIRIDIAN_CITY,12,29,path,True,
VIRIDIAN_CITY,13,29,path,True,
VIRIDIAN_CITY,14,28,path,True,
VIRIDIAN_CITY,15,28,path,True,
VIRIDIAN_CITY,14,29,path,True,
VIRIDIAN_CITY,15,29,path,True,
VIRIDIAN_CITY,16,28,path,True,
VIRIDIAN_CITY,17,28,path,True,
VIRIDIAN_CITY,16,29,path,True,
VIRIDIAN_CITY,17,29,path,True,
VIRIDIAN_CITY,18,28,path,True,
VIRIDIAN_CITY,19,28,path,True,
VIRIDIAN_CITY,18,29,path,True,
VIRIDIAN_CITY,19,29,path,True,
VIRIDIAN_CITY,20,28,path,True,
VIRIDIAN_CITY,21,28,path,True,
VIRIDIAN_CITY,20,29,path,True,
VIRIDIAN_CITY,21,29,wall,False,
VIRIDIAN_CITY,22,28,path,True,
VIRIDIAN_CITY,23,28,path,True,
VIRIDIAN_CITY,22,29,path,True,
VIRIDIAN_CITY,23,29,path,True,
VIRIDIAN_CITY,24,28,path,True,
VIRIDIAN_CITY,25,28,path,True,
VIRIDIAN_CITY,24,29,path,True,
VIRIDIAN_CITY,25,29,path,True,
VIRIDIAN_CITY,26,28,path,True,
VIRIDIAN_CITY,27,28,path,True,
VIRIDIAN_CITY,26,29,path,True,
VIRIDIAN_CITY,27,29,path,True,
VIRIDIAN_CITY,28,28,path,True,
VIRIDIAN_CITY,29,28,path,True,
VIRIDIAN_CITY,28,29,path,True,
VIRIDIAN_CITY,29,29,path,True,
VIRIDIAN_CITY,30,28,path,True,
VIRIDIAN_CITY,31,28,path,True,
VIRIDIAN_CITY,30,29,path,True,
VIRIDIAN_CITY,31,29,path,True,
VIRIDIAN_CITY,32,28,path,True,
VIRIDIAN_CITY,33,28,path,True,
VIRIDIAN_CITY,32,29,path,True,
VIRIDIAN_CITY,33,29,path,True,
VIRIDIAN_CITY,34,28,path,True,
VIRIDIAN_CITY,35,28,path,True,
VIRIDIAN_CITY,34,29,path,True,
VIRIDIAN_CITY,35,29,path,True,
VIRIDIAN_CITY,36,28,wall,False,
VIRIDIAN_CITY,37,28,wall,False,
VIRIDIAN_CITY,36,29,wall,False,
VIRIDIAN_CITY,37,29,wall,False,
VIRIDIAN_CITY,38,28,wall,False,
VIRIDIAN_CITY,39,28,wall,False,
VIRIDIAN_CITY,38,29,wall,False,
VIRIDIAN_CITY,39,29,wall,False,
VIRIDIAN_CITY,0,30,path,True,
VIRIDIAN_CITY,1,30,path,True,
VIRIDIAN_CITY,0,31,path,True,
VIRIDIAN_CITY,1,31,path,True,
VIRIDIAN_CITY,2,30,path,True,
VIRIDIAN_CITY,3,30,wall,False,
VIRIDIAN_CITY,2,31,path,True,
VIRIDIAN_CITY,3,31,wall,False,
VIRIDIAN_CITY,4,30,path,True,
VIRIDIAN_CITY,5,30,path,True,
VIRIDIAN_CITY,4,31,wall,False,
VIRIDIAN_CITY,5,31,wall,False,
VIRIDIAN_CITY,6,30,path,True,
VIRIDIAN_CITY,7,30,path,True,
VIRIDIAN_CITY,6,31,wall,False,
VIRIDIAN_CITY,7,31,wall,False,
VIRIDIAN_CITY,8,30,path,True,
VIRIDIAN_CITY,9,30,path,True,
VIRIDIAN_CITY,8,31,wall,False,
VIRIDIAN_CITY,9,31,wall,False,
VIRIDIAN_CITY,10,30,path,True,
VIRIDIAN_CITY,11,30,path,True,
VIRIDIAN_CITY,10,31,wall,False,
VIRIDIAN_CITY,11,31,wall,False,
VIRIDIAN_CITY,12,30,path,True,
VIRIDIAN_CITY,13,30,path,True,
VIRIDIAN_CITY,12,31,wall,False,
VIRIDIAN_CITY,13,31,wall,False,
VIRIDIAN_CITY,14,30,path,True,
VIRIDIAN_CITY,15,30,path,True,
VIRIDIAN_CITY,14,31,wall,False,
VIRIDIAN_CITY,15,31,wall,False,
VIRIDIAN_CITY,16,30,path,True,
VIRIDIAN_CITY,17,30,path,True,
VIRIDIAN_CITY,16,31,wall,False,
VIRIDIAN_CITY,17,31,wall,False,
VIRIDIAN_CITY,18,30,path,True,
VIRIDIAN_CITY,19,30,path,True,
VIRIDIAN_CITY,18,31,wall,False,
VIRIDIAN_CITY,19,31,wall,False,
VIRIDIAN_CITY,20,30,path,True,
VIRIDIAN_CITY,21,30,path,True,
VIRIDIAN_CITY,20,31,path,True,
VIRIDIAN_CITY,21,31,path,True,
VIRIDIAN_CITY,22,30,path,True,
VIRIDIAN_CITY,23,30,path,True,
VIRIDIAN_CITY,22,31,wall,False,
VIRIDIAN_CITY,23,31,wall,False,
VIRIDIAN_CITY,24,30,path,True,
VIRIDIAN_CITY,25,30,path,True,
VIRIDIAN_CITY,24,31,wall,False,
VIRIDIAN_CITY,25,31,wall,False,
VIRIDIAN_CITY,26,30,path,True,
VIRIDIAN_CITY,27,30,path,True,
VIRIDIAN_CITY,26,31,wall,False,
VIRIDIAN_CITY,27,31,wall,False,
VIRIDIAN_CITY,28,30,path,True,
VIRIDIAN_CITY,29,30,path,True,
VIRIDIAN_CITY,28,31,wall,False,
VIRIDIAN_CITY,29,31,wall,False,
VIRIDIAN_CITY,30,30,path,True,
VIRIDIAN_CITY,31,30,path,True,
VIRIDIAN_CITY,30,31,wall,False,
VIRIDIAN_CITY,31,31,wall,False,
VIRIDIAN_CITY,32,30,path,True,
VIRIDIAN_CITY,33,30,path,True,
VIRIDIAN_CITY,32,31,wall,False,
VIRIDIAN_CITY,33,31,wall,False,
VIRIDIAN_CITY,34,30,path,True,
VIRIDIAN_CITY,35,30,path,True,
VIRIDIAN_CITY,34,31,wall,False,
VIRIDIAN_CITY,35,31,wall,False,
VIRIDIAN_CITY,36,30,wall,False,
VIRIDIAN_CITY,37,30,wall,False,
VIRIDIAN_CITY,36,31,wall,False,
VIRIDIAN_CITY,37,31,wall,False,
VIRIDIAN_CITY,38,30,wall,False,
VIRIDIAN_CITY,39,30,wall,False,
VIRIDIAN_CITY,38,31,wall,False,
VIRIDIAN_CITY,39,31,wall,False,
VIRIDIAN_CITY,0,32,path,True,
VIRIDIAN_CITY,1,32,path,True,
VIRIDIAN_CITY,0,33,path,True,
VIRIDIAN_CITY,1,33,path,True,
VIRIDIAN_CITY,2,32,path,True,
VIRIDIAN_CITY,3,32,path,True,
VIRIDIAN_CITY,2,33,path,True,
VIRIDIAN_CITY,3,33,path,True,
VIRIDIAN_CITY,4,32,path,True,
VIRIDIAN_CITY,5,32,path,True,
VIRIDIAN_CITY,4,33,path,True,
VIRIDIAN_CITY,5,33,path,True,
VIRIDIAN_CITY,6,32,path,True,
VIRIDIAN_CITY,7,32,path,True,
VIRIDIAN_CITY,6,33,path,True,
VIRIDIAN_CITY,7,33,path,True,
VIRIDIAN_CITY,8,32,path,True,
VIRIDIAN_CITY,9,32,path,True,
VIRIDIAN_CITY,8,33,path,True,
VIRIDIAN_CITY,9,33,path,True,
VIRIDIAN_CITY,10,32,path,True,
VIRIDIAN_CITY,11,32,path,True,
VIRIDIAN_CITY,10,33,path,True,
VIRIDIAN_CITY,11,33,path,True,
VIRIDIAN_CITY,12,32,path,True,
VIRIDIAN_CITY,13,32,wall,False,
VIRIDIAN_CITY,12,33,path,True,
VIRIDIAN_CITY,13,33,wall,False,
VIRIDIAN_CITY,14,32,path,True,
VIRIDIAN_CITY,15,32,path,True,
VIRIDIAN_CITY,14,33,path,True,
VIRIDIAN_CITY,15,33,path,True,
VIRIDIAN_CITY,16,32,path,True,
VIRIDIAN_CITY,17,32,path,True,
VIRIDIAN_CITY,16,33,path,True,
VIRIDIAN_CITY,17,33,path,True,
VIRIDIAN_CITY,18,32,path,True,
VIRIDIAN_CITY,19,32,wall,False,
VIRIDIAN_CITY,18,33,path,True,
VIRIDIAN_CITY,19,33,wall,False,
VIRIDIAN_CITY,20,32,path,True,
VIRIDIAN_CITY,21,32,path,True,
VIRIDIAN_CITY,20,33,path,True,
VIRIDIAN_CITY,21,33,path,True,
VIRIDIAN_CITY,22,32,wall,False,
VIRIDIAN_CITY,23,32,path,True,
VIRIDIAN_CITY,22,33,wall,False,
VIRIDIAN_CITY,23,33,path,True,
VIRIDIAN_CITY,24,32,path,True,
VIRIDIAN_CITY,25,32,path,True,
VIRIDIAN_CITY,24,33,path,True,
VIRIDIAN_CITY,25,33,path,True,
VIRIDIAN_CITY,26,32,path,True,
VIRIDIAN_CITY,27,32,path,True,
VIRIDIAN_CITY,26,33,path,True,
VIRIDIAN_CITY,27,33,path,True,
VIRIDIAN_CITY,28,32,wall,False,
VIRIDIAN_CITY,29,32,path,True,
VIRIDIAN_CITY,28,33,wall,False,
VIRIDIAN_CITY,29,33,path,True,
VIRIDIAN_CITY,30,32,path,True,
VIRIDIAN_CITY,31,32,path,True,
VIRIDIAN_CITY,30,33,path,True,
VIRIDIAN_CITY,31,33,path,True,
VIRIDIAN_CITY,32,32,path,True,
VIRIDIAN_CITY,33,32,path,True,
VIRIDIAN_CITY,32,33,path,True,
VIRIDIAN_CITY,33,33,path,True,
VIRIDIAN_CITY,34,32,path,True,
VIRIDIAN_CITY,35,32,path,True,
VIRIDIAN_CITY,34,33,path,True,
VIRIDIAN_CITY,35,33,path,True,
VIRIDIAN_CITY,36,32,path,True,
VIRIDIAN_CITY,37,32,path,True,
VIRIDIAN_CITY,36,33,path,True,
VIRIDIAN_CITY,37,33,path,True,
VIRIDIAN_CITY,38,32,path,True,
VIRIDIAN_CITY,39,32,path,True,
VIRIDIAN_CITY,38,33,path,True,
VIRIDIAN_CITY,39,33,path,True,
VIRIDIAN_CITY,0,34,path,True,
VIRIDIAN_CITY,1,34,path,True,
VIRIDIAN_CITY,0,35,path,True,
VIRIDIAN_CITY,1,35,path,True,
VIRIDIAN_CITY,2,34,path,True,
VIRIDIAN_CITY,3,34,path,True,
VIRIDIAN_CITY,2,35,path,True,
VIRIDIAN_CITY,3,35,path,True,
VIRIDIAN_CITY,4,34,path,True,
VIRIDIAN_CITY,5,34,path,True,
VIRIDIAN_CITY,4,35,path,True,
VIRIDIAN_CITY,5,35,path,True,
VIRIDIAN_CITY,6,34,path,True,
VIRIDIAN_CITY,7,34,path,True,
VIRIDIAN_CITY,6,35,path,True,
VIRIDIAN_CITY,7,35,path,True,
VIRIDIAN_CITY,8,34,path,True,
VIRIDIAN_CITY,9,34,path,True,
VIRIDIAN_CITY,8,35,path,True,
VIRIDIAN_CITY,9,35,path,True,
VIRIDIAN_CITY,10,34,path,True,
VIRIDIAN_CITY,11,34,path,True,
VIRIDIAN_CITY,10,35,path,True,
VIRIDIAN_CITY,11,35,path,True,
VIRIDIAN_CITY,12,34,path,True,
VIRIDIAN_CITY,13,34,wall,False,
VIRIDIAN_CITY,12,35,path,True,
VIRIDIAN_CITY,13,35,wall,False,
VIRIDIAN_CITY,14,34,path,True,
VIRIDIAN_CITY,15,34,path,True,
VIRIDIAN_CITY,14,35,path,True,
VIRIDIAN_CITY,15,35,path,True,
VIRIDIAN_CITY,16,34,path,True,
VIRIDIAN_CITY,17,34,path,True,
VIRIDIAN_CITY,16,35,path,True,
VIRIDIAN_CITY,17,35,path,True,
VIRIDIAN_CITY,18,34,path,True,
VIRIDIAN_CITY,19,34,wall,False,
VIRIDIAN_CITY,18,35,path,True,
VIRIDIAN_CITY,19,35,wall,False,
VIRIDIAN_CITY,20,34,path,True,
VIRIDIAN_CITY,21,34,path,True,
VIRIDIAN_CITY,20,35,path,True,
VIRIDIAN_CITY,21,35,path,True,
VIRIDIAN_CITY,22,34,wall,False,
VIRIDIAN_CITY,23,34,path,True,
VIRIDIAN_CITY,22,35,wall,False,
VIRIDIAN_CITY,23,35,path,True,
VIRIDIAN_CITY,24,34,path,True,
VIRIDIAN_CITY,25,34,path,True,
VIRIDIAN_CITY,24,35,path,True,
VIRIDIAN_CITY,25,35,path,True,
VIRIDIAN_CITY,26,34,path,True,
VIRIDIAN_CITY,27,34,path,True,
VIRIDIAN_CITY,26,35,path,True,
VIRIDIAN_CITY,27,35,path,True,
VIRIDIAN_CITY,28,34,wall,False,
VIRIDIAN_CITY,29,34,path,True,
VIRIDIAN_CITY,28,35,wall,False,
VIRIDIAN_CITY,29,35,path,True,
VIRIDIAN_CITY,30,34,path,True,
VIRIDIAN_CITY,31,34,path,True,
VIRIDIAN_CITY,30,35,path,True,
VIRIDIAN_CITY,31,35,path,True,
VIRIDIAN_CITY,32,34,path,True,
VIRIDIAN_CITY,33,34,path,True,
VIRIDIAN_CITY,32,35,path,True,
VIRIDIAN_CITY,33,35,path,True,
VIRIDIAN_CITY,34,34,path,True,
VIRIDIAN_CITY,35,34,path,True,
VIRIDIAN_CITY,34,35,path,True,
VIRIDIAN_CITY,35,35,path,True,
VIRIDIAN_CITY,36,34,path,True,
VIRIDIAN_CITY,37,34,path,True,
VIRIDIAN_CITY,36,35,path,True,
VIRIDIAN_CITY,37,35,path,True,
VIRIDIAN_CITY,38,34,path,True,
VIRIDIAN_CITY,39,34,path,True,
VIRIDIAN_CITY,38,35,path,True,
VIRIDIAN_CITY,39,35,path,True,
PEWTER_CITY,0,0,path,True,
PEWTER_CITY,1,0,path,True,
PEWTER_CITY,0,1,path,True,
PEWTER_CITY,1,1,path,True,
PEWTER_CITY,2,0,path,True,
PEWTER_CITY,3,0,path,True,
PEWTER_CITY,2,1,path,True,
PEWTER_CITY,3,1,path,True,
PEWTER_CITY,4,0,path,True,
PEWTER_CITY,5,0,path,True,
PEWTER_CITY,4,1,wall,False,
PEWTER_CITY,5,1,wall,False,
PEWTER_CITY,6,0,path,True,
PEWTER_CITY,7,0,path,True,
PEWTER_CITY,6,1,wall,False,
PEWTER_CITY,7,1,wall,False,
PEWTER_CITY,8,0,path,True,
PEWTER_CITY,9,0,path,True,
PEWTER_CITY,8,1,wall,False,
PEWTER_CITY,9,1,wall,False,
PEWTER_CITY,10,0,path,True,
PEWTER_CITY,11,0,path,True,
PEWTER_CITY,10,1,wall,False,
PEWTER_CITY,11,1,wall,False,
PEWTER_CITY,12,0,path,True,
PEWTER_CITY,13,0,path,True,
PEWTER_CITY,12,1,wall,False,
PEWTER_CITY,13,1,wall,False,
PEWTER_CITY,14,0,path,True,
PEWTER_CITY,15,0,path,True,
PEWTER_CITY,14,1,wall,False,
PEWTER_CITY,15,1,wall,False,
PEWTER_CITY,16,0,path,True,
PEWTER_CITY,17,0,path,True,
PEWTER_CITY,16,1,wall,False,
PEWTER_CITY,17,1,wall,False,
PEWTER_CITY,18,0,path,True,
PEWTER_CITY,19,0,path,True,
PEWTER_CITY,18,1,wall,False,
PEWTER_CITY,19,1,wall,False,
PEWTER_CITY,20,0,path,True,
PEWTER_CITY,21,0,path,True,
PEWTER_CITY,20,1,wall,False,
PEWTER_CITY,21,1,wall,False,
PEWTER_CITY,22,0,path,True,
PEWTER_CITY,23,0,path,True,
PEWTER_CITY,22,1,wall,False,
PEWTER_CITY,23,1,wall,False,
PEWTER_CITY,24,0,path,True,
PEWTER_CITY,25,0,path,True,
PEWTER_CITY,24,1,wall,False,
PEWTER_CITY,25,1,wall,False,
PEWTER_CITY,26,0,path,True,
PEWTER_CITY,27,0,path,True,
PEWTER_CITY,26,1,wall,False,
PEWTER_CITY,27,1,wall,False,
PEWTER_CITY,28,0,path,True,
PEWTER_CITY,29,0,path,True,
PEWTER_CITY,28,1,wall,False,
PEWTER_CITY,29,1,wall,False,
PEWTER_CITY,30,0,path,True,
PEWTER_CITY,31,0,path,True,
PEWTER_CITY,30,1,wall,False,
PEWTER_CITY,31,1,wall,False,
PEWTER_CITY,32,0,path,True,
PEWTER_CITY,33,0,path,True,
PEWTER_CITY,32,1,wall,False,
PEWTER_CITY,33,1,wall,False,
PEWTER_CITY,34,0,path,True,
PEWTER_CITY,35,0,path,True,
PEWTER_CITY,34,1,wall,False,
PEWTER_CITY,35,1,wall,False,
PEWTER_CITY,36,0,path,True,
PEWTER_CITY,37,0,path,True,
PEWTER_CITY,36,1,wall,False,
PEWTER_CITY,37,1,wall,False,
PEWTER_CITY,38,0,path,True,
PEWTER_CITY,39,0,path,True,
PEWTER_CITY,38,1,wall,False,
PEWTER_CITY,39,1,wall,False,
PEWTER_CITY,0,2,wall,False,
PEWTER_CITY,1,2,wall,False,
PEWTER_CITY,0,3,wall,False,
PEWTER_CITY,1,3,wall,False,
PEWTER_CITY,2,2,wall,False,
PEWTER_CITY,3,2,wall,False,
PEWTER_CITY,2,3,wall,False,
PEWTER_CITY,3,3,wall,False,
PEWTER_CITY,4,2,path,True,
PEWTER_CITY,5,2,path,True,
PEWTER_CITY,4,3,path,True,
PEWTER_CITY,5,3,path,True,
PEWTER_CITY,6,2,path,True,
PEWTER_CITY,7,2,path,True,
PEWTER_CITY,6,3,path,True,
PEWTER_CITY,7,3,path,True,
PEWTER_CITY,8,2,path,True,
PEWTER_CITY,9,2,path,True,
PEWTER_CITY,8,3,path,True,
PEWTER_CITY,9,3,path,True,
PEWTER_CITY,10,2,wall,False,
PEWTER_CITY,11,2,wall,False,
PEWTER_CITY,10,3,wall,False,
PEWTER_CITY,11,3,wall,False,
PEWTER_CITY,12,2,wall,False,
PEWTER_CITY,13,2,wall,False,
PEWTER_CITY,12,3,wall,False,
PEWTER_CITY,13,3,wall,False,
PEWTER_CITY,14,2,wall,False,
PEWTER_CITY,15,2,wall,False,
PEWTER_CITY,14,3,wall,False,
PEWTER_CITY,15,3,wall,False,
PEWTER_CITY,16,2,wall,False,
PEWTER_CITY,17,2,wall,False,
PEWTER_CITY,16,3,wall,False,
PEWTER_CITY,17,3,wall,False,
PEWTER_CITY,18,2,wall,False,
PEWTER_CITY,19,2,wall,False,
PEWTER_CITY,18,3,wall,False,
PEWTER_CITY,19,3,wall,False,
PEWTER_CITY,20,2,wall,False,
PEWTER_CITY,21,2,wall,False,
PEWTER_CITY,20,3,wall,False,
PEWTER_CITY,21,3,wall,False,
PEWTER_CITY,22,2,wall,False,
PEWTER_CITY,23,2,wall,False,
PEWTER_CITY,22,3,wall,False,
PEWTER_CITY,23,3,wall,False,
PEWTER_CITY,24,2,path,True,
PEWTER_CITY,25,2,path,True,
PEWTER_CITY,24,3,wall,False,
PEWTER_CITY,25,3,wall,False,
PEWTER_CITY,26,2,path,True,
PEWTER_CITY,27,2,path,True,
PEWTER_CITY,26,3,wall,False,
PEWTER_CITY,27,3,wall,False,
PEWTER_CITY,28,2,path,True,
PEWTER_CITY,29,2,path,True,
PEWTER_CITY,28,3,path,True,
PEWTER_CITY,29,3,path,True,
PEWTER_CITY,30,2,path,True,
PEWTER_CITY,31,2,path,True,
PEWTER_CITY,30,3,path,True,
PEWTER_CITY,31,3,path,True,
PEWTER_CITY,32,2,path,True,
PEWTER_CITY,33,2,path,True,
PEWTER_CITY,32,3,path,True,
PEWTER_CITY,33,3,path,True,
PEWTER_CITY,34,2,path,True,
PEWTER_CITY,35,2,wall,False,
PEWTER_CITY,34,3,path,True,
PEWTER_CITY,35,3,wall,False,
PEWTER_CITY,36,2,wall,False,
PEWTER_CITY,37,2,wall,False,
PEWTER_CITY,36,3,wall,False,
PEWTER_CITY,37,3,wall,False,
PEWTER_CITY,38,2,wall,False,
PEWTER_CITY,39,2,wall,False,
PEWTER_CITY,38,3,wall,False,
PEWTER_CITY,39,3,wall,False,
PEWTER_CITY,0,4,wall,False,
PEWTER_CITY,1,4,wall,False,
PEWTER_CITY,0,5,wall,False,
PEWTER_CITY,1,5,wall,False,
PEWTER_CITY,2,4,wall,False,
PEWTER_CITY,3,4,wall,False,
PEWTER_CITY,2,5,wall,False,
PEWTER_CITY,3,5,wall,False,
PEWTER_CITY,4,4,path,True,
PEWTER_CITY,5,4,path,True,
PEWTER_CITY,4,5,path,True,
PEWTER_CITY,5,5,path,True,
PEWTER_CITY,6,4,path,True,
PEWTER_CITY,7,4,path,True,
PEWTER_CITY,6,5,path,True,
PEWTER_CITY,7,5,path,True,
PEWTER_CITY,8,4,path,True,
PEWTER_CITY,9,4,path,True,
PEWTER_CITY,8,5,path,True,
PEWTER_CITY,9,5,path,True,
PEWTER_CITY,10,4,wall,False,
PEWTER_CITY,11,4,wall,False,
PEWTER_CITY,10,5,wall,False,
PEWTER_CITY,11,5,wall,False,
PEWTER_CITY,12,4,wall,False,
PEWTER_CITY,13,4,wall,False,
PEWTER_CITY,12,5,wall,False,
PEWTER_CITY,13,5,wall,False,
PEWTER_CITY,14,4,wall,False,
PEWTER_CITY,15,4,wall,False,
PEWTER_CITY,14,5,wall,False,
PEWTER_CITY,15,5,wall,False,
PEWTER_CITY,16,4,wall,False,
PEWTER_CITY,17,4,wall,False,
PEWTER_CITY,16,5,wall,False,
PEWTER_CITY,17,5,wall,False,
PEWTER_CITY,18,4,wall,False,
PEWTER_CITY,19,4,wall,False,
PEWTER_CITY,18,5,wall,False,
PEWTER_CITY,19,5,path,True,
PEWTER_CITY,20,4,wall,False,
PEWTER_CITY,21,4,wall,False,
PEWTER_CITY,20,5,wall,False,
PEWTER_CITY,21,5,wall,False,
PEWTER_CITY,22,4,wall,False,
PEWTER_CITY,23,4,wall,False,
PEWTER_CITY,22,5,wall,False,
PEWTER_CITY,23,5,wall,False,
PEWTER_CITY,24,4,path,True,
PEWTER_CITY,25,4,path,True,
PEWTER_CITY,24,5,path,True,
PEWTER_CITY,25,5,path,True,
PEWTER_CITY,26,4,wall,False,
PEWTER_CITY,27,4,path,True,
PEWTER_CITY,26,5,wall,False,
PEWTER_CITY,27,5,wall,False,
PEWTER_CITY,28,4,path,True,
PEWTER_CITY,29,4,path,True,
PEWTER_CITY,28,5,path,True,
PEWTER_CITY,29,5,path,True,
PEWTER_CITY,30,4,path,True,
PEWTER_CITY,31,4,path,True,
PEWTER_CITY,30,5,path,True,
PEWTER_CITY,31,5,path,True,
PEWTER_CITY,32,4,path,True,
PEWTER_CITY,33,4,path,True,
PEWTER_CITY,32,5,path,True,
PEWTER_CITY,33,5,path,True,
PEWTER_CITY,34,4,path,True,
PEWTER_CITY,35,4,wall,False,
PEWTER_CITY,34,5,path,True,
PEWTER_CITY,35,5,wall,False,
PEWTER_CITY,36,4,wall,False,
PEWTER_CITY,37,4,wall,False,
PEWTER_CITY,36,5,wall,False,
PEWTER_CITY,37,5,wall,False,
PEWTER_CITY,38,4,wall,False,
PEWTER_CITY,39,4,wall,False,
PEWTER_CITY,38,5,wall,False,
PEWTER_CITY,39,5,wall,False,
PEWTER_CITY,0,6,wall,False,
PEWTER_CITY,1,6,wall,False,
PEWTER_CITY,0,7,wall,False,
PEWTER_CITY,1,7,wall,False,
PEWTER_CITY,2,6,wall,False,
PEWTER_CITY,3,6,wall,False,
PEWTER_CITY,2,7,wall,False,
PEWTER_CITY,3,7,wall,False,
PEWTER_CITY,4,6,path,True,
PEWTER_CITY,5,6,path,True,
PEWTER_CITY,4,7,ledge,True,down
PEWTER_CITY,5,7,ledge,True,down
PEWTER_CITY,6,6,path,True,
PEWTER_CITY,7,6,path,True,
PEWTER_CITY,6,7,ledge,True,down
PEWTER_CITY,7,7,path,True,
PEWTER_CITY,8,6,path,True,
PEWTER_CITY,9,6,path,True,
PEWTER_CITY,8,7,ledge,True,down
PEWTER_CITY,9,7,ledge,True,down
PEWTER_CITY,10,6,wall,False,
PEWTER_CITY,11,6,wall,False,
PEWTER_CITY,10,7,wall,False,
PEWTER_CITY,11,7,wall,False,
PEWTER_CITY,12,6,wall,False,
PEWTER_CITY,13,6,wall,False,
PEWTER_CITY,12,7,wall,False,
PEWTER_CITY,13,7,wall,False,
PEWTER_CITY,14,6,wall,False,
PEWTER_CITY,15,6,wall,False,
PEWTER_CITY,14,7,path,True,
PEWTER_CITY,15,7,wall,False,
PEWTER_CITY,16,6,wall,False,
PEWTER_CITY,17,6,wall,False,
PEWTER_CITY,16,7,wall,False,
PEWTER_CITY,17,7,wall,False,
PEWTER_CITY,18,6,path,True,
PEWTER_CITY,19,6,path,True,
PEWTER_CITY,18,7,ledge,True,down
PEWTER_CITY,19,7,ledge,True,down
PEWTER_CITY,20,6,path,True,
PEWTER_CITY,21,6,path,True,
PEWTER_CITY,20,7,ledge,True,down
PEWTER_CITY,21,7,ledge,True,down
PEWTER_CITY,22,6,path,True,
PEWTER_CITY,23,6,path,True,
PEWTER_CITY,22,7,ledge,True,down
PEWTER_CITY,23,7,ledge,True,down
PEWTER_CITY,24,6,path,True,
PEWTER_CITY,25,6,path,True,
PEWTER_CITY,24,7,ledge,True,down
PEWTER_CITY,25,7,ledge,True,down
PEWTER_CITY,26,6,path,True,
PEWTER_CITY,27,6,wall,False,
PEWTER_CITY,26,7,ledge,True,down
PEWTER_CITY,27,7,wall,False,
PEWTER_CITY,28,6,path,True,
PEWTER_CITY,29,6,path,True,
PEWTER_CITY,28,7,ledge,True,down
PEWTER_CITY,29,7,ledge,True,down
PEWTER_CITY,30,6,path,True,
PEWTER_CITY,31,6,path,True,
PEWTER_CITY,30,7,ledge,True,down
PEWTER_CITY,31,7,path,True,
PEWTER_CITY,32,6,path,True,
PEWTER_CITY,33,6,path,True,
PEWTER_CITY,32,7,ledge,True,down
PEWTER_CITY,33,7,ledge,True,down
PEWTER_CITY,34,6,path,True,
PEWTER_CITY,35,6,wall,False,
PEWTER_CITY,34,7,ledge,True,down
PEWTER_CITY,35,7,wall,False,
PEWTER_CITY,36,6,wall,False,
PEWTER_CITY,37,6,wall,False,
PEWTER_CITY,36,7,wall,False,
PEWTER_CITY,37,7,wall,False,
PEWTER_CITY,38,6,wall,False,
PEWTER_CITY,39,6,wall,False,
PEWTER_CITY,38,7,wall,False,
PEWTER_CITY,39,7,wall,False,
PEWTER_CITY,0,8,wall,False,
PEWTER_CITY,1,8,wall,False,
PEWTER_CITY,0,9,wall,False,
PEWTER_CITY,1,9,wall,False,
PEWTER_CITY,2,8,wall,False,
PEWTER_CITY,3,8,wall,False,
PEWTER_CITY,2,9,wall,False,
PEWTER_CITY,3,9,wall,False,
PEWTER_CITY,4,8,path,True,
PEWTER_CITY,5,8,path,True,
PEWTER_CITY,4,9,path,True,
PEWTER_CITY,5,9,path,True,
PEWTER_CITY,6,8,path,True,
PEWTER_CITY,7,8,path,True,
PEWTER_CITY,6,9,path,True,
PEWTER_CITY,7,9,path,True,
PEWTER_CITY,8,8,path,True,
PEWTER_CITY,9,8,path,True,
PEWTER_CITY,8,9,path,True,
PEWTER_CITY,9,9,path,True,
PEWTER_CITY,10,8,path,True,
PEWTER_CITY,11,8,path,True,
PEWTER_CITY,10,9,path,True,
PEWTER_CITY,11,9,path,True,
PEWTER_CITY,12,8,path,True,
PEWTER_CITY,13,8,path,True,
PEWTER_CITY,12,9,path,True,
PEWTER_CITY,13,9,path,True,
PEWTER_CITY,14,8,path,True,
PEWTER_CITY,15,8,path,True,
PEWTER_CITY,14,9,path,True,
PEWTER_CITY,15,9,wall,False,
PEWTER_CITY,16,8,path,True,
PEWTER_CITY,17,8,path,True,
PEWTER_CITY,16,9,path,True,
PEWTER_CITY,17,9,path,True,
PEWTER_CITY,18,8,path,True,
PEWTER_CITY,19,8,path,True,
PEWTER_CITY,18,9,path,True,
PEWTER_CITY,19,9,path,True,
PEWTER_CITY,20,8,path,True,
PEWTER_CITY,21,8,path,True,
PEWTER_CITY,20,9,path,True,
PEWTER_CITY,21,9,path,True,
PEWTER_CITY,22,8,path,True,
PEWTER_CITY,23,8,path,True,
PEWTER_CITY,22,9,path,True,
PEWTER_CITY,23,9,path,True,
PEWTER_CITY,24,8,path,True,
PEWTER_CITY,25,8,path,True,
PEWTER_CITY,24,9,path,True,
PEWTER_CITY,25,9,path,True,
PEWTER_CITY,26,8,path,True,
PEWTER_CITY,27,8,path,True,
PEWTER_CITY,26,9,path,True,
PEWTER_CITY,27,9,path,True,
PEWTER_CITY,28,8,path,True,
PEWTER_CITY,29,8,path,True,
PEWTER_CITY,28,9,path,True,
PEWTER_CITY,29,9,path,True,
PEWTER_CITY,30,8,path,True,
PEWTER_CITY,31,8,path,True,
PEWTER_CITY,30,9,path,True,
PEWTER_CITY,31,9,path,True,
PEWTER_CITY,32,8,path,True,
PEWTER_CITY,33,8,path,True,
PEWTER_CITY,32,9,path,True,
PEWTER_CITY,33,9,path,True,
PEWTER_CITY,34,8,path,True,
PEWTER_CITY,35,8,wall,False,
PEWTER_CITY,34,9,path,True,
PEWTER_CITY,35,9,wall,False,
PEWTER_CITY,36,8,wall,False,
PEWTER_CITY,37,8,wall,False,
PEWTER_CITY,36,9,wall,False,
PEWTER_CITY,37,9,wall,False,
PEWTER_CITY,38,8,wall,False,
PEWTER_CITY,39,8,wall,False,
PEWTER_CITY,38,9,wall,False,
PEWTER_CITY,39,9,wall,False,
PEWTER_CITY,0,10,wall,False,
PEWTER_CITY,1,10,wall,False,
PEWTER_CITY,0,11,wall,False,
PEWTER_CITY,1,11,wall,False,
PEWTER_CITY,2,10,wall,False,
PEWTER_CITY,3,10,wall,False,
PEWTER_CITY,2,11,wall,False,
PEWTER_CITY,3,11,wall,False,
PEWTER_CITY,4,10,path,True,
PEWTER_CITY,5,10,path,True,
PEWTER_CITY,4,11,path,True,
PEWTER_CITY,5,11,path,True,
PEWTER_CITY,6,10,path,True,
PEWTER_CITY,7,10,path,True,
PEWTER_CITY,6,11,path,True,
PEWTER_CITY,7,11,path,True,
PEWTER_CITY,8,10,path,True,
PEWTER_CITY,9,10,path,True,
PEWTER_CITY,8,11,path,True,
PEWTER_CITY,9,11,path,True,
PEWTER_CITY,10,10,path,True,
PEWTER_CITY,11,10,path,True,
PEWTER_CITY,10,11,path,True,
PEWTER_CITY,11,11,path,True,
PEWTER_CITY,12,10,path,True,
PEWTER_CITY,13,10,path,True,
PEWTER_CITY,12,11,path,True,
PEWTER_CITY,13,11,path,True,
PEWTER_CITY,14,10,path,True,
PEWTER_CITY,15,10,path,True,
PEWTER_CITY,14,11,path,True,
PEWTER_CITY,15,11,path,True,
PEWTER_CITY,16,10,path,True,
PEWTER_CITY,17,10,path,True,
PEWTER_CITY,16,11,path,True,
PEWTER_CITY,17,11,path,True,
PEWTER_CITY,18,10,path,True,
PEWTER_CITY,19,10,path,True,
PEWTER_CITY,18,11,path,True,
PEWTER_CITY,19,11,path,True,
PEWTER_CITY,20,10,path,True,
PEWTER_CITY,21,10,path,True,
PEWTER_CITY,20,11,path,True,
PEWTER_CITY,21,11,path,True,
PEWTER_CITY,22,10,path,True,
PEWTER_CITY,23,10,path,True,
PEWTER_CITY,22,11,path,True,
PEWTER_CITY,23,11,path,True,
PEWTER_CITY,24,10,path,True,
PEWTER_CITY,25,10,path,True,
PEWTER_CITY,24,11,path,True,
PEWTER_CITY,25,11,path,True,
PEWTER_CITY,26,10,path,True,
PEWTER_CITY,27,10,path,True,
PEWTER_CITY,26,11,path,True,
PEWTER_CITY,27,11,path,True,
PEWTER_CITY,28,10,path,True,
PEWTER_CITY,29,10,path,True,
PEWTER_CITY,28,11,path,True,
PEWTER_CITY,29,11,path,True,
PEWTER_CITY,30,10,path,True,
PEWTER_CITY,31,10,path,True,
PEWTER_CITY,30,11,path,True,
PEWTER_CITY,31,11,path,True,
PEWTER_CITY,32,10,path,True,
PEWTER_CITY,33,10,path,True,
PEWTER_CITY,32,11,path,True,
PEWTER_CITY,33,11,path,True,
PEWTER_CITY,34,10,wall,False,
PEWTER_CITY,35,10,wall,False,
PEWTER_CITY,34,11,ledge,True,left
PEWTER_CITY,35,11,wall,False,
PEWTER_CITY,36,10,wall,False,
PEWTER_CITY,37,10,wall,False,
PEWTER_CITY,36,11,wall,False,
PEWTER_CITY,37,11,wall,False,
PEWTER_CITY,38,10,wall,False,
PEWTER_CITY,39,10,wall,False,
PEWTER_CITY,38,11,wall,False,
PEWTER_CITY,39,11,wall,False,
PEWTER_CITY,0,12,wall,False,
PEWTER_CITY,1,12,wall,False,
PEWTER_CITY,0,13,wall,False,
PEWTER_CITY,1,13,wall,False,
PEWTER_CITY,2,12,wall,False,
PEWTER_CITY,3,12,wall,False,
PEWTER_CITY,2,13,wall,False,
PEWTER_CITY,3,13,wall,False,
PEWTER_CITY,4,12,path,True,
PEWTER_CITY,5,12,path,True,
PEWTER_CITY,4,13,path,True,
PEWTER_CITY,5,13,path,True,
PEWTER_CITY,6,12,path,True,
PEWTER_CITY,7,12,path,True,
PEWTER_CITY,6,13,path,True,
PEWTER_CITY,7,13,path,True,
PEWTER_CITY,8,12,path,True,
PEWTER_CITY,9,12,path,True,
PEWTER_CITY,8,13,path,True,
PEWTER_CITY,9,13,path,True,
PEWTER_CITY,10,12,path,True,
PEWTER_CITY,11,12,path,True,
PEWTER_CITY,10,13,path,True,
PEWTER_CITY,11,13,path,True,
PEWTER_CITY,12,12,path,True,
PEWTER_CITY,13,12,path,True,
PEWTER_CITY,12,13,path,True,
PEWTER_CITY,13,13,path,True,
PEWTER_CITY,14,12,path,True,
PEWTER_CITY,15,12,path,True,
PEWTER_CITY,14,13,path,True,
PEWTER_CITY,15,13,path,True,
PEWTER_CITY,16,12,path,True,
PEWTER_CITY,17,12,path,True,
PEWTER_CITY,16,13,path,True,
PEWTER_CITY,17,13,path,True,
PEWTER_CITY,18,12,path,True,
PEWTER_CITY,19,12,path,True,
PEWTER_CITY,18,13,path,True,
PEWTER_CITY,19,13,path,True,
PEWTER_CITY,20,12,path,True,
PEWTER_CITY,21,12,path,True,
PEWTER_CITY,20,13,path,True,
PEWTER_CITY,21,13,path,True,
PEWTER_CITY,22,12,path,True,
PEWTER_CITY,23,12,path,True,
PEWTER_CITY,22,13,path,True,
PEWTER_CITY,23,13,path,True,
PEWTER_CITY,24,12,path,True,
PEWTER_CITY,25,12,path,True,
PEWTER_CITY,24,13,path,True,
PEWTER_CITY,25,13,path,True,
PEWTER_CITY,26,12,path,True,
PEWTER_CITY,27,12,path,True,
PEWTER_CITY,26,13,path,True,
PEWTER_CITY,27,13,path,True,
PEWTER_CITY,28,12,wall,False,
PEWTER_CITY,29,12,wall,False,
PEWTER_CITY,28,13,wall,False,
PEWTER_CITY,29,13,path,True,
PEWTER_CITY,30,12,wall,False,
PEWTER_CITY,31,12,wall,False,
PEWTER_CITY,30,13,wall,False,
PEWTER_CITY,31,13,wall,False,
PEWTER_CITY,32,12,path,True,
PEWTER_CITY,33,12,path,True,
PEWTER_CITY,32,13,path,True,
PEWTER_CITY,33,13,path,True,
PEWTER_CITY,34,12,ledge,True,left
PEWTER_CITY,35,12,wall,False,
PEWTER_CITY,34,13,ledge,True,left
PEWTER_CITY,35,13,wall,False,
PEWTER_CITY,36,12,wall,False,
PEWTER_CITY,37,12,wall,False,
PEWTER_CITY,36,13,wall,False,
PEWTER_CITY,37,13,wall,False,
PEWTER_CITY,38,12,wall,False,
PEWTER_CITY,39,12,wall,False,
PEWTER_CITY,38,13,wall,False,
PEWTER_CITY,39,13,wall,False,
PEWTER_CITY,0,14,wall,False,
PEWTER_CITY,1,14,wall,False,
PEWTER_CITY,0,15,wall,False,
PEWTER_CITY,1,15,wall,False,
PEWTER_CITY,2,14,wall,False,
PEWTER_CITY,3,14,wall,False,
PEWTER_CITY,2,15,wall,False,
PEWTER_CITY,3,15,wall,False,
PEWTER_CITY,4,14,path,True,
PEWTER_CITY,5,14,path,True,
PEWTER_CITY,4,15,path,True,
PEWTER_CITY,5,15,path,True,
PEWTER_CITY,6,14,path,True,
PEWTER_CITY,7,14,path,True,
PEWTER_CITY,6,15,path,True,
PEWTER_CITY,7,15,path,True,
PEWTER_CITY,8,14,path,True,
PEWTER_CITY,9,14,path,True,
PEWTER_CITY,8,15,path,True,
PEWTER_CITY,9,15,path,True,
PEWTER_CITY,10,14,path,True,
PEWTER_CITY,11,14,path,True,
PEWTER_CITY,10,15,path,True,
PEWTER_CITY,11,15,path,True,
PEWTER_CITY,12,14,wall,False,
PEWTER_CITY,13,14,wall,False,
PEWTER_CITY,12,15,wall,False,
PEWTER_CITY,13,15,wall,False,
PEWTER_CITY,14,14,wall,False,
PEWTER_CITY,15,14,wall,False,
PEWTER_CITY,14,15,wall,False,
PEWTER_CITY,15,15,wall,False,
PEWTER_CITY,16,14,wall,False,
PEWTER_CITY,17,14,wall,False,
PEWTER_CITY,16,15,wall,False,
PEWTER_CITY,17,15,wall,False,
PEWTER_CITY,18,14,path,True,
PEWTER_CITY,19,14,path,True,
PEWTER_CITY,18,15,path,True,
PEWTER_CITY,19,15,path,True,
PEWTER_CITY,20,14,path,True,
PEWTER_CITY,21,14,path,True,
PEWTER_CITY,20,15,path,True,
PEWTER_CITY,21,15,path,True,
PEWTER_CITY,22,14,wall,False,
PEWTER_CITY,23,14,wall,False,
PEWTER_CITY,22,15,wall,False,
PEWTER_CITY,23,15,wall,False,
PEWTER_CITY,24,14,wall,False,
PEWTER_CITY,25,14,wall,False,
PEWTER_CITY,24,15,wall,False,
PEWTER_CITY,25,15,wall,False,
PEWTER_CITY,26,14,path,True,
PEWTER_CITY,27,14,path,True,
PEWTER_CITY,26,15,path,True,
PEWTER_CITY,27,15,path,True,
PEWTER_CITY,28,14,path,True,
PEWTER_CITY,29,14,path,True,
PEWTER_CITY,28,15,path,True,
PEWTER_CITY,29,15,path,True,
PEWTER_CITY,30,14,path,True,
PEWTER_CITY,31,14,path,True,
PEWTER_CITY,30,15,path,True,
PEWTER_CITY,31,15,path,True,
PEWTER_CITY,32,14,path,True,
PEWTER_CITY,33,14,path,True,
PEWTER_CITY,32,15,path,True,
PEWTER_CITY,33,15,path,True,
PEWTER_CITY,34,14,ledge,True,left
PEWTER_CITY,35,14,wall,False,
PEWTER_CITY,34,15,ledge,True,down
PEWTER_CITY,35,15,ledge,True,down
PEWTER_CITY,36,14,wall,False,
PEWTER_CITY,37,14,wall,False,
PEWTER_CITY,36,15,ledge,True,down
PEWTER_CITY,37,15,ledge,True,down
PEWTER_CITY,38,14,wall,False,
PEWTER_CITY,39,14,wall,False,
PEWTER_CITY,38,15,ledge,True,down
PEWTER_CITY,39,15,ledge,True,down
PEWTER_CITY,0,16,wall,False,
PEWTER_CITY,1,16,wall,False,
PEWTER_CITY,0,17,wall,False,
PEWTER_CITY,1,17,wall,False,
PEWTER_CITY,2,16,wall,False,
PEWTER_CITY,3,16,wall,False,
PEWTER_CITY,2,17,wall,False,
PEWTER_CITY,3,17,wall,False,
PEWTER_CITY,4,16,path,True,
PEWTER_CITY,5,16,path,True,
PEWTER_CITY,4,17,path,True,
PEWTER_CITY,5,17,path,True,
PEWTER_CITY,6,16,path,True,
PEWTER_CITY,7,16,path,True,
PEWTER_CITY,6,17,path,True,
PEWTER_CITY,7,17,path,True,
PEWTER_CITY,8,16,path,True,
PEWTER_CITY,9,16,path,True,
PEWTER_CITY,8,17,path,True,
PEWTER_CITY,9,17,path,True,
PEWTER_CITY,10,16,path,True,
PEWTER_CITY,11,16,path,True,
PEWTER_CITY,10,17,path,True,
PEWTER_CITY,11,17,wall,False,
PEWTER_CITY,12,16,wall,False,
PEWTER_CITY,13,16,wall,False,
PEWTER_CITY,12,17,wall,False,
PEWTER_CITY,13,17,wall,False,
PEWTER_CITY,14,16,wall,False,
PEWTER_CITY,15,16,wall,False,
PEWTER_CITY,14,17,wall,False,
PEWTER_CITY,15,17,wall,False,
PEWTER_CITY,16,16,wall,False,
PEWTER_CITY,17,16,wall,False,
PEWTER_CITY,16,17,path,True,
PEWTER_CITY,17,17,wall,False,
PEWTER_CITY,18,16,path,True,
PEWTER_CITY,19,16,path,True,
PEWTER_CITY,18,17,path,True,
PEWTER_CITY,19,17,path,True,
PEWTER_CITY,20,16,path,True,
PEWTER_CITY,21,16,path,True,
PEWTER_CITY,20,17,path,True,
PEWTER_CITY,21,17,path,True,
PEWTER_CITY,22,16,wall,False,
PEWTER_CITY,23,16,wall,False,
PEWTER_CITY,22,17,wall,False,
PEWTER_CITY,23,17,path,True,
PEWTER_CITY,24,16,wall,False,
PEWTER_CITY,25,16,wall,False,
PEWTER_CITY,24,17,wall,False,
PEWTER_CITY,25,17,wall,False,
PEWTER_CITY,26,16,path,True,
PEWTER_CITY,27,16,path,True,
PEWTER_CITY,26,17,path,True,
PEWTER_CITY,27,17,path,True,
PEWTER_CITY,28,16,path,True,
PEWTER_CITY,29,16,path,True,
PEWTER_CITY,28,17,path,True,
PEWTER_CITY,29,17,path,True,
PEWTER_CITY,30,16,path,True,
PEWTER_CITY,31,16,path,True,
PEWTER_CITY,30,17,path,True,
PEWTER_CITY,31,17,path,True,
PEWTER_CITY,32,16,path,True,
PEWTER_CITY,33,16,path,True,
PEWTER_CITY,32,17,path,True,
PEWTER_CITY,33,17,path,True,
PEWTER_CITY,34,16,path,True,
PEWTER_CITY,35,16,path,True,
PEWTER_CITY,34,17,path,True,
PEWTER_CITY,35,17,path,True,
PEWTER_CITY,36,16,path,True,
PEWTER_CITY,37,16,path,True,
PEWTER_CITY,36,17,path,True,
PEWTER_CITY,37,17,path,True,
PEWTER_CITY,38,16,path,True,
PEWTER_CITY,39,16,path,True,
PEWTER_CITY,38,17,path,True,
PEWTER_CITY,39,17,path,True,
PEWTER_CITY,0,18,wall,False,
PEWTER_CITY,1,18,wall,False,
PEWTER_CITY,0,19,wall,False,
PEWTER_CITY,1,19,wall,False,
PEWTER_CITY,2,18,wall,False,
PEWTER_CITY,3,18,wall,False,
PEWTER_CITY,2,19,wall,False,
PEWTER_CITY,3,19,wall,False,
PEWTER_CITY,4,18,path,True,
PEWTER_CITY,5,18,path,True,
PEWTER_CITY,4,19,path,True,
PEWTER_CITY,5,19,path,True,
PEWTER_CITY,6,18,path,True,
PEWTER_CITY,7,18,path,True,
PEWTER_CITY,6,19,path,True,
PEWTER_CITY,7,19,path,True,
PEWTER_CITY,8,18,path,True,
PEWTER_CITY,9,18,path,True,
PEWTER_CITY,8,19,path,True,
PEWTER_CITY,9,19,path,True,
PEWTER_CITY,10,18,path,True,
PEWTER_CITY,11,18,path,True,
PEWTER_CITY,10,19,path,True,
PEWTER_CITY,11,19,path,True,
PEWTER_CITY,12,18,path,True,
PEWTER_CITY,13,18,path,True,
PEWTER_CITY,12,19,path,True,
PEWTER_CITY,13,19,path,True,
PEWTER_CITY,14,18,path,True,
PEWTER_CITY,15,18,path,True,
PEWTER_CITY,14,19,path,True,
PEWTER_CITY,15,19,path,True,
PEWTER_CITY,16,18,path,True,
PEWTER_CITY,17,18,path,True,
PEWTER_CITY,16,19,path,True,
PEWTER_CITY,17,19,path,True,
PEWTER_CITY,18,18,wall,False,
PEWTER_CITY,19,18,path,True,
PEWTER_CITY,18,19,wall,False,
PEWTER_CITY,19,19,path,True,
PEWTER_CITY,20,18,path,True,
PEWTER_CITY,21,18,path,True,
PEWTER_CITY,20,19,path,True,
PEWTER_CITY,21,19,path,True,
PEWTER_CITY,22,18,path,True,
PEWTER_CITY,23,18,path,True,
PEWTER_CITY,22,19,path,True,
PEWTER_CITY,23,19,path,True,
PEWTER_CITY,24,18,path,True,
PEWTER_CITY,25,18,path,True,
PEWTER_CITY,24,19,path,True,
PEWTER_CITY,25,19,path,True,
PEWTER_CITY,26,18,path,True,
PEWTER_CITY,27,18,path,True,
PEWTER_CITY,26,19,path,True,
PEWTER_CITY,27,19,path,True,
PEWTER_CITY,28,18,path,True,
PEWTER_CITY,29,18,path,True,
PEWTER_CITY,28,19,path,True,
PEWTER_CITY,29,19,path,True,
PEWTER_CITY,30,18,path,True,
PEWTER_CITY,31,18,path,True,
PEWTER_CITY,30,19,path,True,
PEWTER_CITY,31,19,path,True,
PEWTER_CITY,32,18,path,True,
PEWTER_CITY,33,18,path,True,
PEWTER_CITY,32,19,path,True,
PEWTER_CITY,33,19,wall,False,
PEWTER_CITY,34,18,path,True,
PEWTER_CITY,35,18,path,True,
PEWTER_CITY,34,19,path,True,
PEWTER_CITY,35,19,path,True,
PEWTER_CITY,36,18,path,True,
PEWTER_CITY,37,18,path,True,
PEWTER_CITY,36,19,path,True,
PEWTER_CITY,37,19,path,True,
PEWTER_CITY,38,18,path,True,
PEWTER_CITY,39,18,path,True,
PEWTER_CITY,38,19,path,True,
PEWTER_CITY,39,19,path,True,
PEWTER_CITY,0,20,wall,False,
PEWTER_CITY,1,20,wall,False,
PEWTER_CITY,0,21,wall,False,
PEWTER_CITY,1,21,wall,False,
PEWTER_CITY,2,20,wall,False,
PEWTER_CITY,3,20,wall,False,
PEWTER_CITY,2,21,wall,False,
PEWTER_CITY,3,21,wall,False,
PEWTER_CITY,4,20,path,True,
PEWTER_CITY,5,20,path,True,
PEWTER_CITY,4,21,wall,False,
PEWTER_CITY,5,21,wall,False,
PEWTER_CITY,6,20,path,True,
PEWTER_CITY,7,20,path,True,
PEWTER_CITY,6,21,wall,False,
PEWTER_CITY,7,21,wall,False,
PEWTER_CITY,8,20,path,True,
PEWTER_CITY,9,20,path,True,
PEWTER_CITY,8,21,wall,False,
PEWTER_CITY,9,21,wall,False,
PEWTER_CITY,10,20,path,True,
PEWTER_CITY,11,20,path,True,
PEWTER_CITY,10,21,wall,False,
PEWTER_CITY,11,21,wall,False,
PEWTER_CITY,12,20,path,True,
PEWTER_CITY,13,20,path,True,
PEWTER_CITY,12,21,wall,False,
PEWTER_CITY,13,21,wall,False,
PEWTER_CITY,14,20,path,True,
PEWTER_CITY,15,20,path,True,
PEWTER_CITY,14,21,wall,False,
PEWTER_CITY,15,21,wall,False,
PEWTER_CITY,16,20,path,True,
PEWTER_CITY,17,20,path,True,
PEWTER_CITY,16,21,wall,False,
PEWTER_CITY,17,21,wall,False,
PEWTER_CITY,18,20,wall,False,
PEWTER_CITY,19,20,path,True,
PEWTER_CITY,18,21,wall,False,
PEWTER_CITY,19,21,path,True,
PEWTER_CITY,20,20,path,True,
PEWTER_CITY,21,20,path,True,
PEWTER_CITY,20,21,path,True,
PEWTER_CITY,21,21,path,True,
PEWTER_CITY,22,20,path,True,
PEWTER_CITY,23,20,path,True,
PEWTER_CITY,22,21,path,True,
PEWTER_CITY,23,21,path,True,
PEWTER_CITY,24,20,path,True,
PEWTER_CITY,25,20,path,True,
PEWTER_CITY,24,21,path,True,
PEWTER_CITY,25,21,path,True,
PEWTER_CITY,26,20,path,True,
PEWTER_CITY,27,20,path,True,
PEWTER_CITY,26,21,path,True,
PEWTER_CITY,27,21,path,True,
PEWTER_CITY,28,20,path,True,
PEWTER_CITY,29,20,path,True,
PEWTER_CITY,28,21,path,True,
PEWTER_CITY,29,21,path,True,
PEWTER_CITY,30,20,path,True,
PEWTER_CITY,31,20,path,True,
PEWTER_CITY,30,21,path,True,
PEWTER_CITY,31,21,path,True,
PEWTER_CITY,32,20,path,True,
PEWTER_CITY,33,20,path,True,
PEWTER_CITY,32,21,path,True,
PEWTER_CITY,33,21,path,True,
PEWTER_CITY,34,20,wall,False,
PEWTER_CITY,35,20,wall,False,
PEWTER_CITY,34,21,ledge,True,left
PEWTER_CITY,35,21,wall,False,
PEWTER_CITY,36,20,wall,False,
PEWTER_CITY,37,20,wall,False,
PEWTER_CITY,36,21,wall,False,
PEWTER_CITY,37,21,wall,False,
PEWTER_CITY,38,20,wall,False,
PEWTER_CITY,39,20,wall,False,
PEWTER_CITY,38,21,wall,False,
PEWTER_CITY,39,21,wall,False,
PEWTER_CITY,0,22,wall,False,
PEWTER_CITY,1,22,wall,False,
PEWTER_CITY,0,23,wall,False,
PEWTER_CITY,1,23,wall,False,
PEWTER_CITY,2,22,wall,False,
PEWTER_CITY,3,22,wall,False,
PEWTER_CITY,2,23,wall,False,
PEWTER_CITY,3,23,wall,False,
PEWTER_CITY,4,22,path,True,
PEWTER_CITY,5,22,path,True,
PEWTER_CITY,4,23,path,True,
PEWTER_CITY,5,23,path,True,
PEWTER_CITY,6,22,path,True,
PEWTER_CITY,7,22,path,True,
PEWTER_CITY,6,23,path,True,
PEWTER_CITY,7,23,path,True,
PEWTER_CITY,8,22,path,True,
PEWTER_CITY,9,22,path,True,
PEWTER_CITY,8,23,path,True,
PEWTER_CITY,9,23,path,True,
PEWTER_CITY,10,22,path,True,
PEWTER_CITY,11,22,path,True,
PEWTER_CITY,10,23,path,True,
PEWTER_CITY,11,23,path,True,
PEWTER_CITY,12,22,wall,False,
PEWTER_CITY,13,22,wall,False,
PEWTER_CITY,12,23,wall,False,
PEWTER_CITY,13,23,wall,False,
PEWTER_CITY,14,22,wall,False,
PEWTER_CITY,15,22,wall,False,
PEWTER_CITY,14,23,wall,False,
PEWTER_CITY,15,23,wall,False,
PEWTER_CITY,16,22,path,True,
PEWTER_CITY,17,22,path,True,
PEWTER_CITY,16,23,path,True,
PEWTER_CITY,17,23,path,True,
PEWTER_CITY,18,22,path,True,
PEWTER_CITY,19,22,path,True,
PEWTER_CITY,18,23,path,True,
PEWTER_CITY,19,23,path,True,
PEWTER_CITY,20,22,path,True,
PEWTER_CITY,21,22,path,True,
PEWTER_CITY,20,23,path,True,
PEWTER_CITY,21,23,path,True,
PEWTER_CITY,22,22,path,True,
PEWTER_CITY,23,22,path,True,
PEWTER_CITY,22,23,wall,False,
PEWTER_CITY,23,23,wall,False,
PEWTER_CITY,24,22,path,True,
PEWTER_CITY,25,22,path,True,
PEWTER_CITY,24,23,wall,False,
PEWTER_CITY,25,23,wall,False,
PEWTER_CITY,26,22,path,True,
PEWTER_CITY,27,22,path,True,
PEWTER_CITY,26,23,wall,False,
PEWTER_CITY,27,23,wall,False,
PEWTER_CITY,28,22,path,True,
PEWTER_CITY,29,22,path,True,
PEWTER_CITY,28,23,wall,False,
PEWTER_CITY,29,23,wall,False,
PEWTER_CITY,30,22,path,True,
PEWTER_CITY,31,22,path,True,
PEWTER_CITY,30,23,path,True,
PEWTER_CITY,31,23,path,True,
PEWTER_CITY,32,22,path,True,
PEWTER_CITY,33,22,path,True,
PEWTER_CITY,32,23,path,True,
PEWTER_CITY,33,23,path,True,
PEWTER_CITY,34,22,ledge,True,left
PEWTER_CITY,35,22,wall,False,
PEWTER_CITY,34,23,ledge,True,left
PEWTER_CITY,35,23,wall,False,
PEWTER_CITY,36,22,wall,False,
PEWTER_CITY,37,22,wall,False,
PEWTER_CITY,36,23,wall,False,
PEWTER_CITY,37,23,wall,False,
PEWTER_CITY,38,22,wall,False,
PEWTER_CITY,39,22,wall,False,
PEWTER_CITY,38,23,wall,False,
PEWTER_CITY,39,23,wall,False,
PEWTER_CITY,0,24,wall,False,
PEWTER_CITY,1,24,wall,False,
PEWTER_CITY,0,25,wall,False,
PEWTER_CITY,1,25,wall,False,
PEWTER_CITY,2,24,wall,False,
PEWTER_CITY,3,24,wall,False,
PEWTER_CITY,2,25,wall,False,
PEWTER_CITY,3,25,wall,False,
PEWTER_CITY,4,24,path,True,
PEWTER_CITY,5,24,path,True,
PEWTER_CITY,4,25,path,True,
PEWTER_CITY,5,25,path,True,
PEWTER_CITY,6,24,path,True,
PEWTER_CITY,7,24,path,True,
PEWTER_CITY,6,25,path,True,
PEWTER_CITY,7,25,path,True,
PEWTER_CITY,8,24,path,True,
PEWTER_CITY,9,24,path,True,
PEWTER_CITY,8,25,path,True,
PEWTER_CITY,9,25,path,True,
PEWTER_CITY,10,24,path,True,
PEWTER_CITY,11,24,path,True,
PEWTER_CITY,10,25,path,True,
PEWTER_CITY,11,25,path,True,
PEWTER_CITY,12,24,wall,False,
PEWTER_CITY,13,24,wall,False,
PEWTER_CITY,12,25,wall,False,
PEWTER_CITY,13,25,path,True,
PEWTER_CITY,14,24,wall,False,
PEWTER_CITY,15,24,wall,False,
PEWTER_CITY,14,25,wall,False,
PEWTER_CITY,15,25,wall,False,
PEWTER_CITY,16,24,path,True,
PEWTER_CITY,17,24,path,True,
PEWTER_CITY,16,25,path,True,
PEWTER_CITY,17,25,path,True,
PEWTER_CITY,18,24,path,True,
PEWTER_CITY,19,24,path,True,
PEWTER_CITY,18,25,path,True,
PEWTER_CITY,19,25,path,True,
PEWTER_CITY,20,24,path,True,
PEWTER_CITY,21,24,wall,False,
PEWTER_CITY,20,25,path,True,
PEWTER_CITY,21,25,wall,False,
PEWTER_CITY,22,24,path,True,
PEWTER_CITY,23,24,path,True,
PEWTER_CITY,22,25,path,True,
PEWTER_CITY,23,25,path,True,
PEWTER_CITY,24,24,path,True,
PEWTER_CITY,25,24,path,True,
PEWTER_CITY,24,25,path,True,
PEWTER_CITY,25,25,path,True,
PEWTER_CITY,26,24,path,True,
PEWTER_CITY,27,24,path,True,
PEWTER_CITY,26,25,path,True,
PEWTER_CITY,27,25,path,True,
PEWTER_CITY,28,24,path,True,
PEWTER_CITY,29,24,path,True,
PEWTER_CITY,28,25,path,True,
PEWTER_CITY,29,25,path,True,
PEWTER_CITY,30,24,wall,False,
PEWTER_CITY,31,24,path,True,
PEWTER_CITY,30,25,wall,False,
PEWTER_CITY,31,25,path,True,
PEWTER_CITY,32,24,path,True,
PEWTER_CITY,33,24,path,True,
PEWTER_CITY,32,25,path,True,
PEWTER_CITY,33,25,path,True,
PEWTER_CITY,34,24,ledge,True,left
PEWTER_CITY,35,24,wall,False,
PEWTER_CITY,34,25,ledge,True,down
PEWTER_CITY,35,25,ledge,True,down
PEWTER_CITY,36,24,wall,False,
PEWTER_CITY,37,24,wall,False,
PEWTER_CITY,36,25,ledge,True,down
PEWTER_CITY,37,25,ledge,True,down
PEWTER_CITY,38,24,wall,False,
PEWTER_CITY,39,24,wall,False,
PEWTER_CITY,38,25,ledge,True,down
PEWTER_CITY,39,25,ledge,True,down
PEWTER_CITY,0,26,wall,False,
PEWTER_CITY,1,26,wall,False,
PEWTER_CITY,0,27,wall,False,
PEWTER_CITY,1,27,wall,False,
PEWTER_CITY,2,26,wall,False,
PEWTER_CITY,3,26,wall,False,
PEWTER_CITY,2,27,wall,False,
PEWTER_CITY,3,27,wall,False,
PEWTER_CITY,4,26,path,True,
PEWTER_CITY,5,26,path,True,
PEWTER_CITY,4,27,path,True,
PEWTER_CITY,5,27,path,True,
PEWTER_CITY,6,26,path,True,
PEWTER_CITY,7,26,path,True,
PEWTER_CITY,6,27,path,True,
PEWTER_CITY,7,27,path,True,
PEWTER_CITY,8,26,path,True,
PEWTER_CITY,9,26,path,True,
PEWTER_CITY,8,27,path,True,
PEWTER_CITY,9,27,path,True,
PEWTER_CITY,10,26,path,True,
PEWTER_CITY,11,26,path,True,
PEWTER_CITY,10,27,path,True,
PEWTER_CITY,11,27,path,True,
PEWTER_CITY,12,26,path,True,
PEWTER_CITY,13,26,path,True,
PEWTER_CITY,12,27,path,True,
PEWTER_CITY,13,27,path,True,
PEWTER_CITY,14,26,path,True,
PEWTER_CITY,15,26,path,True,
PEWTER_CITY,14,27,path,True,
PEWTER_CITY,15,27,path,True,
PEWTER_CITY,16,26,path,True,
PEWTER_CITY,17,26,path,True,
PEWTER_CITY,16,27,path,True,
PEWTER_CITY,17,27,path,True,
PEWTER_CITY,18,26,path,True,
PEWTER_CITY,19,26,path,True,
PEWTER_CITY,18,27,path,True,
PEWTER_CITY,19,27,path,True,
PEWTER_CITY,20,26,path,True,
PEWTER_CITY,21,26,wall,False,
PEWTER_CITY,20,27,path,True,
PEWTER_CITY,21,27,wall,False,
PEWTER_CITY,22,26,path,True,
PEWTER_CITY,23,26,path,True,
PEWTER_CITY,22,27,path,True,
PEWTER_CITY,23,27,path,True,
PEWTER_CITY,24,26,path,True,
PEWTER_CITY,25,26,path,True,
PEWTER_CITY,24,27,path,True,
PEWTER_CITY,25,27,path,True,
PEWTER_CITY,26,26,path,True,
PEWTER_CITY,27,26,path,True,
PEWTER_CITY,26,27,path,True,
PEWTER_CITY,27,27,path,True,
PEWTER_CITY,28,26,path,True,
PEWTER_CITY,29,26,path,True,
PEWTER_CITY,28,27,path,True,
PEWTER_CITY,29,27,path,True,
PEWTER_CITY,30,26,wall,False,
PEWTER_CITY,31,26,path,True,
PEWTER_CITY,30,27,wall,False,
PEWTER_CITY,31,27,path,True,
PEWTER_CITY,32,26,path,True,
PEWTER_CITY,33,26,path,True,
PEWTER_CITY,32,27,path,True,
PEWTER_CITY,33,27,path,True,
PEWTER_CITY,34,26,path,True,
PEWTER_CITY,35,26,wall,False,
PEWTER_CITY,34,27,path,True,
PEWTER_CITY,35,27,wall,False,
PEWTER_CITY,36,26,path,True,
PEWTER_CITY,37,26,path,True,
PEWTER_CITY,36,27,path,True,
PEWTER_CITY,37,27,path,True,
PEWTER_CITY,38,26,path,True,
PEWTER_CITY,39,26,path,True,
PEWTER_CITY,38,27,path,True,
PEWTER_CITY,39,27,path,True,
PEWTER_CITY,0,28,wall,False,
PEWTER_CITY,1,28,wall,False,
PEWTER_CITY,0,29,wall,False,
PEWTER_CITY,1,29,wall,False,
PEWTER_CITY,2,28,wall,False,
PEWTER_CITY,3,28,wall,False,
PEWTER_CITY,2,29,ledge,True,down
PEWTER_CITY,3,29,ledge,True,down
PEWTER_CITY,4,28,path,True,
PEWTER_CITY,5,28,path,True,
PEWTER_CITY,4,29,path,True,
PEWTER_CITY,5,29,path,True,
PEWTER_CITY,6,28,wall,False,
PEWTER_CITY,7,28,wall,False,
PEWTER_CITY,6,29,wall,False,
PEWTER_CITY,7,29,path,True,
PEWTER_CITY,8,28,wall,False,
PEWTER_CITY,9,28,wall,False,
PEWTER_CITY,8,29,wall,False,
PEWTER_CITY,9,29,wall,False,
PEWTER_CITY,10,28,path,True,
PEWTER_CITY,11,28,path,True,
PEWTER_CITY,10,29,path,True,
PEWTER_CITY,11,29,path,True,
PEWTER_CITY,12,28,path,True,
PEWTER_CITY,13,28,path,True,
PEWTER_CITY,12,29,path,True,
PEWTER_CITY,13,29,path,True,
PEWTER_CITY,14,28,path,True,
PEWTER_CITY,15,28,path,True,
PEWTER_CITY,14,29,path,True,
PEWTER_CITY,15,29,path,True,
PEWTER_CITY,16,28,path,True,
PEWTER_CITY,17,28,path,True,
PEWTER_CITY,16,29,path,True,
PEWTER_CITY,17,29,path,True,
PEWTER_CITY,18,28,path,True,
PEWTER_CITY,19,28,path,True,
PEWTER_CITY,18,29,path,True,
PEWTER_CITY,19,29,wall,False,
PEWTER_CITY,20,28,path,True,
PEWTER_CITY,21,28,wall,False,
PEWTER_CITY,20,29,path,True,
PEWTER_CITY,21,29,wall,False,
PEWTER_CITY,22,28,path,True,
PEWTER_CITY,23,28,path,True,
PEWTER_CITY,22,29,ledge,True,down
PEWTER_CITY,23,29,ledge,True,down
PEWTER_CITY,24,28,path,True,
PEWTER_CITY,25,28,path,True,
PEWTER_CITY,24,29,ledge,True,down
PEWTER_CITY,25,29,path,True,
PEWTER_CITY,26,28,path,True,
PEWTER_CITY,27,28,path,True,
PEWTER_CITY,26,29,ledge,True,down
PEWTER_CITY,27,29,ledge,True,down
PEWTER_CITY,28,28,path,True,
PEWTER_CITY,29,28,path,True,
PEWTER_CITY,28,29,ledge,True,down
PEWTER_CITY,29,29,ledge,True,down
PEWTER_CITY,30,28,wall,False,
PEWTER_CITY,31,28,path,True,
PEWTER_CITY,30,29,wall,False,
PEWTER_CITY,31,29,path,True,
PEWTER_CITY,32,28,path,True,
PEWTER_CITY,33,28,path,True,
PEWTER_CITY,32,29,path,True,
PEWTER_CITY,33,29,path,True,
PEWTER_CITY,34,28,path,True,
PEWTER_CITY,35,28,wall,False,
PEWTER_CITY,34,29,path,True,
PEWTER_CITY,35,29,wall,False,
PEWTER_CITY,36,28,path,True,
PEWTER_CITY,37,28,path,True,
PEWTER_CITY,36,29,path,True,
PEWTER_CITY,37,29,path,True,
PEWTER_CITY,38,28,path,True,
PEWTER_CITY,39,28,path,True,
PEWTER_CITY,38,29,path,True,
PEWTER_CITY,39,29,path,True,
PEWTER_CITY,0,30,wall,False,
PEWTER_CITY,1,30,wall,False,
PEWTER_CITY,0,31,wall,False,
PEWTER_CITY,1,31,wall,False,
PEWTER_CITY,2,30,wall,False,
PEWTER_CITY,3,30,wall,False,
PEWTER_CITY,2,31,wall,False,
PEWTER_CITY,3,31,wall,False,
PEWTER_CITY,4,30,path,True,
PEWTER_CITY,5,30,path,True,
PEWTER_CITY,4,31,path,True,
PEWTER_CITY,5,31,path,True,
PEWTER_CITY,6,30,path,True,
PEWTER_CITY,7,30,path,True,
PEWTER_CITY,6,31,path,True,
PEWTER_CITY,7,31,path,True,
PEWTER_CITY,8,30,path,True,
PEWTER_CITY,9,30,path,True,
PEWTER_CITY,8,31,path,True,
PEWTER_CITY,9,31,path,True,
PEWTER_CITY,10,30,path,True,
PEWTER_CITY,11,30,path,True,
PEWTER_CITY,10,31,path,True,
PEWTER_CITY,11,31,path,True,
PEWTER_CITY,12,30,path,True,
PEWTER_CITY,13,30,path,True,
PEWTER_CITY,12,31,path,True,
PEWTER_CITY,13,31,path,True,
PEWTER_CITY,14,30,path,True,
PEWTER_CITY,15,30,path,True,
PEWTER_CITY,14,31,path,True,
PEWTER_CITY,15,31,path,True,
PEWTER_CITY,16,30,path,True,
PEWTER_CITY,17,30,path,True,
PEWTER_CITY,16,31,path,True,
PEWTER_CITY,17,31,path,True,
PEWTER_CITY,18,30,path,True,
PEWTER_CITY,19,30,path,True,
PEWTER_CITY,18,31,path,True,
PEWTER_CITY,19,31,path,True,
PEWTER_CITY,20,30,path,True,
PEWTER_CITY,21,30,path,True,
PEWTER_CITY,20,31,path,True,
PEWTER_CITY,21,31,path,True,
PEWTER_CITY,22,30,path,True,
PEWTER_CITY,23,30,path,True,
PEWTER_CITY,22,31,path,True,
PEWTER_CITY,23,31,path,True,
PEWTER_CITY,24,30,path,True,
PEWTER_CITY,25,30,path,True,
PEWTER_CITY,24,31,path,True,
PEWTER_CITY,25,31,path,True,
PEWTER_CITY,26,30,path,True,
PEWTER_CITY,27,30,path,True,
PEWTER_CITY,26,31,path,True,
PEWTER_CITY,27,31,path,True,
PEWTER_CITY,28,30,path,True,
PEWTER_CITY,29,30,path,True,
PEWTER_CITY,28,31,path,True,
PEWTER_CITY,29,31,path,True,
PEWTER_CITY,30,30,path,True,
PEWTER_CITY,31,30,path,True,
PEWTER_CITY,30,31,path,True,
PEWTER_CITY,31,31,path,True,
PEWTER_CITY,32,30,path,True,
PEWTER_CITY,33,30,path,True,
PEWTER_CITY,32,31,path,True,
PEWTER_CITY,33,31,path,True,
PEWTER_CITY,34,30,path,True,
PEWTER_CITY,35,30,wall,False,
PEWTER_CITY,34,31,path,True,
PEWTER_CITY,35,31,wall,False,
PEWTER_CITY,36,30,path,True,
PEWTER_CITY,37,30,path,True,
PEWTER_CITY,36,31,path,True,
PEWTER_CITY,37,31,path,True,
PEWTER_CITY,38,30,path,True,
PEWTER_CITY,39,30,path,True,
PEWTER_CITY,38,31,path,True,
PEWTER_CITY,39,31,path,True,
PEWTER_CITY,0,32,wall,False,
PEWTER_CITY,1,32,wall,False,
PEWTER_CITY,0,33,ledge,True,down
PEWTER_CITY,1,33,ledge,True,down
PEWTER_CITY,2,32,wall,False,
PEWTER_CITY,3,32,wall,False,
PEWTER_CITY,2,33,path,True,
PEWTER_CITY,3,33,path,True,
PEWTER_CITY,4,32,wall,False,
PEWTER_CITY,5,32,wall,False,
PEWTER_CITY,4,33,path,True,
PEWTER_CITY,5,33,path,True,
PEWTER_CITY,6,32,wall,False,
PEWTER_CITY,7,32,wall,False,
PEWTER_CITY,6,33,path,True,
PEWTER_CITY,7,33,path,True,
PEWTER_CITY,8,32,wall,False,
PEWTER_CITY,9,32,wall,False,
PEWTER_CITY,8,33,path,True,
PEWTER_CITY,9,33,path,True,
PEWTER_CITY,10,32,wall,False,
PEWTER_CITY,11,32,wall,False,
PEWTER_CITY,10,33,path,True,
PEWTER_CITY,11,33,path,True,
PEWTER_CITY,12,32,wall,False,
PEWTER_CITY,13,32,wall,False,
PEWTER_CITY,12,33,wall,False,
PEWTER_CITY,13,33,wall,False,
PEWTER_CITY,14,32,wall,False,
PEWTER_CITY,15,32,wall,False,
PEWTER_CITY,14,33,wall,False,
PEWTER_CITY,15,33,wall,False,
PEWTER_CITY,16,32,wall,False,
PEWTER_CITY,17,32,wall,False,
PEWTER_CITY,16,33,wall,False,
PEWTER_CITY,17,33,wall,False,
PEWTER_CITY,18,32,path,True,
PEWTER_CITY,19,32,path,True,
PEWTER_CITY,18,33,path,True,
PEWTER_CITY,19,33,path,True,
PEWTER_CITY,20,32,wall,False,
PEWTER_CITY,21,32,wall,False,
PEWTER_CITY,20,33,wall,False,
PEWTER_CITY,21,33,wall,False,
PEWTER_CITY,22,32,wall,False,
PEWTER_CITY,23,32,wall,False,
PEWTER_CITY,22,33,wall,False,
PEWTER_CITY,23,33,wall,False,
PEWTER_CITY,24,32,wall,False,
PEWTER_CITY,25,32,wall,False,
PEWTER_CITY,24,33,wall,False,
PEWTER_CITY,25,33,wall,False,
PEWTER_CITY,26,32,wall,False,
PEWTER_CITY,27,32,wall,False,
PEWTER_CITY,26,33,path,True,
PEWTER_CITY,27,33,path,True,
PEWTER_CITY,28,32,wall,False,
PEWTER_CITY,29,32,wall,False,
PEWTER_CITY,28,33,path,True,
PEWTER_CITY,29,33,path,True,
PEWTER_CITY,30,32,wall,False,
PEWTER_CITY,31,32,wall,False,
PEWTER_CITY,30,33,path,True,
PEWTER_CITY,31,33,path,True,
PEWTER_CITY,32,32,wall,False,
PEWTER_CITY,33,32,wall,False,
PEWTER_CITY,32,33,path,True,
PEWTER_CITY,33,33,path,True,
PEWTER_CITY,34,32,wall,False,
PEWTER_CITY,35,32,wall,False,
PEWTER_CITY,34,33,path,True,
PEWTER_CITY,35,33,path,True,
PEWTER_CITY,36,32,path,True,
PEWTER_CITY,37,32,path,True,
PEWTER_CITY,36,33,path,True,
PEWTER_CITY,37,33,path,True,
PEWTER_CITY,38,32,path,True,
PEWTER_CITY,39,32,path,True,
PEWTER_CITY,38,33,path,True,
PEWTER_CITY,39,33,path,True,
PEWTER_CITY,0,34,path,True,
PEWTER_CITY,1,34,path,True,
PEWTER_CITY,0,35,path,True,
PEWTER_CITY,1,35,path,True,
PEWTER_CITY,2,34,path,True,
PEWTER_CITY,3,34,path,True,
PEWTER_CITY,2,35,path,True,
PEWTER_CITY,3,35,path,True,
PEWTER_CITY,4,34,path,True,
PEWTER_CITY,5,34,path,True,
PEWTER_CITY,4,35,path,True,
PEWTER_CITY,5,35,path,True,
PEWTER_CITY,6,34,path,True,
PEWTER_CITY,7,34,path,True,
PEWTER_CITY,6,35,path,True,
PEWTER_CITY,7,35,path,True,
PEWTER_CITY,8,34,path,True,
PEWTER_CITY,9,34,path,True,
PEWTER_CITY,8,35,path,True,
PEWTER_CITY,9,35,path,True,
PEWTER_CITY,10,34,path,True,
PEWTER_CITY,11,34,path,True,
PEWTER_CITY,10,35,path,True,
PEWTER_CITY,11,35,path,True,
PEWTER_CITY,12,34,wall,False,
PEWTER_CITY,13,34,wall,False,
PEWTER_CITY,12,35,wall,False,
PEWTER_CITY,13,35,wall,False,
PEWTER_CITY,14,34,wall,False,
PEWTER_CITY,15,34,wall,False,
PEWTER_CITY,14,35,wall,False,
PEWTER_CITY,15,35,wall,False,
PEWTER_CITY,16,34,wall,False,
PEWTER_CITY,17,34,wall,False,
PEWTER_CITY,16,35,wall,False,
PEWTER_CITY,17,35,wall,False,
PEWTER_CITY,18,34,path,True,
PEWTER_CITY,19,34,path,True,
PEWTER_CITY,18,35,path,True,
PEWTER_CITY,19,35,path,True,
PEWTER_CITY,20,34,wall,False,
PEWTER_CITY,21,34,wall,False,
PEWTER_CITY,20,35,wall,False,
PEWTER_CITY,21,35,wall,False,
PEWTER_CITY,22,34,wall,False,
PEWTER_CITY,23,34,wall,False,
PEWTER_CITY,22,35,wall,False,
PEWTER_CITY,23,35,wall,False,
PEWTER_CITY,24,34,wall,False,
PEWTER_CITY,25,34,wall,False,
PEWTER_CITY,24,35,wall,False,
PEWTER_CITY,25,35,wall,False,
PEWTER_CITY,26,34,path,True,
PEWTER_CITY,27,34,path,True,
PEWTER_CITY,26,35,path,True,
PEWTER_CITY,27,35,path,True,
PEWTER_CITY,28,34,path,True,
PEWTER_CITY,29,34,path,True,
PEWTER_CITY,28,35,path,True,
PEWTER_CITY,29,35,path,True,
PEWTER_CITY,30,34,path,True,
PEWTER_CITY,31,34,path,True,
PEWTER_CITY,30,35,path,True,
PEWTER_CITY,31,35,path,True,
PEWTER_CITY,32,34,path,True,
PEWTER_CITY,33,34,path,True,
PEWTER_CITY,32,35,path,True,
PEWTER_CITY,33,35,path,True,
PEWTER_CITY,34,34,path,True,
PEWTER_CITY,35,34,path,True,
PEWTER_CITY,34,35,path,True,
PEWTER_CITY,35,35,path,True,
PEWTER_CITY,36,34,path,True,
PEWTER_CITY,37,34,path,True,
PEWTER_CITY,36,35,path,True,
PEWTER_CITY,37,35,path,True,
PEWTER_CITY,38,34,path,True,
PEWTER_CITY,39,34,path,True,
PEWTER_CITY,38,35,path,True,
PEWTER_CITY,39,35,path,True,
ROUTE_1,0,0,path,True,
ROUTE_1,1,0,path,True,
ROUTE_1,0,1,path,True,
ROUTE_1,1,1,path,True,
ROUTE_1,2,0,path,True,
ROUTE_1,3,0,wall,False,
ROUTE_1,2,1,path,True,
ROUTE_1,3,1,wall,False,
ROUTE_1,4,0,path,True,
ROUTE_1,5,0,path,True,
ROUTE_1,4,1,wall,False,
ROUTE_1,5,1,wall,False,
ROUTE_1,6,0,path,True,
ROUTE_1,7,0,path,True,
ROUTE_1,6,1,wall,False,
ROUTE_1,7,1,wall,False,
ROUTE_1,8,0,path,True,
ROUTE_1,9,0,wall,False,
ROUTE_1,8,1,wall,False,
ROUTE_1,9,1,wall,False,
ROUTE_1,10,0,path,True,
ROUTE_1,11,0,path,True,
ROUTE_1,10,1,path,True,
ROUTE_1,11,1,path,True,
ROUTE_1,12,0,wall,False,
ROUTE_1,13,0,path,True,
ROUTE_1,12,1,wall,False,
ROUTE_1,13,1,wall,False,
ROUTE_1,14,0,path,True,
ROUTE_1,15,0,path,True,
ROUTE_1,14,1,wall,False,
ROUTE_1,15,1,wall,False,
ROUTE_1,16,0,path,True,
ROUTE_1,17,0,path,True,
ROUTE_1,16,1,wall,False,
ROUTE_1,17,1,wall,False,
ROUTE_1,18,0,wall,False,
ROUTE_1,19,0,path,True,
ROUTE_1,18,1,wall,False,
ROUTE_1,19,1,path,True,
ROUTE_1,0,2,path,True,
ROUTE_1,1,2,path,True,
ROUTE_1,0,3,path,True,
ROUTE_1,1,3,path,True,
ROUTE_1,2,2,path,True,
ROUTE_1,3,2,wall,False,
ROUTE_1,2,3,path,True,
ROUTE_1,3,3,wall,False,
ROUTE_1,4,2,path,True,
ROUTE_1,5,2,path,True,
ROUTE_1,4,3,path,True,
ROUTE_1,5,3,path,True,
ROUTE_1,6,2,path,True,
ROUTE_1,7,2,path,True,
ROUTE_1,6,3,path,True,
ROUTE_1,7,3,path,True,
ROUTE_1,8,2,path,True,
ROUTE_1,9,2,path,True,
ROUTE_1,8,3,path,True,
ROUTE_1,9,3,path,True,
ROUTE_1,10,2,path,True,
ROUTE_1,11,2,path,True,
ROUTE_1,10,3,path,True,
ROUTE_1,11,3,path,True,
ROUTE_1,12,2,path,True,
ROUTE_1,13,2,path,True,
ROUTE_1,12,3,path,True,
ROUTE_1,13,3,path,True,
ROUTE_1,14,2,path,True,
ROUTE_1,15,2,path,True,
ROUTE_1,14,3,path,True,
ROUTE_1,15,3,path,True,
ROUTE_1,16,2,path,True,
ROUTE_1,17,2,path,True,
ROUTE_1,16,3,path,True,
ROUTE_1,17,3,path,True,
ROUTE_1,18,2,wall,False,
ROUTE_1,19,2,path,True,
ROUTE_1,18,3,wall,False,
ROUTE_1,19,3,path,True,
ROUTE_1,0,4,path,True,
ROUTE_1,1,4,path,True,
ROUTE_1,0,5,path,True,
ROUTE_1,1,5,path,True,
ROUTE_1,2,4,path,True,
ROUTE_1,3,4,wall,False,
ROUTE_1,2,5,path,True,
ROUTE_1,3,5,wall,False,
ROUTE_1,4,4,path,True,
ROUTE_1,5,4,path,True,
ROUTE_1,4,5,ledge,True,down
ROUTE_1,5,5,ledge,True,down
ROUTE_1,6,4,path,True,
ROUTE_1,7,4,path,True,
ROUTE_1,6,5,ledge,True,down
ROUTE_1,7,5,ledge,True,down
ROUTE_1,8,4,path,True,
ROUTE_1,9,4,wall,False,
ROUTE_1,8,5,ledge,True,down
ROUTE_1,9,5,wall,False,
ROUTE_1,10,4,path,True,
ROUTE_1,11,4,path,True,
ROUTE_1,10,5,ledge,True,down
ROUTE_1,11,5,ledge,True,down
ROUTE_1,12,4,path,True,
ROUTE_1,13,4,path,True,
ROUTE_1,12,5,ledge,True,down
ROUTE_1,13,5,ledge,True,down
ROUTE_1,14,4,path,True,
ROUTE_1,15,4,path,True,
ROUTE_1,14,5,path,True,
ROUTE_1,15,5,path,True,
ROUTE_1,16,4,path,True,
ROUTE_1,17,4,path,True,
ROUTE_1,16,5,path,True,
ROUTE_1,17,5,path,True,
ROUTE_1,18,4,wall,False,
ROUTE_1,19,4,path,True,
ROUTE_1,18,5,wall,False,
ROUTE_1,19,5,path,True,
ROUTE_1,0,6,path,True,
ROUTE_1,1,6,path,True,
ROUTE_1,0,7,path,True,
ROUTE_1,1,7,path,True,
ROUTE_1,2,6,path,True,
ROUTE_1,3,6,wall,False,
ROUTE_1,2,7,path,True,
ROUTE_1,3,7,wall,False,
ROUTE_1,4,6,path,True,
ROUTE_1,5,6,path,True,
ROUTE_1,4,7,path,True,
ROUTE_1,5,7,path,True,
ROUTE_1,6,6,path,True,
ROUTE_1,7,6,path,True,
ROUTE_1,6,7,path,True,
ROUTE_1,7,7,path,True,
ROUTE_1,8,6,path,True,
ROUTE_1,9,6,wall,False,
ROUTE_1,8,7,path,True,
ROUTE_1,9,7,wall,False,
ROUTE_1,10,6,grass,True,
ROUTE_1,11,6,grass,True,
ROUTE_1,10,7,grass,True,
ROUTE_1,11,7,grass,True,
ROUTE_1,12,6,grass,True,
ROUTE_1,13,6,grass,True,
ROUTE_1,12,7,grass,True,
ROUTE_1,13,7,grass,True,
ROUTE_1,14,6,grass,True,
ROUTE_1,15,6,grass,True,
ROUTE_1,14,7,grass,True,
ROUTE_1,15,7,grass,True,
ROUTE_1,16,6,grass,True,
ROUTE_1,17,6,grass,True,
ROUTE_1,16,7,grass,True,
ROUTE_1,17,7,grass,True,
ROUTE_1,18,6,wall,False,
ROUTE_1,19,6,path,True,
ROUTE_1,18,7,wall,False,
ROUTE_1,19,7,path,True,
ROUTE_1,0,8,path,True,
ROUTE_1,1,8,path,True,
ROUTE_1,0,9,path,True,
ROUTE_1,1,9,path,True,
ROUTE_1,2,8,path,True,
ROUTE_1,3,8,wall,False,
ROUTE_1,2,9,path,True,
ROUTE_1,3,9,wall,False,
ROUTE_1,4,8,path,True,
ROUTE_1,5,8,path,True,
ROUTE_1,4,9,ledge,True,down
ROUTE_1,5,9,ledge,True,down
ROUTE_1,6,8,path,True,
ROUTE_1,7,8,path,True,
ROUTE_1,6,9,ledge,True,down
ROUTE_1,7,9,ledge,True,down
ROUTE_1,8,8,path,True,
ROUTE_1,9,8,wall,False,
ROUTE_1,8,9,ledge,True,down
ROUTE_1,9,9,wall,False,
ROUTE_1,10,8,grass,True,
ROUTE_1,11,8,grass,True,
ROUTE_1,10,9,grass,True,
ROUTE_1,11,9,grass,True,
ROUTE_1,12,8,grass,True,
ROUTE_1,13,8,grass,True,
ROUTE_1,12,9,grass,True,
ROUTE_1,13,9,grass,True,
ROUTE_1,14,8,grass,True,
ROUTE_1,15,8,grass,True,
ROUTE_1,14,9,grass,True,
ROUTE_1,15,9,grass,True,
ROUTE_1,16,8,grass,True,
ROUTE_1,17,8,grass,True,
ROUTE_1,16,9,grass,True,
ROUTE_1,17,9,grass,True,
ROUTE_1,18,8,wall,False,
ROUTE_1,19,8,path,True,
ROUTE_1,18,9,wall,False,
ROUTE_1,19,9,path,True,
ROUTE_1,0,10,path,True,
ROUTE_1,1,10,path,True,
ROUTE_1,0,11,path,True,
ROUTE_1,1,11,path,True,
ROUTE_1,2,10,path,True,
ROUTE_1,3,10,wall,False,
ROUTE_1,2,11,path,True,
ROUTE_1,3,11,wall,False,
ROUTE_1,4,10,path,True,
ROUTE_1,5,10,path,True,
ROUTE_1,4,11,path,True,
ROUTE_1,5,11,path,True,
ROUTE_1,6,10,path,True,
ROUTE_1,7,10,path,True,
ROUTE_1,6,11,path,True,
ROUTE_1,7,11,path,True,
ROUTE_1,8,10,path,True,
ROUTE_1,9,10,path,True,
ROUTE_1,8,11,path,True,
ROUTE_1,9,11,path,True,
ROUTE_1,10,10,path,True,
ROUTE_1,11,10,path,True,
ROUTE_1,10,11,path,True,
ROUTE_1,11,11,path,True,
ROUTE_1,12,10,path,True,
ROUTE_1,13,10,path,True,
ROUTE_1,12,11,path,True,
ROUTE_1,13,11,path,True,
ROUTE_1,14,10,path,True,
ROUTE_1,15,10,path,True,
ROUTE_1,14,11,path,True,
ROUTE_1,15,11,path,True,
ROUTE_1,16,10,path,True,
ROUTE_1,17,10,path,True,
ROUTE_1,16,11,path,True,
ROUTE_1,17,11,path,True,
ROUTE_1,18,10,wall,False,
ROUTE_1,19,10,path,True,
ROUTE_1,18,11,wall,False,
ROUTE_1,19,11,path,True,
ROUTE_1,0,12,path,True,
ROUTE_1,1,12,path,True,
ROUTE_1,0,13,path,True,
ROUTE_1,1,13,path,True,
ROUTE_1,2,12,path,True,
ROUTE_1,3,12,wall,False,
ROUTE_1,2,13,path,True,
ROUTE_1,3,13,wall,False,
ROUTE_1,4,12,path,True,
ROUTE_1,5,12,path,True,
ROUTE_1,4,13,wall,False,
ROUTE_1,5,13,wall,False,
ROUTE_1,6,12,path,True,
ROUTE_1,7,12,path,True,
ROUTE_1,6,13,ledge,True,down
ROUTE_1,7,13,ledge,True,down
ROUTE_1,8,12,path,True,
ROUTE_1,9,12,path,True,
ROUTE_1,8,13,ledge,True,down
ROUTE_1,9,13,ledge,True,down
ROUTE_1,10,12,path,True,
ROUTE_1,11,12,path,True,
ROUTE_1,10,13,wall,False,
ROUTE_1,11,13,wall,False,
ROUTE_1,12,12,path,True,
ROUTE_1,13,12,path,True,
ROUTE_1,12,13,wall,False,
ROUTE_1,13,13,wall,False,
ROUTE_1,14,12,grass,True,
ROUTE_1,15,12,grass,True,
ROUTE_1,14,13,grass,True,
ROUTE_1,15,13,grass,True,
ROUTE_1,16,12,grass,True,
ROUTE_1,17,12,grass,True,
ROUTE_1,16,13,grass,True,
ROUTE_1,17,13,grass,True,
ROUTE_1,18,12,wall,False,
ROUTE_1,19,12,path,True,
ROUTE_1,18,13,wall,False,
ROUTE_1,19,13,path,True,
ROUTE_1,0,14,path,True,
ROUTE_1,1,14,path,True,
ROUTE_1,0,15,path,True,
ROUTE_1,1,15,path,True,
ROUTE_1,2,14,path,True,
ROUTE_1,3,14,wall,False,
ROUTE_1,2,15,path,True,
ROUTE_1,3,15,wall,False,
ROUTE_1,4,14,path,True,
ROUTE_1,5,14,path,True,
ROUTE_1,4,15,path,True,
ROUTE_1,5,15,path,True,
ROUTE_1,6,14,path,True,
ROUTE_1,7,14,path,True,
ROUTE_1,6,15,path,True,
ROUTE_1,7,15,path,True,
ROUTE_1,8,14,path,True,
ROUTE_1,9,14,path,True,
ROUTE_1,8,15,path,True,
ROUTE_1,9,15,path,True,
ROUTE_1,10,14,path,True,
ROUTE_1,11,14,path,True,
ROUTE_1,10,15,path,True,
ROUTE_1,11,15,path,True,
ROUTE_1,12,14,path,True,
ROUTE_1,13,14,path,True,
ROUTE_1,12,15,path,True,
ROUTE_1,13,15,path,True,
ROUTE_1,14,14,grass,True,
ROUTE_1,15,14,grass,True,
ROUTE_1,14,15,grass,True,
ROUTE_1,15,15,grass,True,
ROUTE_1,16,14,grass,True,
ROUTE_1,17,14,grass,True,
ROUTE_1,16,15,grass,True,
ROUTE_1,17,15,grass,True,
ROUTE_1,18,14,wall,False,
ROUTE_1,19,14,path,True,
ROUTE_1,18,15,wall,False,
ROUTE_1,19,15,path,True,
ROUTE_1,0,16,path,True,
ROUTE_1,1,16,path,True,
ROUTE_1,0,17,path,True,
ROUTE_1,1,17,path,True,
ROUTE_1,2,16,path,True,
ROUTE_1,3,16,wall,False,
ROUTE_1,2,17,path,True,
ROUTE_1,3,17,wall,False,
ROUTE_1,4,16,path,True,
ROUTE_1,5,16,path,True,
ROUTE_1,4,17,path,True,
ROUTE_1,5,17,path,True,
ROUTE_1,6,16,path,True,
ROUTE_1,7,16,path,True,
ROUTE_1,6,17,path,True,
ROUTE_1,7,17,path,True,
ROUTE_1,8,16,path,True,
ROUTE_1,9,16,path,True,
ROUTE_1,8,17,path,True,
ROUTE_1,9,17,path,True,
ROUTE_1,10,16,path,True,
ROUTE_1,11,16,path,True,
ROUTE_1,10,17,path,True,
ROUTE_1,11,17,path,True,
ROUTE_1,12,16,path,True,
ROUTE_1,13,16,path,True,
ROUTE_1,12,17,path,True,
ROUTE_1,13,17,path,True,
ROUTE_1,14,16,path,True,
ROUTE_1,15,16,path,True,
ROUTE_1,14,17,path,True,
ROUTE_1,15,17,path,True,
ROUTE_1,16,16,path,True,
ROUTE_1,17,16,path,True,
ROUTE_1,16,17,path,True,
ROUTE_1,17,17,path,True,
ROUTE_1,18,16,wall,False,
ROUTE_1,19,16,path,True,
ROUTE_1,18,17,wall,False,
ROUTE_1,19,17,path,True,
ROUTE_1,0,18,path,True,
ROUTE_1,1,18,path,True,
ROUTE_1,0,19,path,True,
ROUTE_1,1,19,path,True,
ROUTE_1,2,18,path,True,
ROUTE_1,3,18,wall,False,
ROUTE_1,2,19,path,True,
ROUTE_1,3,19,wall,False,
ROUTE_1,4,18,path,True,
ROUTE_1,5,18,path,True,
ROUTE_1,4,19,ledge,True,down
ROUTE_1,5,19,path,True,
ROUTE_1,6,18,path,True,
ROUTE_1,7,18,path,True,
ROUTE_1,6,19,ledge,True,down
ROUTE_1,7,19,ledge,True,down
ROUTE_1,8,18,path,True,
ROUTE_1,9,18,path,True,
ROUTE_1,8,19,ledge,True,down
ROUTE_1,9,19,path,True,
ROUTE_1,10,18,path,True,
ROUTE_1,11,18,path,True,
ROUTE_1,10,19,ledge,True,down
ROUTE_1,11,19,ledge,True,down
ROUTE_1,12,18,path,True,
ROUTE_1,13,18,path,True,
ROUTE_1,12,19,ledge,True,down
ROUTE_1,13,19,ledge,True,down
ROUTE_1,14,18,path,True,
ROUTE_1,15,18,path,True,
ROUTE_1,14,19,ledge,True,down
ROUTE_1,15,19,ledge,True,down
ROUTE_1,16,18,path,True,
ROUTE_1,17,18,path,True,
ROUTE_1,16,19,ledge,True,down
ROUTE_1,17,19,ledge,True,down
ROUTE_1,18,18,wall,False,
ROUTE_1,19,18,path,True,
ROUTE_1,18,19,wall,False,
ROUTE_1,19,19,path,True,
ROUTE_1,0,20,path,True,
ROUTE_1,1,20,path,True,
ROUTE_1,0,21,path,True,
ROUTE_1,1,21,path,True,
ROUTE_1,2,20,path,True,
ROUTE_1,3,20,wall,False,
ROUTE_1,2,21,path,True,
ROUTE_1,3,21,wall,False,
ROUTE_1,4,20,path,True,
ROUTE_1,5,20,path,True,
ROUTE_1,4,21,path,True,
ROUTE_1,5,21,path,True,
ROUTE_1,6,20,path,True,
ROUTE_1,7,20,path,True,
ROUTE_1,6,21,path,True,
ROUTE_1,7,21,path,True,
ROUTE_1,8,20,path,True,
ROUTE_1,9,20,path,True,
ROUTE_1,8,21,path,True,
ROUTE_1,9,21,path,True,
ROUTE_1,10,20,path,True,
ROUTE_1,11,20,path,True,
ROUTE_1,10,21,path,True,
ROUTE_1,11,21,path,True,
ROUTE_1,12,20,path,True,
ROUTE_1,13,20,path,True,
ROUTE_1,12,21,path,True,
ROUTE_1,13,21,path,True,
ROUTE_1,14,20,path,True,
ROUTE_1,15,20,path,True,
ROUTE_1,14,21,path,True,
ROUTE_1,15,21,path,True,
ROUTE_1,16,20,path,True,
ROUTE_1,17,20,path,True,
ROUTE_1,16,21,path,True,
ROUTE_1,17,21,path,True,
ROUTE_1,18,20,wall,False,
ROUTE_1,19,20,path,True,
ROUTE_1,18,21,wall,False,
ROUTE_1,19,21,path,True,
ROUTE_1,0,22,path,True,
ROUTE_1,1,22,path,True,
ROUTE_1,0,23,path,True,
ROUTE_1,1,23,path,True,
ROUTE_1,2,22,path,True,
ROUTE_1,3,22,wall,False,
ROUTE_1,2,23,path,True,
ROUTE_1,3,23,wall,False,
ROUTE_1,4,22,path,True,
ROUTE_1,5,22,path,True,
ROUTE_1,4,23,wall,False,
ROUTE_1,5,23,wall,False,
ROUTE_1,6,22,path,True,
ROUTE_1,7,22,path,True,
ROUTE_1,6,23,wall,False,
ROUTE_1,7,23,wall,False,
ROUTE_1,8,22,path,True,
ROUTE_1,9,22,path,True,
ROUTE_1,8,23,wall,False,
ROUTE_1,9,23,wall,False,
ROUTE_1,10,22,path,True,
ROUTE_1,11,22,path,True,
ROUTE_1,10,23,wall,False,
ROUTE_1,11,23,wall,False,
ROUTE_1,12,22,grass,True,
ROUTE_1,13,22,grass,True,
ROUTE_1,12,23,grass,True,
ROUTE_1,13,23,grass,True,
ROUTE_1,14,22,grass,True,
ROUTE_1,15,22,grass,True,
ROUTE_1,14,23,grass,True,
ROUTE_1,15,23,grass,True,
ROUTE_1,16,22,path,True,
ROUTE_1,17,22,path,True,
ROUTE_1,16,23,ledge,True,down
ROUTE_1,17,23,ledge,True,down
ROUTE_1,18,22,wall,False,
ROUTE_1,19,22,path,True,
ROUTE_1,18,23,wall,False,
ROUTE_1,19,23,path,True,
ROUTE_1,0,24,path,True,
ROUTE_1,1,24,path,True,
ROUTE_1,0,25,path,True,
ROUTE_1,1,25,path,True,
ROUTE_1,2,24,path,True,
ROUTE_1,3,24,wall,False,
ROUTE_1,2,25,path,True,
ROUTE_1,3,25,wall,False,
ROUTE_1,4,24,path,True,
ROUTE_1,5,24,path,True,
ROUTE_1,4,25,path,True,
ROUTE_1,5,25,path,True,
ROUTE_1,6,24,path,True,
ROUTE_1,7,24,path,True,
ROUTE_1,6,25,path,True,
ROUTE_1,7,25,path,True,
ROUTE_1,8,24,path,True,
ROUTE_1,9,24,path,True,
ROUTE_1,8,25,path,True,
ROUTE_1,9,25,path,True,
ROUTE_1,10,24,path,True,
ROUTE_1,11,24,path,True,
ROUTE_1,10,25,path,True,
ROUTE_1,11,25,path,True,
ROUTE_1,12,24,grass,True,
ROUTE_1,13,24,grass,True,
ROUTE_1,12,25,grass,True,
ROUTE_1,13,25,grass,True,
ROUTE_1,14,24,grass,True,
ROUTE_1,15,24,grass,True,
ROUTE_1,14,25,grass,True,
ROUTE_1,15,25,grass,True,
ROUTE_1,16,24,path,True,
ROUTE_1,17,24,path,True,
ROUTE_1,16,25,path,True,
ROUTE_1,17,25,path,True,
ROUTE_1,18,24,wall,False,
ROUTE_1,19,24,path,True,
ROUTE_1,18,25,wall,False,
ROUTE_1,19,25,path,True,
ROUTE_1,0,26,path,True,
ROUTE_1,1,26,path,True,
ROUTE_1,0,27,path,True,
ROUTE_1,1,27,path,True,
ROUTE_1,2,26,path,True,
ROUTE_1,3,26,wall,False,
ROUTE_1,2,27,path,True,
ROUTE_1,3,27,wall,False,
ROUTE_1,4,26,path,True,
ROUTE_1,5,26,path,True,
ROUTE_1,4,27,ledge,True,down
ROUTE_1,5,27,ledge,True,down
ROUTE_1,6,26,path,True,
ROUTE_1,7,26,path,True,
ROUTE_1,6,27,path,True,
ROUTE_1,7,27,path,True,
ROUTE_1,8,26,path,True,
ROUTE_1,9,26,path,True,
ROUTE_1,8,27,path,True,
ROUTE_1,9,27,wall,False,
ROUTE_1,10,26,path,True,
ROUTE_1,11,26,path,True,
ROUTE_1,10,27,ledge,True,down
ROUTE_1,11,27,ledge,True,down
ROUTE_1,12,26,path,True,
ROUTE_1,13,26,path,True,
ROUTE_1,12,27,ledge,True,down
ROUTE_1,13,27,ledge,True,down
ROUTE_1,14,26,path,True,
ROUTE_1,15,26,path,True,
ROUTE_1,14,27,ledge,True,down
ROUTE_1,15,27,ledge,True,down
ROUTE_1,16,26,path,True,
ROUTE_1,17,26,path,True,
ROUTE_1,16,27,ledge,True,down
ROUTE_1,17,27,ledge,True,down
ROUTE_1,18,26,wall,False,
ROUTE_1,19,26,path,True,
ROUTE_1,18,27,wall,False,
ROUTE_1,19,27,path,True,
ROUTE_1,0,28,path,True,
ROUTE_1,1,28,path,True,
ROUTE_1,0,29,path,True,
ROUTE_1,1,29,path,True,
ROUTE_1,2,28,path,True,
ROUTE_1,3,28,wall,False,
ROUTE_1,2,29,path,True,
ROUTE_1,3,29,wall,False,
ROUTE_1,4,28,path,True,
ROUTE_1,5,28,path,True,
ROUTE_1,4,29,path,True,
ROUTE_1,5,29,path,True,
ROUTE_1,6,28,grass,True,
ROUTE_1,7,28,grass,True,
ROUTE_1,6,29,grass,True,
ROUTE_1,7,29,grass,True,
ROUTE_1,8,28,grass,True,
ROUTE_1,9,28,grass,True,
ROUTE_1,8,29,grass,True,
ROUTE_1,9,29,grass,True,
ROUTE_1,10,28,path,True,
ROUTE_1,11,28,path,True,
ROUTE_1,10,29,path,True,
ROUTE_1,11,29,path,True,
ROUTE_1,12,28,path,True,
ROUTE_1,13,28,path,True,
ROUTE_1,12,29,path,True,
ROUTE_1,13,29,path,True,
ROUTE_1,14,28,grass,True,
ROUTE_1,15,28,grass,True,
ROUTE_1,14,29,grass,True,
ROUTE_1,15,29,grass,True,
ROUTE_1,16,28,grass,True,
ROUTE_1,17,28,grass,True,
ROUTE_1,16,29,grass,True,
ROUTE_1,17,29,grass,True,
ROUTE_1,18,28,wall,False,
ROUTE_1,19,28,path,True,
ROUTE_1,18,29,wall,False,
ROUTE_1,19,29,path,True,
ROUTE_1,0,30,path,True,
ROUTE_1,1,30,path,True,
ROUTE_1,0,31,path,True,
ROUTE_1,1,31,path,True,
ROUTE_1,2,30,path,True,
ROUTE_1,3,30,wall,False,
ROUTE_1,2,31,path,True,
ROUTE_1,3,31,wall,False,
ROUTE_1,4,30,grass,True,
ROUTE_1,5,30,grass,True,
ROUTE_1,4,31,grass,True,
ROUTE_1,5,31,grass,True,
ROUTE_1,6,30,grass,True,
ROUTE_1,7,30,grass,True,
ROUTE_1,6,31,grass,True,
ROUTE_1,7,31,grass,True,
ROUTE_1,8,30,path,True,
ROUTE_1,9,30,path,True,
ROUTE_1,8,31,path,True,
ROUTE_1,9,31,path,True,
ROUTE_1,10,30,path,True,
ROUTE_1,11,30,path,True,
ROUTE_1,10,31,path,True,
ROUTE_1,11,31,path,True,
ROUTE_1,12,30,grass,True,
ROUTE_1,13,30,grass,True,
ROUTE_1,12,31,grass,True,
ROUTE_1,13,31,grass,True,
ROUTE_1,14,30,grass,True,
ROUTE_1,15,30,grass,True,
ROUTE_1,14,31,grass,True,
ROUTE_1,15,31,grass,True,
ROUTE_1,16,30,path,True,
ROUTE_1,17,30,path,True,
ROUTE_1,16,31,path,True,
ROUTE_1,17,31,path,True,
ROUTE_1,18,30,wall,False,
ROUTE_1,19,30,path,True,
ROUTE_1,18,31,wall,False,
ROUTE_1,19,31,path,True,
ROUTE_1,0,32,path,True,
ROUTE_1,1,32,path,True,
ROUTE_1,0,33,path,True,
ROUTE_1,1,33,path,True,
ROUTE_1,2,32,path,True,
ROUTE_1,3,32,wall,False,
ROUTE_1,2,33,path,True,
ROUTE_1,3,33,wall,False,
ROUTE_1,4,32,wall,False,
ROUTE_1,5,32,wall,False,
ROUTE_1,4,33,path,True,
ROUTE_1,5,33,path,True,
ROUTE_1,6,32,wall,False,
ROUTE_1,7,32,wall,False,
ROUTE_1,6,33,path,True,
ROUTE_1,7,33,path,True,
ROUTE_1,8,32,wall,False,
ROUTE_1,9,32,wall,False,
ROUTE_1,8,33,path,True,
ROUTE_1,9,33,wall,False,
ROUTE_1,10,32,grass,True,
ROUTE_1,11,32,grass,True,
ROUTE_1,10,33,grass,True,
ROUTE_1,11,33,grass,True,
ROUTE_1,12,32,wall,False,
ROUTE_1,13,32,wall,False,
ROUTE_1,12,33,wall,False,
ROUTE_1,13,33,path,True,
ROUTE_1,14,32,wall,False,
ROUTE_1,15,32,wall,False,
ROUTE_1,14,33,path,True,
ROUTE_1,15,33,path,True,
ROUTE_1,16,32,wall,False,
ROUTE_1,17,32,wall,False,
ROUTE_1,16,33,path,True,
ROUTE_1,17,33,path,True,
ROUTE_1,18,32,wall,False,
ROUTE_1,19,32,path,True,
ROUTE_1,18,33,wall,False,
ROUTE_1,19,33,path,True,
ROUTE_1,0,34,path,True,
ROUTE_1,1,34,path,True,
ROUTE_1,0,35,path,True,
ROUTE_1,1,35,path,True,
ROUTE_1,2,34,path,True,
ROUTE_1,3,34,wall,False,
ROUTE_1,2,35,path,True,
ROUTE_1,3,35,wall,False,
ROUTE_1,4,34,path,True,
ROUTE_1,5,34,path,True,
ROUTE_1,4,35,path,True,
ROUTE_1,5,35,path,True,
ROUTE_1,6,34,path,True,
ROUTE_1,7,34,path,True,
ROUTE_1,6,35,path,True,
ROUTE_1,7,35,path,True,
ROUTE_1,8,34,path,True,
ROUTE_1,9,34,wall,False,
ROUTE_1,8,35,path,True,
ROUTE_1,9,35,wall,False,
ROUTE_1,10,34,grass,True,
ROUTE_1,11,34,grass,True,
ROUTE_1,10,35,grass,True,
ROUTE_1,11,35,grass,True,
ROUTE_1,12,34,wall,False,
ROUTE_1,13,34,path,True,
ROUTE_1,12,35,wall,False,
ROUTE_1,13,35,path,True,
ROUTE_1,14,34,path,True,
ROUTE_1,15,34,path,True,
ROUTE_1,14,35,path,True,
ROUTE_1,15,35,path,True,
ROUTE_1,16,34,path,True,
ROUTE_1,17,34,path,True,
ROUTE_1,16,35,path,True,
ROUTE_1,17,35,path,True,
ROUTE_1,18,34,wall,False,
ROUTE_1,19,34,path,True,
ROUTE_1,18,35,wall,False,
ROUTE_1,19,35,path,True,
ROUTE_2,0,0,wall,False,
ROUTE_2,1,0,wall,False,
ROUTE_2,0,1,wall,False,
ROUTE_2,1,1,wall,False,
ROUTE_2,2,0,wall,False,
ROUTE_2,3,0,wall,False,
ROUTE_2,2,1,wall,False,
ROUTE_2,3,1,wall,False,
ROUTE_2,4,0,wall,False,
ROUTE_2,5,0,wall,False,
ROUTE_2,4,1,wall,False,
ROUTE_2,5,1,wall,False,
ROUTE_2,6,0,wall,False,
ROUTE_2,7,0,wall,False,
ROUTE_2,6,1,wall,False,
ROUTE_2,7,1,wall,False,
ROUTE_2,8,0,path,True,
ROUTE_2,9,0,path,True,
ROUTE_2,8,1,path,True,
ROUTE_2,9,1,path,True,
ROUTE_2,10,0,wall,False,
ROUTE_2,11,0,wall,False,
ROUTE_2,10,1,wall,False,
ROUTE_2,11,1,wall,False,
ROUTE_2,12,0,wall,False,
ROUTE_2,13,0,wall,False,
ROUTE_2,12,1,wall,False,
ROUTE_2,13,1,wall,False,
ROUTE_2,14,0,wall,False,
ROUTE_2,15,0,wall,False,
ROUTE_2,14,1,wall,False,
ROUTE_2,15,1,wall,False,
ROUTE_2,16,0,wall,False,
ROUTE_2,17,0,wall,False,
ROUTE_2,16,1,wall,False,
ROUTE_2,17,1,wall,False,
ROUTE_2,18,0,wall,False,
ROUTE_2,19,0,wall,False,
ROUTE_2,18,1,wall,False,
ROUTE_2,19,1,wall,False,
ROUTE_2,0,2,grass,True,
ROUTE_2,1,2,grass,True,
ROUTE_2,0,3,grass,True,
ROUTE_2,1,3,grass,True,
ROUTE_2,2,2,grass,True,
ROUTE_2,3,2,grass,True,
ROUTE_2,2,3,grass,True,
ROUTE_2,3,3,grass,True,
ROUTE_2,4,2,grass,True,
ROUTE_2,5,2,grass,True,
ROUTE_2,4,3,grass,True,
ROUTE_2,5,3,grass,True,
ROUTE_2,6,2,grass,True,
ROUTE_2,7,2,grass,True,
ROUTE_2,6,3,grass,True,
ROUTE_2,7,3,grass,True,
ROUTE_2,8,2,path,True,
ROUTE_2,9,2,path,True,
ROUTE_2,8,3,path,True,
ROUTE_2,9,3,path,True,
ROUTE_2,10,2,wall,False,
ROUTE_2,11,2,path,True,
ROUTE_2,10,3,wall,False,
ROUTE_2,11,3,path,True,
ROUTE_2,12,2,path,True,
ROUTE_2,13,2,path,True,
ROUTE_2,12,3,path,True,
ROUTE_2,13,3,path,True,
ROUTE_2,14,2,path,True,
ROUTE_2,15,2,path,True,
ROUTE_2,14,3,path,True,
ROUTE_2,15,3,path,True,
ROUTE_2,16,2,path,True,
ROUTE_2,17,2,path,True,
ROUTE_2,16,3,path,True,
ROUTE_2,17,3,path,True,
ROUTE_2,18,2,path,True,
ROUTE_2,19,2,path,True,
ROUTE_2,18,3,path,True,
ROUTE_2,19,3,path,True,
ROUTE_2,0,4,grass,True,
ROUTE_2,1,4,grass,True,
ROUTE_2,0,5,grass,True,
ROUTE_2,1,5,grass,True,
ROUTE_2,2,4,grass,True,
ROUTE_2,3,4,grass,True,
ROUTE_2,2,5,grass,True,
ROUTE_2,3,5,grass,True,
ROUTE_2,4,4,grass,True,
ROUTE_2,5,4,grass,True,
ROUTE_2,4,5,grass,True,
ROUTE_2,5,5,grass,True,
ROUTE_2,6,4,grass,True,
ROUTE_2,7,4,grass,True,
ROUTE_2,6,5,grass,True,
ROUTE_2,7,5,grass,True,
ROUTE_2,8,4,path,True,
ROUTE_2,9,4,path,True,
ROUTE_2,8,5,path,True,
ROUTE_2,9,5,path,True,
ROUTE_2,10,4,wall,False,
ROUTE_2,11,4,path,True,
ROUTE_2,10,5,wall,False,
ROUTE_2,11,5,path,True,
ROUTE_2,12,4,path,True,
ROUTE_2,13,4,path,True,
ROUTE_2,12,5,path,True,
ROUTE_2,13,5,path,True,
ROUTE_2,14,4,path,True,
ROUTE_2,15,4,path,True,
ROUTE_2,14,5,path,True,
ROUTE_2,15,5,path,True,
ROUTE_2,16,4,path,True,
ROUTE_2,17,4,path,True,
ROUTE_2,16,5,path,True,
ROUTE_2,17,5,path,True,
ROUTE_2,18,4,path,True,
ROUTE_2,19,4,path,True,
ROUTE_2,18,5,path,True,
ROUTE_2,19,5,path,True,
ROUTE_2,0,6,grass,True,
ROUTE_2,1,6,grass,True,
ROUTE_2,0,7,grass,True,
ROUTE_2,1,7,grass,True,
ROUTE_2,2,6,grass,True,
ROUTE_2,3,6,grass,True,
ROUTE_2,2,7,grass,True,
ROUTE_2,3,7,grass,True,
ROUTE_2,4,6,grass,True,
ROUTE_2,5,6,grass,True,
ROUTE_2,4,7,grass,True,
ROUTE_2,5,7,grass,True,
ROUTE_2,6,6,grass,True,
ROUTE_2,7,6,grass,True,
ROUTE_2,6,7,grass,True,
ROUTE_2,7,7,grass,True,
ROUTE_2,8,6,path,True,
ROUTE_2,9,6,path,True,
ROUTE_2,8,7,path,True,
ROUTE_2,9,7,path,True,
ROUTE_2,10,6,wall,False,
ROUTE_2,11,6,wall,False,
ROUTE_2,10,7,ledge,True,left
ROUTE_2,11,7,wall,False,
ROUTE_2,12,6,wall,False,
ROUTE_2,13,6,wall,False,
ROUTE_2,12,7,wall,False,
ROUTE_2,13,7,wall,False,
ROUTE_2,14,6,wall,False,
ROUTE_2,15,6,wall,False,
ROUTE_2,14,7,wall,False,
ROUTE_2,15,7,wall,False,
ROUTE_2,16,6,wall,False,
ROUTE_2,17,6,wall,False,
ROUTE_2,16,7,wall,False,
ROUTE_2,17,7,wall,False,
ROUTE_2,18,6,path,True,
ROUTE_2,19,6,path,True,
ROUTE_2,18,7,path,True,
ROUTE_2,19,7,path,True,
ROUTE_2,0,8,path,True,
ROUTE_2,1,8,path,True,
ROUTE_2,0,9,path,True,
ROUTE_2,1,9,path,True,
ROUTE_2,2,8,path,True,
ROUTE_2,3,8,path,True,
ROUTE_2,2,9,path,True,
ROUTE_2,3,9,path,True,
ROUTE_2,4,8,path,True,
ROUTE_2,5,8,path,True,
ROUTE_2,4,9,path,True,
ROUTE_2,5,9,path,True,
ROUTE_2,6,8,path,True,
ROUTE_2,7,8,path,True,
ROUTE_2,6,9,path,True,
ROUTE_2,7,9,path,True,
ROUTE_2,8,8,path,True,
ROUTE_2,9,8,path,True,
ROUTE_2,8,9,path,True,
ROUTE_2,9,9,path,True,
ROUTE_2,10,8,ledge,True,left
ROUTE_2,11,8,wall,False,
ROUTE_2,10,9,ledge,True,down
ROUTE_2,11,9,ledge,True,down
ROUTE_2,12,8,wall,False,
ROUTE_2,13,8,wall,False,
ROUTE_2,12,9,path,True,
ROUTE_2,13,9,ledge,True,down
ROUTE_2,14,8,wall,False,
ROUTE_2,15,8,wall,False,
ROUTE_2,14,9,ledge,True,down
ROUTE_2,15,9,ledge,True,down
ROUTE_2,16,8,wall,False,
ROUTE_2,17,8,wall,False,
ROUTE_2,16,9,ledge,True,down
ROUTE_2,17,9,ledge,True,down
ROUTE_2,18,8,path,True,
ROUTE_2,19,8,path,True,
ROUTE_2,18,9,path,True,
ROUTE_2,19,9,path,True,
ROUTE_2,0,10,wall,False,
ROUTE_2,1,10,wall,False,
ROUTE_2,0,11,path,True,
ROUTE_2,1,11,path,True,
ROUTE_2,2,10,wall,False,
ROUTE_2,3,10,path,True,
ROUTE_2,2,11,wall,False,
ROUTE_2,3,11,path,True,
ROUTE_2,4,10,wall,False,
ROUTE_2,5,10,wall,False,
ROUTE_2,4,11,wall,False,
ROUTE_2,5,11,path,True,
ROUTE_2,6,10,wall,False,
ROUTE_2,7,10,wall,False,
ROUTE_2,6,11,path,True,
ROUTE_2,7,11,path,True,
ROUTE_2,8,10,wall,False,
ROUTE_2,9,10,wall,False,
ROUTE_2,8,11,path,True,
ROUTE_2,9,11,path,True,
ROUTE_2,10,10,path,True,
ROUTE_2,11,10,path,True,
ROUTE_2,10,11,path,True,
ROUTE_2,11,11,wall,False,
ROUTE_2,12,10,path,True,
ROUTE_2,13,10,path,True,
ROUTE_2,12,11,path,True,
ROUTE_2,13,11,path,True,
ROUTE_2,14,10,path,True,
ROUTE_2,15,10,path,True,
ROUTE_2,14,11,path,True,
ROUTE_2,15,11,path,True,
ROUTE_2,16,10,path,True,
ROUTE_2,17,10,path,True,
ROUTE_2,16,11,path,True,
ROUTE_2,17,11,path,True,
ROUTE_2,18,10,path,True,
ROUTE_2,19,10,path,True,
ROUTE_2,18,11,path,True,
ROUTE_2,19,11,path,True,
ROUTE_2,0,12,path,True,
ROUTE_2,1,12,path,True,
ROUTE_2,0,13,path,True,
ROUTE_2,1,13,path,True,
ROUTE_2,2,12,wall,False,
ROUTE_2,3,12,wall,False,
ROUTE_2,2,13,wall,False,
ROUTE_2,3,13,wall,False,
ROUTE_2,4,12,wall,False,
ROUTE_2,5,12,wall,False,
ROUTE_2,4,13,wall,False,
ROUTE_2,5,13,wall,False,
ROUTE_2,6,12,path,True,
ROUTE_2,7,12,path,True,
ROUTE_2,6,13,path,True,
ROUTE_2,7,13,path,True,
ROUTE_2,8,12,path,True,
ROUTE_2,9,12,path,True,
ROUTE_2,8,13,path,True,
ROUTE_2,9,13,path,True,
ROUTE_2,10,12,path,True,
ROUTE_2,11,12,path,True,
ROUTE_2,10,13,path,True,
ROUTE_2,11,13,path,True,
ROUTE_2,12,12,path,True,
ROUTE_2,13,12,path,True,
ROUTE_2,12,13,path,True,
ROUTE_2,13,13,path,True,
ROUTE_2,14,12,path,True,
ROUTE_2,15,12,path,True,
ROUTE_2,14,13,path,True,
ROUTE_2,15,13,path,True,
ROUTE_2,16,12,path,True,
ROUTE_2,17,12,path,True,
ROUTE_2,16,13,path,True,
ROUTE_2,17,13,path,True,
ROUTE_2,18,12,path,True,
ROUTE_2,19,12,path,True,
ROUTE_2,18,13,path,True,
ROUTE_2,19,13,path,True,
ROUTE_2,0,14,path,True,
ROUTE_2,1,14,path,True,
ROUTE_2,0,15,wall,False,
ROUTE_2,1,15,wall,False,
ROUTE_2,2,14,wall,False,
ROUTE_2,3,14,wall,False,
ROUTE_2,2,15,wall,False,
ROUTE_2,3,15,path,True,
ROUTE_2,4,14,wall,False,
ROUTE_2,5,14,wall,False,
ROUTE_2,4,15,wall,False,
ROUTE_2,5,15,wall,False,
ROUTE_2,6,14,path,True,
ROUTE_2,7,14,path,True,
ROUTE_2,6,15,wall,False,
ROUTE_2,7,15,wall,False,
ROUTE_2,8,14,path,True,
ROUTE_2,9,14,path,True,
ROUTE_2,8,15,wall,False,
ROUTE_2,9,15,wall,False,
ROUTE_2,10,14,path,True,
ROUTE_2,11,14,path,True,
ROUTE_2,10,15,wall,False,
ROUTE_2,11,15,wall,False,
ROUTE_2,12,14,path,True,
ROUTE_2,13,14,path,True,
ROUTE_2,12,15,wall,False,
ROUTE_2,13,15,wall,False,
ROUTE_2,14,14,path,True,
ROUTE_2,15,14,path,True,
ROUTE_2,14,15,path,True,
ROUTE_2,15,15,path,True,
ROUTE_2,16,14,path,True,
ROUTE_2,17,14,path,True,
ROUTE_2,16,15,path,True,
ROUTE_2,17,15,path,True,
ROUTE_2,18,14,path,True,
ROUTE_2,19,14,path,True,
ROUTE_2,18,15,path,True,
ROUTE_2,19,15,path,True,
ROUTE_2,0,16,path,True,
ROUTE_2,1,16,path,True,
ROUTE_2,0,17,path,True,
ROUTE_2,1,17,path,True,
ROUTE_2,2,16,path,True,
ROUTE_2,3,16,path,True,
ROUTE_2,2,17,path,True,
ROUTE_2,3,17,path,True,
ROUTE_2,4,16,path,True,
ROUTE_2,5,16,path,True,
ROUTE_2,4,17,path,True,
ROUTE_2,5,17,path,True,
ROUTE_2,6,16,path,True,
ROUTE_2,7,16,path,True,
ROUTE_2,6,17,path,True,
ROUTE_2,7,17,path,True,
ROUTE_2,8,16,wall,False,
ROUTE_2,9,16,wall,False,
ROUTE_2,8,17,wall,False,
ROUTE_2,9,17,wall,False,
ROUTE_2,10,16,wall,False,
ROUTE_2,11,16,wall,False,
ROUTE_2,10,17,wall,False,
ROUTE_2,11,17,wall,False,
ROUTE_2,12,16,wall,False,
ROUTE_2,13,16,wall,False,
ROUTE_2,12,17,wall,False,
ROUTE_2,13,17,wall,False,
ROUTE_2,14,16,path,True,
ROUTE_2,15,16,path,True,
ROUTE_2,14,17,path,True,
ROUTE_2,15,17,path,True,
ROUTE_2,16,16,path,True,
ROUTE_2,17,16,path,True,
ROUTE_2,16,17,path,True,
ROUTE_2,17,17,path,True,
ROUTE_2,18,16,path,True,
ROUTE_2,19,16,path,True,
ROUTE_2,18,17,path,True,
ROUTE_2,19,17,path,True,
ROUTE_2,0,18,path,True,
ROUTE_2,1,18,path,True,
ROUTE_2,0,19,ledge,True,down
ROUTE_2,1,19,ledge,True,down
ROUTE_2,2,18,path,True,
ROUTE_2,3,18,path,True,
ROUTE_2,2,19,ledge,True,down
ROUTE_2,3,19,ledge,True,down
ROUTE_2,4,18,path,True,
ROUTE_2,5,18,path,True,
ROUTE_2,4,19,ledge,True,down
ROUTE_2,5,19,ledge,True,down
ROUTE_2,6,18,path,True,
ROUTE_2,7,18,path,True,
ROUTE_2,6,19,ledge,True,down
ROUTE_2,7,19,ledge,True,down
ROUTE_2,8,18,wall,False,
ROUTE_2,9,18,wall,False,
ROUTE_2,8,19,wall,False,
ROUTE_2,9,19,wall,False,
ROUTE_2,10,18,wall,False,
ROUTE_2,11,18,wall,False,
ROUTE_2,10,19,wall,False,
ROUTE_2,11,19,wall,False,
ROUTE_2,12,18,wall,False,
ROUTE_2,13,18,wall,False,
ROUTE_2,12,19,wall,False,
ROUTE_2,13,19,wall,False,
ROUTE_2,14,18,wall,False,
ROUTE_2,15,18,wall,False,
ROUTE_2,14,19,wall,False,
ROUTE_2,15,19,path,True,
ROUTE_2,16,18,wall,False,
ROUTE_2,17,18,wall,False,
ROUTE_2,16,19,wall,False,
ROUTE_2,17,19,wall,False,
ROUTE_2,18,18,path,True,
ROUTE_2,19,18,path,True,
ROUTE_2,18,19,path,True,
ROUTE_2,19,19,path,True,
ROUTE_2,0,20,grass,True,
ROUTE_2,1,20,grass,True,
ROUTE_2,0,21,grass,True,
ROUTE_2,1,21,grass,True,
ROUTE_2,2,20,path,True,
ROUTE_2,3,20,path,True,
ROUTE_2,2,21,path,True,
ROUTE_2,3,21,path,True,
ROUTE_2,4,20,grass,True,
ROUTE_2,5,20,grass,True,
ROUTE_2,4,21,grass,True,
ROUTE_2,5,21,grass,True,
ROUTE_2,6,20,grass,True,
ROUTE_2,7,20,grass,True,
ROUTE_2,6,21,grass,True,
ROUTE_2,7,21,grass,True,
ROUTE_2,8,20,wall,False,
ROUTE_2,9,20,wall,False,
ROUTE_2,8,21,wall,False,
ROUTE_2,9,21,wall,False,
ROUTE_2,10,20,wall,False,
ROUTE_2,11,20,wall,False,
ROUTE_2,10,21,wall,False,
ROUTE_2,11,21,wall,False,
ROUTE_2,12,20,wall,False,
ROUTE_2,13,20,wall,False,
ROUTE_2,12,21,wall,False,
ROUTE_2,13,21,wall,False,
ROUTE_2,14,20,path,True,
ROUTE_2,15,20,path,True,
ROUTE_2,14,21,path,True,
ROUTE_2,15,21,path,True,
ROUTE_2,16,20,path,True,
ROUTE_2,17,20,path,True,
ROUTE_2,16,21,path,True,
ROUTE_2,17,21,path,True,
ROUTE_2,18,20,path,True,
ROUTE_2,19,20,path,True,
ROUTE_2,18,21,path,True,
ROUTE_2,19,21,path,True,
ROUTE_2,0,22,wall,False,
ROUTE_2,1,22,wall,False,
ROUTE_2,0,23,wall,False,
ROUTE_2,1,23,wall,False,
ROUTE_2,2,22,wall,False,
ROUTE_2,3,22,wall,False,
ROUTE_2,2,23,wall,False,
ROUTE_2,3,23,wall,False,
ROUTE_2,4,22,wall,False,
ROUTE_2,5,22,wall,False,
ROUTE_2,4,23,wall,False,
ROUTE_2,5,23,wall,False,
ROUTE_2,6,22,wall,False,
ROUTE_2,7,22,wall,False,
ROUTE_2,6,23,wall,False,
ROUTE_2,7,23,wall,False,
ROUTE_2,8,22,wall,False,
ROUTE_2,9,22,wall,False,
ROUTE_2,8,23,wall,False,
ROUTE_2,9,23,wall,False,
ROUTE_2,10,22,wall,False,
ROUTE_2,11,22,wall,False,
ROUTE_2,10,23,wall,False,
ROUTE_2,11,23,wall,False,
ROUTE_2,12,22,wall,False,
ROUTE_2,13,22,wall,False,
ROUTE_2,12,23,wall,False,
ROUTE_2,13,23,wall,False,
ROUTE_2,14,22,wall,False,
ROUTE_2,15,22,wall,False,
ROUTE_2,14,23,wall,False,
ROUTE_2,15,23,path,True,
ROUTE_2,16,22,wall,False,
ROUTE_2,17,22,wall,False,
ROUTE_2,16,23,path,True,
ROUTE_2,17,23,path,True,
ROUTE_2,18,22,wall,False,
ROUTE_2,19,22,wall,False,
ROUTE_2,18,23,path,True,
ROUTE_2,19,23,path,True,
ROUTE_2,0,24,wall,False,
ROUTE_2,1,24,wall,False,
ROUTE_2,0,25,wall,False,
ROUTE_2,1,25,wall,False,
ROUTE_2,2,24,wall,False,
ROUTE_2,3,24,wall,False,
ROUTE_2,2,25,wall,False,
ROUTE_2,3,25,wall,False,
ROUTE_2,4,24,wall,False,
ROUTE_2,5,24,wall,False,
ROUTE_2,4,25,wall,False,
ROUTE_2,5,25,wall,False,
ROUTE_2,6,24,wall,False,
ROUTE_2,7,24,wall,False,
ROUTE_2,6,25,wall,False,
ROUTE_2,7,25,wall,False,
ROUTE_2,8,24,wall,False,
ROUTE_2,9,24,wall,False,
ROUTE_2,8,25,wall,False,
ROUTE_2,9,25,wall,False,
ROUTE_2,10,24,wall,False,
ROUTE_2,11,24,wall,False,
ROUTE_2,10,25,wall,False,
ROUTE_2,11,25,wall,False,
ROUTE_2,12,24,wall,False,
ROUTE_2,13,24,wall,False,
ROUTE_2,12,25,wall,False,
ROUTE_2,13,25,wall,False,
ROUTE_2,14,24,path,True,
ROUTE_2,15,24,path,True,
ROUTE_2,14,25,path,True,
ROUTE_2,15,25,path,True,
ROUTE_2,16,24,path,True,
ROUTE_2,17,24,path,True,
ROUTE_2,16,25,path,True,
ROUTE_2,17,25,path,True,
ROUTE_2,18,24,path,True,
ROUTE_2,19,24,path,True,
ROUTE_2,18,25,path,True,
ROUTE_2,19,25,path,True,
ROUTE_2,0,26,wall,False,
ROUTE_2,1,26,wall,False,
ROUTE_2,0,27,wall,False,
ROUTE_2,1,27,wall,False,
ROUTE_2,2,26,wall,False,
ROUTE_2,3,26,wall,False,
ROUTE_2,2,27,wall,False,
ROUTE_2,3,27,wall,False,
ROUTE_2,4,26,wall,False,
ROUTE_2,5,26,wall,False,
ROUTE_2,4,27,wall,False,
ROUTE_2,5,27,wall,False,
ROUTE_2,6,26,wall,False,
ROUTE_2,7,26,wall,False,
ROUTE_2,6,27,wall,False,
ROUTE_2,7,27,wall,False,
ROUTE_2,8,26,wall,False,
ROUTE_2,9,26,wall,False,
ROUTE_2,8,27,wall,False,
ROUTE_2,9,27,wall,False,
ROUTE_2,10,26,wall,False,
ROUTE_2,11,26,wall,False,
ROUTE_2,10,27,wall,False,
ROUTE_2,11,27,wall,False,
ROUTE_2,12,26,wall,False,
ROUTE_2,13,26,wall,False,
ROUTE_2,12,27,wall,False,
ROUTE_2,13,27,wall,False,
ROUTE_2,14,26,path,True,
ROUTE_2,15,26,path,True,
ROUTE_2,14,27,ledge,True,down
ROUTE_2,15,27,ledge,True,down
ROUTE_2,16,26,path,True,
ROUTE_2,17,26,path,True,
ROUTE_2,16,27,ledge,True,down
ROUTE_2,17,27,path,True,
ROUTE_2,18,26,path,True,
ROUTE_2,19,26,path,True,
ROUTE_2,18,27,ledge,True,down
ROUTE_2,19,27,ledge,True,down
ROUTE_2,0,28,wall,False,
ROUTE_2,1,28,wall,False,
ROUTE_2,0,29,wall,False,
ROUTE_2,1,29,wall,False,
ROUTE_2,2,28,wall,False,
ROUTE_2,3,28,wall,False,
ROUTE_2,2,29,wall,False,
ROUTE_2,3,29,wall,False,
ROUTE_2,4,28,wall,False,
ROUTE_2,5,28,wall,False,
ROUTE_2,4,29,wall,False,
ROUTE_2,5,29,wall,False,
ROUTE_2,6,28,wall,False,
ROUTE_2,7,28,wall,False,
ROUTE_2,6,29,wall,False,
ROUTE_2,7,29,wall,False,
ROUTE_2,8,28,wall,False,
ROUTE_2,9,28,wall,False,
ROUTE_2,8,29,wall,False,
ROUTE_2,9,29,wall,False,
ROUTE_2,10,28,wall,False,
ROUTE_2,11,28,wall,False,
ROUTE_2,10,29,wall,False,
ROUTE_2,11,29,wall,False,
ROUTE_2,12,28,wall,False,
ROUTE_2,13,28,wall,False,
ROUTE_2,12,29,wall,False,
ROUTE_2,13,29,wall,False,
ROUTE_2,14,28,path,True,
ROUTE_2,15,28,path,True,
ROUTE_2,14,29,path,True,
ROUTE_2,15,29,path,True,
ROUTE_2,16,28,path,True,
ROUTE_2,17,28,path,True,
ROUTE_2,16,29,path,True,
ROUTE_2,17,29,path,True,
ROUTE_2,18,28,path,True,
ROUTE_2,19,28,path,True,
ROUTE_2,18,29,path,True,
ROUTE_2,19,29,path,True,
ROUTE_2,0,30,wall,False,
ROUTE_2,1,30,wall,False,
ROUTE_2,0,31,wall,False,
ROUTE_2,1,31,wall,False,
ROUTE_2,2,30,wall,False,
ROUTE_2,3,30,wall,False,
ROUTE_2,2,31,wall,False,
ROUTE_2,3,31,wall,False,
ROUTE_2,4,30,wall,False,
ROUTE_2,5,30,wall,False,
ROUTE_2,4,31,wall,False,
ROUTE_2,5,31,wall,False,
ROUTE_2,6,30,wall,False,
ROUTE_2,7,30,wall,False,
ROUTE_2,6,31,wall,False,
ROUTE_2,7,31,wall,False,
ROUTE_2,8,30,wall,False,
ROUTE_2,9,30,wall,False,
ROUTE_2,8,31,wall,False,
ROUTE_2,9,31,wall,False,
ROUTE_2,10,30,wall,False,
ROUTE_2,11,30,wall,False,
ROUTE_2,10,31,wall,False,
ROUTE_2,11,31,wall,False,
ROUTE_2,12,30,wall,False,
ROUTE_2,13,30,wall,False,
ROUTE_2,12,31,wall,False,
ROUTE_2,13,31,wall,False,
ROUTE_2,14,30,path,True,
ROUTE_2,15,30,path,True,
ROUTE_2,14,31,ledge,True,down
ROUTE_2,15,31,ledge,True,down
ROUTE_2,16,30,path,True,
ROUTE_2,17,30,path,True,
ROUTE_2,16,31,ledge,True,down
ROUTE_2,17,31,path,True,
ROUTE_2,18,30,path,True,
ROUTE_2,19,30,path,True,
ROUTE_2,18,31,ledge,True,down
ROUTE_2,19,31,ledge,True,down
ROUTE_2,0,32,wall,False,
ROUTE_2,1,32,wall,False,
ROUTE_2,0,33,wall,False,
ROUTE_2,1,33,wall,False,
ROUTE_2,2,32,wall,False,
ROUTE_2,3,32,wall,False,
ROUTE_2,2,33,wall,False,
ROUTE_2,3,33,wall,False,
ROUTE_2,4,32,wall,False,
ROUTE_2,5,32,wall,False,
ROUTE_2,4,33,wall,False,
ROUTE_2,5,33,wall,False,
ROUTE_2,6,32,wall,False,
ROUTE_2,7,32,wall,False,
ROUTE_2,6,33,wall,False,
ROUTE_2,7,33,wall,False,
ROUTE_2,8,32,wall,False,
ROUTE_2,9,32,wall,False,
ROUTE_2,8,33,wall,False,
ROUTE_2,9,33,wall,False,
ROUTE_2,10,32,wall,False,
ROUTE_2,11,32,wall,False,
ROUTE_2,10,33,wall,False,
ROUTE_2,11,33,wall,False,
ROUTE_2,12,32,wall,False,
ROUTE_2,13,32,wall,False,
ROUTE_2,12,33,wall,False,
ROUTE_2,13,33,wall,False,
ROUTE_2,14,32,path,True,
ROUTE_2,15,32,path,True,
ROUTE_2,14,33,path,True,
ROUTE_2,15,33,path,True,
ROUTE_2,16,32,path,True,
ROUTE_2,17,32,path,True,
ROUTE_2,16,33,path,True,
ROUTE_2,17,33,path,True,
ROUTE_2,18,32,path,True,
ROUTE_2,19,32,path,True,
ROUTE_2,18,33,path,True,
ROUTE_2,19,33,path,True,
ROUTE_2,0,34,wall,False,
ROUTE_2,1,34,wall,False,
ROUTE_2,0,35,wall,False,
ROUTE_2,1,35,wall,False,
ROUTE_2,2,34,wall,False,
ROUTE_2,3,34,wall,False,
ROUTE_2,2,35,wall,False,
ROUTE_2,3,35,wall,False,
ROUTE_2,4,34,wall,False,
ROUTE_2,5,34,wall,False,
ROUTE_2,4,35,wall,False,
ROUTE_2,5,35,wall,False,
ROUTE_2,6,34,wall,False,
ROUTE_2,7,34,wall,False,
ROUTE_2,6,35,wall,False,
ROUTE_2,7,35,wall,False,
ROUTE_2,8,34,wall,False,
ROUTE_2,9,34,wall,False,
ROUTE_2,8,35,wall,False,
ROUTE_2,9,35,wall,False,
ROUTE_2,10,34,wall,False,
ROUTE_2,11,34,wall,False,
ROUTE_2,10,35,wall,False,
ROUTE_2,11,35,wall,False,
ROUTE_2,12,34,wall,False,
ROUTE_2,13,34,wall,False,
ROUTE_2,12,35,wall,False,
ROUTE_2,13,35,wall,False,
ROUTE_2,14,34,path,True,
ROUTE_2,15,34,path,True,
ROUTE_2,14,35,wall,False,
ROUTE_2,15,35,wall,False,
ROUTE_2,16,34,path,True,
ROUTE_2,17,34,path,True,
ROUTE_2,16,35,path,True,
ROUTE_2,17,35,path,True,
ROUTE_2,18,34,path,True,
ROUTE_2,19,34,path,True,
ROUTE_2,18,35,wall,False,
ROUTE_2,19,35,wall,False,
ROUTE_2,0,36,wall,False,
ROUTE_2,1,36,wall,False,
ROUTE_2,0,37,wall,False,
ROUTE_2,1,37,wall,False,
ROUTE_2,2,36,wall,False,
ROUTE_2,3,36,wall,False,
ROUTE_2,2,37,wall,False,
ROUTE_2,3,37,wall,False,
ROUTE_2,4,36,wall,False,
ROUTE_2,5,36,wall,False,
ROUTE_2,4,37,wall,False,
ROUTE_2,5,37,wall,False,
ROUTE_2,6,36,wall,False,
ROUTE_2,7,36,wall,False,
ROUTE_2,6,37,wall,False,
ROUTE_2,7,37,wall,False,
ROUTE_2,8,36,wall,False,
ROUTE_2,9,36,wall,False,
ROUTE_2,8,37,wall,False,
ROUTE_2,9,37,wall,False,
ROUTE_2,10,36,wall,False,
ROUTE_2,11,36,wall,False,
ROUTE_2,10,37,wall,False,
ROUTE_2,11,37,wall,False,
ROUTE_2,12,36,wall,False,
ROUTE_2,13,36,wall,False,
ROUTE_2,12,37,wall,False,
ROUTE_2,13,37,wall,False,
ROUTE_2,14,36,wall,False,
ROUTE_2,15,36,wall,False,
ROUTE_2,14,37,wall,False,
ROUTE_2,15,37,wall,False,
ROUTE_2,16,36,wall,False,
ROUTE_2,17,36,wall,False,
ROUTE_2,16,37,wall,False,
ROUTE_2,17,37,wall,False,
ROUTE_2,18,36,wall,False,
ROUTE_2,19,36,wall,False,
ROUTE_2,18,37,wall,False,
ROUTE_2,19,37,wall,False,
ROUTE_2,0,38,wall,False,
ROUTE_2,1,38,wall,False,
ROUTE_2,0,39,path,True,
ROUTE_2,1,39,path,True,
ROUTE_2,2,38,wall,False,
ROUTE_2,3,38,path,True,
ROUTE_2,2,39,wall,False,
ROUTE_2,3,39,path,True,
ROUTE_2,4,38,wall,False,
ROUTE_2,5,38,wall,False,
ROUTE_2,4,39,wall,False,
ROUTE_2,5,39,path,True,
ROUTE_2,6,38,wall,False,
ROUTE_2,7,38,wall,False,
ROUTE_2,6,39,path,True,
ROUTE_2,7,39,path,True,
ROUTE_2,8,38,wall,False,
ROUTE_2,9,38,wall,False,
ROUTE_2,8,39,path,True,
ROUTE_2,9,39,path,True,
ROUTE_2,10,38,wall,False,
ROUTE_2,11,38,wall,False,
ROUTE_2,10,39,wall,False,
ROUTE_2,11,39,wall,False,
ROUTE_2,12,38,wall,False,
ROUTE_2,13,38,wall,False,
ROUTE_2,12,39,wall,False,
ROUTE_2,13,39,wall,False,
ROUTE_2,14,38,wall,False,
ROUTE_2,15,38,wall,False,
ROUTE_2,14,39,wall,False,
ROUTE_2,15,39,path,True,
ROUTE_2,16,38,wall,False,
ROUTE_2,17,38,wall,False,
ROUTE_2,16,39,wall,False,
ROUTE_2,17,39,wall,False,
ROUTE_2,18,38,wall,False,
ROUTE_2,19,38,wall,False,
ROUTE_2,18,39,wall,False,
ROUTE_2,19,39,wall,False,
ROUTE_2,0,40,path,True,
ROUTE_2,1,40,path,True,
ROUTE_2,0,41,path,True,
ROUTE_2,1,41,path,True,
ROUTE_2,2,40,wall,False,
ROUTE_2,3,40,wall,False,
ROUTE_2,2,41,wall,False,
ROUTE_2,3,41,wall,False,
ROUTE_2,4,40,wall,False,
ROUTE_2,5,40,wall,False,
ROUTE_2,4,41,wall,False,
ROUTE_2,5,41,wall,False,
ROUTE_2,6,40,path,True,
ROUTE_2,7,40,path,True,
ROUTE_2,6,41,path,True,
ROUTE_2,7,41,path,True,
ROUTE_2,8,40,path,True,
ROUTE_2,9,40,path,True,
ROUTE_2,8,41,path,True,
ROUTE_2,9,41,path,True,
ROUTE_2,10,40,wall,False,
ROUTE_2,11,40,wall,False,
ROUTE_2,10,41,wall,False,
ROUTE_2,11,41,wall,False,
ROUTE_2,12,40,wall,False,
ROUTE_2,13,40,wall,False,
ROUTE_2,12,41,wall,False,
ROUTE_2,13,41,wall,False,
ROUTE_2,14,40,path,True,
ROUTE_2,15,40,path,True,
ROUTE_2,14,41,path,True,
ROUTE_2,15,41,path,True,
ROUTE_2,16,40,path,True,
ROUTE_2,17,40,path,True,
ROUTE_2,16,41,path,True,
ROUTE_2,17,41,path,True,
ROUTE_2,18,40,path,True,
ROUTE_2,19,40,path,True,
ROUTE_2,18,41,path,True,
ROUTE_2,19,41,path,True,
ROUTE_2,0,42,path,True,
ROUTE_2,1,42,path,True,
ROUTE_2,0,43,wall,False,
ROUTE_2,1,43,wall,False,
ROUTE_2,2,42,wall,False,
ROUTE_2,3,42,wall,False,
ROUTE_2,2,43,wall,False,
ROUTE_2,3,43,path,True,
ROUTE_2,4,42,wall,False,
ROUTE_2,5,42,wall,False,
ROUTE_2,4,43,wall,False,
ROUTE_2,5,43,wall,False,
ROUTE_2,6,42,path,True,
ROUTE_2,7,42,path,True,
ROUTE_2,6,43,wall,False,
ROUTE_2,7,43,wall,False,
ROUTE_2,8,42,path,True,
ROUTE_2,9,42,path,True,
ROUTE_2,8,43,wall,False,
ROUTE_2,9,43,wall,False,
ROUTE_2,10,42,wall,False,
ROUTE_2,11,42,wall,False,
ROUTE_2,10,43,wall,False,
ROUTE_2,11,43,wall,False,
ROUTE_2,12,42,wall,False,
ROUTE_2,13,42,wall,False,
ROUTE_2,12,43,wall,False,
ROUTE_2,13,43,wall,False,
ROUTE_2,14,42,path,True,
ROUTE_2,15,42,path,True,
ROUTE_2,14,43,ledge,True,down
ROUTE_2,15,43,path,True,
ROUTE_2,16,42,path,True,
ROUTE_2,17,42,path,True,
ROUTE_2,16,43,ledge,True,down
ROUTE_2,17,43,ledge,True,down
ROUTE_2,18,42,path,True,
ROUTE_2,19,42,path,True,
ROUTE_2,18,43,ledge,True,down
ROUTE_2,19,43,ledge,True,down
ROUTE_2,0,44,path,True,
ROUTE_2,1,44,path,True,
ROUTE_2,0,45,path,True,
ROUTE_2,1,45,path,True,
ROUTE_2,2,44,path,True,
ROUTE_2,3,44,path,True,
ROUTE_2,2,45,path,True,
ROUTE_2,3,45,path,True,
ROUTE_2,4,44,path,True,
ROUTE_2,5,44,path,True,
ROUTE_2,4,45,path,True,
ROUTE_2,5,45,path,True,
ROUTE_2,6,44,path,True,
ROUTE_2,7,44,path,True,
ROUTE_2,6,45,path,True,
ROUTE_2,7,45,path,True,
ROUTE_2,8,44,path,True,
ROUTE_2,9,44,path,True,
ROUTE_2,8,45,path,True,
ROUTE_2,9,45,path,True,
ROUTE_2,10,44,path,True,
ROUTE_2,11,44,wall,False,
ROUTE_2,10,45,path,True,
ROUTE_2,11,45,wall,False,
ROUTE_2,12,44,path,True,
ROUTE_2,13,44,path,True,
ROUTE_2,12,45,path,True,
ROUTE_2,13,45,path,True,
ROUTE_2,14,44,path,True,
ROUTE_2,15,44,path,True,
ROUTE_2,14,45,path,True,
ROUTE_2,15,45,path,True,
ROUTE_2,16,44,path,True,
ROUTE_2,17,44,path,True,
ROUTE_2,16,45,path,True,
ROUTE_2,17,45,path,True,
ROUTE_2,18,44,path,True,
ROUTE_2,19,44,path,True,
ROUTE_2,18,45,path,True,
ROUTE_2,19,45,path,True,
ROUTE_2,0,46,path,True,
ROUTE_2,1,46,path,True,
ROUTE_2,0,47,ledge,True,down
ROUTE_2,1,47,ledge,True,down
ROUTE_2,2,46,path,True,
ROUTE_2,3,46,path,True,
ROUTE_2,2,47,ledge,True,down
ROUTE_2,3,47,ledge,True,down
ROUTE_2,4,46,path,True,
ROUTE_2,5,46,path,True,
ROUTE_2,4,47,ledge,True,down
ROUTE_2,5,47,ledge,True,down
ROUTE_2,6,46,path,True,
ROUTE_2,7,46,path,True,
ROUTE_2,6,47,ledge,True,down
ROUTE_2,7,47,ledge,True,down
ROUTE_2,8,46,path,True,
ROUTE_2,9,46,path,True,
ROUTE_2,8,47,path,True,
ROUTE_2,9,47,path,True,
ROUTE_2,10,46,path,True,
ROUTE_2,11,46,wall,False,
ROUTE_2,10,47,path,True,
ROUTE_2,11,47,wall,False,
ROUTE_2,12,46,path,True,
ROUTE_2,13,46,path,True,
ROUTE_2,12,47,path,True,
ROUTE_2,13,47,path,True,
ROUTE_2,14,46,path,True,
ROUTE_2,15,46,path,True,
ROUTE_2,14,47,path,True,
ROUTE_2,15,47,path,True,
ROUTE_2,16,46,path,True,
ROUTE_2,17,46,path,True,
ROUTE_2,16,47,path,True,
ROUTE_2,17,47,path,True,
ROUTE_2,18,46,path,True,
ROUTE_2,19,46,path,True,
ROUTE_2,18,47,path,True,
ROUTE_2,19,47,path,True,
ROUTE_2,0,48,path,True,
ROUTE_2,1,48,path,True,
ROUTE_2,0,49,path,True,
ROUTE_2,1,49,path,True,
ROUTE_2,2,48,path,True,
ROUTE_2,3,48,path,True,
ROUTE_2,2,49,path,True,
ROUTE_2,3,49,path,True,
ROUTE_2,4,48,grass,True,
ROUTE_2,5,48,grass,True,
ROUTE_2,4,49,grass,True,
ROUTE_2,5,49,grass,True,
ROUTE_2,6,48,grass,True,
ROUTE_2,7,48,grass,True,
ROUTE_2,6,49,grass,True,
ROUTE_2,7,49,grass,True,
ROUTE_2,8,48,grass,True,
ROUTE_2,9,48,grass,True,
ROUTE_2,8,49,grass,True,
ROUTE_2,9,49,grass,True,
ROUTE_2,10,48,path,True,
ROUTE_2,11,48,wall,False,
ROUTE_2,10,49,path,True,
ROUTE_2,11,49,wall,False,
ROUTE_2,12,48,path,True,
ROUTE_2,13,48,path,True,
ROUTE_2,12,49,ledge,True,down
ROUTE_2,13,49,ledge,True,down
ROUTE_2,14,48,path,True,
ROUTE_2,15,48,path,True,
ROUTE_2,14,49,ledge,True,down
ROUTE_2,15,49,path,True,
ROUTE_2,16,48,path,True,
ROUTE_2,17,48,path,True,
ROUTE_2,16,49,ledge,True,down
ROUTE_2,17,49,ledge,True,down
ROUTE_2,18,48,path,True,
ROUTE_2,19,48,path,True,
ROUTE_2,18,49,ledge,True,down
ROUTE_2,19,49,ledge,True,down
ROUTE_2,0,50,path,True,
ROUTE_2,1,50,path,True,
ROUTE_2,0,51,path,True,
ROUTE_2,1,51,path,True,
ROUTE_2,2,50,path,True,
ROUTE_2,3,50,path,True,
ROUTE_2,2,51,path,True,
ROUTE_2,3,51,path,True,
ROUTE_2,4,50,grass,True,
ROUTE_2,5,50,grass,True,
ROUTE_2,4,51,grass,True,
ROUTE_2,5,51,grass,True,
ROUTE_2,6,50,grass,True,
ROUTE_2,7,50,grass,True,
ROUTE_2,6,51,grass,True,
ROUTE_2,7,51,grass,True,
ROUTE_2,8,50,grass,True,
ROUTE_2,9,50,grass,True,
ROUTE_2,8,51,grass,True,
ROUTE_2,9,51,grass,True,
ROUTE_2,10,50,path,True,
ROUTE_2,11,50,wall,False,
ROUTE_2,10,51,path,True,
ROUTE_2,11,51,wall,False,
ROUTE_2,12,50,path,True,
ROUTE_2,13,50,path,True,
ROUTE_2,12,51,path,True,
ROUTE_2,13,51,path,True,
ROUTE_2,14,50,path,True,
ROUTE_2,15,50,path,True,
ROUTE_2,14,51,path,True,
ROUTE_2,15,51,path,True,
ROUTE_2,16,50,path,True,
ROUTE_2,17,50,path,True,
ROUTE_2,16,51,path,True,
ROUTE_2,17,51,path,True,
ROUTE_2,18,50,path,True,
ROUTE_2,19,50,path,True,
ROUTE_2,18,51,path,True,
ROUTE_2,19,51,path,True,
ROUTE_2,0,52,path,True,
ROUTE_2,1,52,path,True,
ROUTE_2,0,53,path,True,
ROUTE_2,1,53,path,True,
ROUTE_2,2,52,path,True,
ROUTE_2,3,52,path,True,
ROUTE_2,2,53,path,True,
ROUTE_2,3,53,path,True,
ROUTE_2,4,52,path,True,
ROUTE_2,5,52,path,True,
ROUTE_2,4,53,path,True,
ROUTE_2,5,53,path,True,
ROUTE_2,6,52,path,True,
ROUTE_2,7,52,path,True,
ROUTE_2,6,53,wall,False,
ROUTE_2,7,53,wall,False,
ROUTE_2,8,52,path,True,
ROUTE_2,9,52,path,True,
ROUTE_2,8,53,wall,False,
ROUTE_2,9,53,wall,False,
ROUTE_2,10,52,path,True,
ROUTE_2,11,52,path,True,
ROUTE_2,10,53,wall,False,
ROUTE_2,11,53,wall,False,
ROUTE_2,12,52,wall,False,
ROUTE_2,13,52,path,True,
ROUTE_2,12,53,wall,False,
ROUTE_2,13,53,wall,False,
ROUTE_2,14,52,path,True,
ROUTE_2,15,52,path,True,
ROUTE_2,14,53,path,True,
ROUTE_2,15,53,path,True,
ROUTE_2,16,52,path,True,
ROUTE_2,17,52,path,True,
ROUTE_2,16,53,path,True,
ROUTE_2,17,53,path,True,
ROUTE_2,18,52,path,True,
ROUTE_2,19,52,path,True,
ROUTE_2,18,53,path,True,
ROUTE_2,19,53,path,True,
ROUTE_2,0,54,path,True,
ROUTE_2,1,54,path,True,
ROUTE_2,0,55,path,True,
ROUTE_2,1,55,path,True,
ROUTE_2,2,54,path,True,
ROUTE_2,3,54,path,True,
ROUTE_2,2,55,path,True,
ROUTE_2,3,55,path,True,
ROUTE_2,4,54,path,True,
ROUTE_2,5,54,wall,False,
ROUTE_2,4,55,path,True,
ROUTE_2,5,55,wall,False,
ROUTE_2,6,54,wall,False,
ROUTE_2,7,54,wall,False,
ROUTE_2,6,55,wall,False,
ROUTE_2,7,55,wall,False,
ROUTE_2,8,54,wall,False,
ROUTE_2,9,54,wall,False,
ROUTE_2,8,55,wall,False,
ROUTE_2,9,55,wall,False,
ROUTE_2,10,54,wall,False,
ROUTE_2,11,54,wall,False,
ROUTE_2,10,55,wall,False,
ROUTE_2,11,55,wall,False,
ROUTE_2,12,54,wall,False,
ROUTE_2,13,54,path,True,
ROUTE_2,12,55,wall,False,
ROUTE_2,13,55,path,True,
ROUTE_2,14,54,path,True,
ROUTE_2,15,54,path,True,
ROUTE_2,14,55,path,True,
ROUTE_2,15,55,path,True,
ROUTE_2,16,54,path,True,
ROUTE_2,17,54,path,True,
ROUTE_2,16,55,path,True,
ROUTE_2,17,55,path,True,
ROUTE_2,18,54,path,True,
ROUTE_2,19,54,path,True,
ROUTE_2,18,55,path,True,
ROUTE_2,19,55,path,True,
ROUTE_2,0,56,path,True,
ROUTE_2,1,56,path,True,
ROUTE_2,0,57,path,True,
ROUTE_2,1,57,path,True,
ROUTE_2,2,56,path,True,
ROUTE_2,3,56,path,True,
ROUTE_2,2,57,path,True,
ROUTE_2,3,57,path,True,
ROUTE_2,4,56,path,True,
ROUTE_2,5,56,path,True,
ROUTE_2,4,57,path,True,
ROUTE_2,5,57,path,True,
ROUTE_2,6,56,wall,False,
ROUTE_2,7,56,wall,False,
ROUTE_2,6,57,path,True,
ROUTE_2,7,57,path,True,
ROUTE_2,8,56,wall,False,
ROUTE_2,9,56,wall,False,
ROUTE_2,8,57,path,True,
ROUTE_2,9,57,path,True,
ROUTE_2,10,56,wall,False,
ROUTE_2,11,56,wall,False,
ROUTE_2,10,57,path,True,
ROUTE_2,11,57,path,True,
ROUTE_2,12,56,wall,False,
ROUTE_2,13,56,path,True,
ROUTE_2,12,57,wall,False,
ROUTE_2,13,57,path,True,
ROUTE_2,14,56,path,True,
ROUTE_2,15,56,path,True,
ROUTE_2,14,57,path,True,
ROUTE_2,15,57,path,True,
ROUTE_2,16,56,path,True,
ROUTE_2,17,56,path,True,
ROUTE_2,16,57,path,True,
ROUTE_2,17,57,path,True,
ROUTE_2,18,56,path,True,
ROUTE_2,19,56,path,True,
ROUTE_2,18,57,path,True,
ROUTE_2,19,57,path,True,
ROUTE_2,0,58,path,True,
ROUTE_2,1,58,path,True,
ROUTE_2,0,59,path,True,
ROUTE_2,1,59,path,True,
ROUTE_2,2,58,path,True,
ROUTE_2,3,58,path,True,
ROUTE_2,2,59,path,True,
ROUTE_2,3,59,path,True,
ROUTE_2,4,58,path,True,
ROUTE_2,5,58,path,True,
ROUTE_2,4,59,path,True,
ROUTE_2,5,59,path,True,
ROUTE_2,6,58,path,True,
ROUTE_2,7,58,path,True,
ROUTE_2,6,59,path,True,
ROUTE_2,7,59,path,True,
ROUTE_2,8,58,path,True,
ROUTE_2,9,58,path,True,
ROUTE_2,8,59,path,True,
ROUTE_2,9,59,path,True,
ROUTE_2,10,58,path,True,
ROUTE_2,11,58,path,True,
ROUTE_2,10,59,path,True,
ROUTE_2,11,59,path,True,
ROUTE_2,12,58,wall,False,
ROUTE_2,13,58,path,True,
ROUTE_2,12,59,wall,False,
ROUTE_2,13,59,path,True,
ROUTE_2,14,58,path,True,
ROUTE_2,15,58,path,True,
ROUTE_2,14,59,path,True,
ROUTE_2,15,59,path,True,
ROUTE_2,16,58,path,True,
ROUTE_2,17,58,path,True,
ROUTE_2,16,59,path,True,
ROUTE_2,17,59,path,True,
ROUTE_2,18,58,path,True,
ROUTE_2,19,58,path,True,
ROUTE_2,18,59,path,True,
ROUTE_2,19,59,path,True,
ROUTE_2,0,60,wall,False,
ROUTE_2,1,60,wall,False,
ROUTE_2,0,61,wall,False,
ROUTE_2,1,61,wall,False,
ROUTE_2,2,60,path,True,
ROUTE_2,3,60,path,True,
ROUTE_2,2,61,ledge,True,down
ROUTE_2,3,61,ledge,True,down
ROUTE_2,4,60,path,True,
ROUTE_2,5,60,path,True,
ROUTE_2,4,61,ledge,True,down
ROUTE_2,5,61,ledge,True,down
ROUTE_2,6,60,path,True,
ROUTE_2,7,60,path,True,
ROUTE_2,6,61,ledge,True,down
ROUTE_2,7,61,path,True,
ROUTE_2,8,60,path,True,
ROUTE_2,9,60,path,True,
ROUTE_2,8,61,ledge,True,down
ROUTE_2,9,61,ledge,True,down
ROUTE_2,10,60,path,True,
ROUTE_2,11,60,path,True,
ROUTE_2,10,61,ledge,True,down
ROUTE_2,11,61,ledge,True,down
ROUTE_2,12,60,wall,False,
ROUTE_2,13,60,path,True,
ROUTE_2,12,61,wall,False,
ROUTE_2,13,61,wall,False,
ROUTE_2,14,60,path,True,
ROUTE_2,15,60,path,True,
ROUTE_2,14,61,ledge,True,down
ROUTE_2,15,61,path,True,
ROUTE_2,16,60,path,True,
ROUTE_2,17,60,path,True,
ROUTE_2,16,61,ledge,True,down
ROUTE_2,17,61,ledge,True,down
ROUTE_2,18,60,path,True,
ROUTE_2,19,60,path,True,
ROUTE_2,18,61,ledge,True,down
ROUTE_2,19,61,ledge,True,down
ROUTE_2,0,62,wall,False,
ROUTE_2,1,62,wall,False,
ROUTE_2,0,63,wall,False,
ROUTE_2,1,63,wall,False,
ROUTE_2,2,62,path,True,
ROUTE_2,3,62,path,True,
ROUTE_2,2,63,path,True,
ROUTE_2,3,63,path,True,
ROUTE_2,4,62,path,True,
ROUTE_2,5,62,path,True,
ROUTE_2,4,63,path,True,
ROUTE_2,5,63,path,True,
ROUTE_2,6,62,path,True,
ROUTE_2,7,62,path,True,
ROUTE_2,6,63,path,True,
ROUTE_2,7,63,path,True,
ROUTE_2,8,62,path,True,
ROUTE_2,9,62,path,True,
ROUTE_2,8,63,path,True,
ROUTE_2,9,63,path,True,
ROUTE_2,10,62,path,True,
ROUTE_2,11,62,path,True,
ROUTE_2,10,63,path,True,
ROUTE_2,11,63,path,True,
ROUTE_2,12,62,wall,False,
ROUTE_2,13,62,path,True,
ROUTE_2,12,63,wall,False,
ROUTE_2,13,63,path,True,
ROUTE_2,14,62,path,True,
ROUTE_2,15,62,path,True,
ROUTE_2,14,63,path,True,
ROUTE_2,15,63,path,True,
ROUTE_2,16,62,path,True,
ROUTE_2,17,62,path,True,
ROUTE_2,16,63,path,True,
ROUTE_2,17,63,path,True,
ROUTE_2,18,62,path,True,
ROUTE_2,19,62,path,True,
ROUTE_2,18,63,path,True,
ROUTE_2,19,63,path,True,
ROUTE_2,0,64,wall,False,
ROUTE_2,1,64,wall,False,
ROUTE_2,0,65,wall,False,
ROUTE_2,1,65,wall,False,
ROUTE_2,2,64,path,True,
ROUTE_2,3,64,path,True,
ROUTE_2,2,65,path,True,
ROUTE_2,3,65,path,True,
ROUTE_2,4,64,path,True,
ROUTE_2,5,64,path,True,
ROUTE_2,4,65,path,True,
ROUTE_2,5,65,wall,False,
ROUTE_2,6,64,path,True,
ROUTE_2,7,64,path,True,
ROUTE_2,6,65,path,True,
ROUTE_2,7,65,path,True,
ROUTE_2,8,64,path,True,
ROUTE_2,9,64,path,True,
ROUTE_2,8,65,path,True,
ROUTE_2,9,65,path,True,
ROUTE_2,10,64,path,True,
ROUTE_2,11,64,path,True,
ROUTE_2,10,65,path,True,
ROUTE_2,11,65,path,True,
ROUTE_2,12,64,wall,False,
ROUTE_2,13,64,path,True,
ROUTE_2,12,65,wall,False,
ROUTE_2,13,65,path,True,
ROUTE_2,14,64,path,True,
ROUTE_2,15,64,path,True,
ROUTE_2,14,65,path,True,
ROUTE_2,15,65,path,True,
ROUTE_2,16,64,path,True,
ROUTE_2,17,64,path,True,
ROUTE_2,16,65,path,True,
ROUTE_2,17,65,path,True,
ROUTE_2,18,64,path,True,
ROUTE_2,19,64,path,True,
ROUTE_2,18,65,path,True,
ROUTE_2,19,65,path,True,
ROUTE_2,0,66,wall,False,
ROUTE_2,1,66,wall,False,
ROUTE_2,0,67,wall,False,
ROUTE_2,1,67,wall,False,
ROUTE_2,2,66,path,True,
ROUTE_2,3,66,path,True,
ROUTE_2,2,67,path,True,
ROUTE_2,3,67,path,True,
ROUTE_2,4,66,path,True,
ROUTE_2,5,66,path,True,
ROUTE_2,4,67,path,True,
ROUTE_2,5,67,path,True,
ROUTE_2,6,66,path,True,
ROUTE_2,7,66,path,True,
ROUTE_2,6,67,path,True,
ROUTE_2,7,67,path,True,
ROUTE_2,8,66,path,True,
ROUTE_2,9,66,path,True,
ROUTE_2,8,67,path,True,
ROUTE_2,9,67,path,True,
ROUTE_2,10,66,path,True,
ROUTE_2,11,66,path,True,
ROUTE_2,10,67,path,True,
ROUTE_2,11,67,path,True,
ROUTE_2,12,66,wall,False,
ROUTE_2,13,66,path,True,
ROUTE_2,12,67,wall,False,
ROUTE_2,13,67,path,True,
ROUTE_2,14,66,path,True,
ROUTE_2,15,66,path,True,
ROUTE_2,14,67,path,True,
ROUTE_2,15,67,path,True,
ROUTE_2,16,66,path,True,
ROUTE_2,17,66,path,True,
ROUTE_2,16,67,path,True,
ROUTE_2,17,67,path,True,
ROUTE_2,18,66,path,True,
ROUTE_2,19,66,path,True,
ROUTE_2,18,67,path,True,
ROUTE_2,19,67,path,True,
ROUTE_2,0,68,wall,False,
ROUTE_2,1,68,wall,False,
ROUTE_2,0,69,wall,False,
ROUTE_2,1,69,wall,False,
ROUTE_2,2,68,path,True,
ROUTE_2,3,68,path,True,
ROUTE_2,2,69,path,True,
ROUTE_2,3,69,path,True,
ROUTE_2,4,68,path,True,
ROUTE_2,5,68,path,True,
ROUTE_2,4,69,path,True,
ROUTE_2,5,69,path,True,
ROUTE_2,6,68,path,True,
ROUTE_2,7,68,path,True,
ROUTE_2,6,69,path,True,
ROUTE_2,7,69,path,True,
ROUTE_2,8,68,path,True,
ROUTE_2,9,68,path,True,
ROUTE_2,8,69,path,True,
ROUTE_2,9,69,path,True,
ROUTE_2,10,68,path,True,
ROUTE_2,11,68,path,True,
ROUTE_2,10,69,wall,False,
ROUTE_2,11,69,wall,False,
ROUTE_2,12,68,wall,False,
ROUTE_2,13,68,path,True,
ROUTE_2,12,69,wall,False,
ROUTE_2,13,69,wall,False,
ROUTE_2,14,68,path,True,
ROUTE_2,15,68,path,True,
ROUTE_2,14,69,wall,False,
ROUTE_2,15,69,wall,False,
ROUTE_2,16,68,path,True,
ROUTE_2,17,68,path,True,
ROUTE_2,16,69,wall,False,
ROUTE_2,17,69,wall,False,
ROUTE_2,18,68,path,True,
ROUTE_2,19,68,path,True,
ROUTE_2,18,69,wall,False,
ROUTE_2,19,69,wall,False,
ROUTE_2,0,70,wall,False,
ROUTE_2,1,70,wall,False,
ROUTE_2,0,71,wall,False,
ROUTE_2,1,71,wall,False,
ROUTE_2,2,70,wall,False,
ROUTE_2,3,70,wall,False,
ROUTE_2,2,71,wall,False,
ROUTE_2,3,71,wall,False,
ROUTE_2,4,70,wall,False,
ROUTE_2,5,70,wall,False,
ROUTE_2,4,71,wall,False,
ROUTE_2,5,71,wall,False,
ROUTE_2,6,70,wall,False,
ROUTE_2,7,70,path,True,
ROUTE_2,6,71,wall,False,
ROUTE_2,7,71,path,True,
ROUTE_2,8,70,path,True,
ROUTE_2,9,70,path,True,
ROUTE_2,8,71,path,True,
ROUTE_2,9,71,path,True,
ROUTE_2,10,70,wall,False,
ROUTE_2,11,70,wall,False,
ROUTE_2,10,71,wall,False,
ROUTE_2,11,71,wall,False,
ROUTE_2,12,70,wall,False,
ROUTE_2,13,70,wall,False,
ROUTE_2,12,71,wall,False,
ROUTE_2,13,71,wall,False,
ROUTE_2,14,70,wall,False,
ROUTE_2,15,70,wall,False,
ROUTE_2,14,71,wall,False,
ROUTE_2,15,71,wall,False,
ROUTE_2,16,70,wall,False,
ROUTE_2,17,70,wall,False,
ROUTE_2,16,71,wall,False,
ROUTE_2,17,71,wall,False,
ROUTE_2,18,70,wall,False,
ROUTE_2,19,70,wall,False,
ROUTE_2,18,71,wall,False,
ROUTE_2,19,71,wall,False,
ROUTE_3,0,0,wall,False,
ROUTE_3,1,0,wall,False,
ROUTE_3,0,1,wall,False,
ROUTE_3,1,1,wall,False,
ROUTE_3,2,0,wall,False,
ROUTE_3,3,0,wall,False,
ROUTE_3,2,1,wall,False,
ROUTE_3,3,1,wall,False,
ROUTE_3,4,0,wall,False,
ROUTE_3,5,0,wall,False,
ROUTE_3,4,1,wall,False,
ROUTE_3,5,1,wall,False,
ROUTE_3,6,0,wall,False,
ROUTE_3,7,0,wall,False,
ROUTE_3,6,1,wall,False,
ROUTE_3,7,1,wall,False,
ROUTE_3,8,0,wall,False,
ROUTE_3,9,0,wall,False,
ROUTE_3,8,1,wall,False,
ROUTE_3,9,1,wall,False,
ROUTE_3,10,0,wall,False,
ROUTE_3,11,0,wall,False,
ROUTE_3,10,1,wall,False,
ROUTE_3,11,1,wall,False,
ROUTE_3,12,0,wall,False,
ROUTE_3,13,0,wall,False,
ROUTE_3,12,1,wall,False,
ROUTE_3,13,1,wall,False,
ROUTE_3,14,0,wall,False,
ROUTE_3,15,0,wall,False,
ROUTE_3,14,1,wall,False,
ROUTE_3,15,1,wall,False,
ROUTE_3,16,0,wall,False,
ROUTE_3,17,0,wall,False,
ROUTE_3,16,1,wall,False,
ROUTE_3,17,1,wall,False,
ROUTE_3,18,0,wall,False,
ROUTE_3,19,0,wall,False,
ROUTE_3,18,1,wall,False,
ROUTE_3,19,1,wall,False,
ROUTE_3,20,0,wall,False,
ROUTE_3,21,0,wall,False,
ROUTE_3,20,1,wall,False,
ROUTE_3,21,1,wall,False,
ROUTE_3,22,0,wall,False,
ROUTE_3,23,0,wall,False,
ROUTE_3,22,1,wall,False,
ROUTE_3,23,1,wall,False,
ROUTE_3,24,0,wall,False,
ROUTE_3,25,0,wall,False,
ROUTE_3,24,1,wall,False,
ROUTE_3,25,1,wall,False,
ROUTE_3,26,0,wall,False,
ROUTE_3,27,0,wall,False,
ROUTE_3,26,1,wall,False,
ROUTE_3,27,1,wall,False,
ROUTE_3,28,0,wall,False,
ROUTE_3,29,0,wall,False,
ROUTE_3,28,1,wall,False,
ROUTE_3,29,1,wall,False,
ROUTE_3,30,0,wall,False,
ROUTE_3,31,0,wall,False,
ROUTE_3,30,1,wall,False,
ROUTE_3,31,1,wall,False,
ROUTE_3,32,0,wall,False,
ROUTE_3,33,0,wall,False,
ROUTE_3,32,1,wall,False,
ROUTE_3,33,1,wall,False,
ROUTE_3,34,0,wall,False,
ROUTE_3,35,0,wall,False,
ROUTE_3,34,1,wall,False,
ROUTE_3,35,1,wall,False,
ROUTE_3,36,0,wall,False,
ROUTE_3,37,0,wall,False,
ROUTE_3,36,1,wall,False,
ROUTE_3,37,1,wall,False,
ROUTE_3,38,0,wall,False,
ROUTE_3,39,0,wall,False,
ROUTE_3,38,1,wall,False,
ROUTE_3,39,1,wall,False,
ROUTE_3,40,0,wall,False,
ROUTE_3,41,0,wall,False,
ROUTE_3,40,1,wall,False,
ROUTE_3,41,1,wall,False,
ROUTE_3,42,0,wall,False,
ROUTE_3,43,0,wall,False,
ROUTE_3,42,1,wall,False,
ROUTE_3,43,1,wall,False,
ROUTE_3,44,0,wall,False,
ROUTE_3,45,0,wall,False,
ROUTE_3,44,1,wall,False,
ROUTE_3,45,1,wall,False,
ROUTE_3,46,0,wall,False,
ROUTE_3,47,0,wall,False,
ROUTE_3,46,1,wall,False,
ROUTE_3,47,1,wall,False,
ROUTE_3,48,0,wall,False,
ROUTE_3,49,0,wall,False,
ROUTE_3,48,1,wall,False,
ROUTE_3,49,1,wall,False,
ROUTE_3,50,0,wall,False,
ROUTE_3,51,0,wall,False,
ROUTE_3,50,1,wall,False,
ROUTE_3,51,1,wall,False,
ROUTE_3,52,0,wall,False,
ROUTE_3,53,0,wall,False,
ROUTE_3,52,1,wall,False,
ROUTE_3,53,1,wall,False,
ROUTE_3,54,0,wall,False,
ROUTE_3,55,0,wall,False,
ROUTE_3,54,1,wall,False,
ROUTE_3,55,1,wall,False,
ROUTE_3,56,0,wall,False,
ROUTE_3,57,0,path,True,
ROUTE_3,56,1,wall,False,
ROUTE_3,57,1,path,True,
ROUTE_3,58,0,path,True,
ROUTE_3,59,0,path,True,
ROUTE_3,58,1,path,True,
ROUTE_3,59,1,path,True,
ROUTE_3,60,0,path,True,
ROUTE_3,61,0,path,True,
ROUTE_3,60,1,path,True,
ROUTE_3,61,1,path,True,
ROUTE_3,62,0,path,True,
ROUTE_3,63,0,path,True,
ROUTE_3,62,1,path,True,
ROUTE_3,63,1,path,True,
ROUTE_3,64,0,ledge,True,left
ROUTE_3,65,0,wall,False,
ROUTE_3,64,1,ledge,True,left
ROUTE_3,65,1,wall,False,
ROUTE_3,66,0,wall,False,
ROUTE_3,67,0,wall,False,
ROUTE_3,66,1,wall,False,
ROUTE_3,67,1,wall,False,
ROUTE_3,68,0,wall,False,
ROUTE_3,69,0,wall,False,
ROUTE_3,68,1,wall,False,
ROUTE_3,69,1,wall,False,
ROUTE_3,0,2,wall,False,
ROUTE_3,1,2,wall,False,
ROUTE_3,0,3,wall,False,
ROUTE_3,1,3,wall,False,
ROUTE_3,2,2,wall,False,
ROUTE_3,3,2,wall,False,
ROUTE_3,2,3,wall,False,
ROUTE_3,3,3,wall,False,
ROUTE_3,4,2,wall,False,
ROUTE_3,5,2,wall,False,
ROUTE_3,4,3,wall,False,
ROUTE_3,5,3,wall,False,
ROUTE_3,6,2,wall,False,
ROUTE_3,7,2,wall,False,
ROUTE_3,6,3,wall,False,
ROUTE_3,7,3,wall,False,
ROUTE_3,8,2,wall,False,
ROUTE_3,9,2,wall,False,
ROUTE_3,8,3,wall,False,
ROUTE_3,9,3,wall,False,
ROUTE_3,10,2,wall,False,
ROUTE_3,11,2,wall,False,
ROUTE_3,10,3,ledge,True,down
ROUTE_3,11,3,ledge,True,down
ROUTE_3,12,2,wall,False,
ROUTE_3,13,2,wall,False,
ROUTE_3,12,3,ledge,True,down
ROUTE_3,13,3,ledge,True,down
ROUTE_3,14,2,wall,False,
ROUTE_3,15,2,wall,False,
ROUTE_3,14,3,ledge,True,down
ROUTE_3,15,3,ledge,True,down
ROUTE_3,16,2,wall,False,
ROUTE_3,17,2,wall,False,
ROUTE_3,16,3,ledge,True,down
ROUTE_3,17,3,ledge,True,down
ROUTE_3,18,2,wall,False,
ROUTE_3,19,2,wall,False,
ROUTE_3,18,3,ledge,True,down
ROUTE_3,19,3,ledge,True,down
ROUTE_3,20,2,wall,False,
ROUTE_3,21,2,wall,False,
ROUTE_3,20,3,ledge,True,down
ROUTE_3,21,3,ledge,True,down
ROUTE_3,22,2,wall,False,
ROUTE_3,23,2,wall,False,
ROUTE_3,22,3,ledge,True,down
ROUTE_3,23,3,ledge,True,down
ROUTE_3,24,2,wall,False,
ROUTE_3,25,2,wall,False,
ROUTE_3,24,3,ledge,True,down
ROUTE_3,25,3,ledge,True,down
ROUTE_3,26,2,wall,False,
ROUTE_3,27,2,wall,False,
ROUTE_3,26,3,ledge,True,down
ROUTE_3,27,3,ledge,True,down
ROUTE_3,28,2,wall,False,
ROUTE_3,29,2,wall,False,
ROUTE_3,28,3,wall,False,
ROUTE_3,29,3,wall,False,
ROUTE_3,30,2,wall,False,
ROUTE_3,31,2,wall,False,
ROUTE_3,30,3,wall,False,
ROUTE_3,31,3,wall,False,
ROUTE_3,32,2,wall,False,
ROUTE_3,33,2,wall,False,
ROUTE_3,32,3,wall,False,
ROUTE_3,33,3,wall,False,
ROUTE_3,34,2,wall,False,
ROUTE_3,35,2,wall,False,
ROUTE_3,34,3,ledge,True,down
ROUTE_3,35,3,ledge,True,down
ROUTE_3,36,2,wall,False,
ROUTE_3,37,2,wall,False,
ROUTE_3,36,3,ledge,True,down
ROUTE_3,37,3,ledge,True,down
ROUTE_3,38,2,wall,False,
ROUTE_3,39,2,wall,False,
ROUTE_3,38,3,ledge,True,down
ROUTE_3,39,3,ledge,True,down
ROUTE_3,40,2,wall,False,
ROUTE_3,41,2,wall,False,
ROUTE_3,40,3,ledge,True,down
ROUTE_3,41,3,ledge,True,down
ROUTE_3,42,2,wall,False,
ROUTE_3,43,2,wall,False,
ROUTE_3,42,3,ledge,True,down
ROUTE_3,43,3,ledge,True,down
ROUTE_3,44,2,wall,False,
ROUTE_3,45,2,wall,False,
ROUTE_3,44,3,ledge,True,down
ROUTE_3,45,3,ledge,True,down
ROUTE_3,46,2,wall,False,
ROUTE_3,47,2,wall,False,
ROUTE_3,46,3,ledge,True,down
ROUTE_3,47,3,ledge,True,down
ROUTE_3,48,2,wall,False,
ROUTE_3,49,2,wall,False,
ROUTE_3,48,3,ledge,True,down
ROUTE_3,49,3,ledge,True,down
ROUTE_3,50,2,wall,False,
ROUTE_3,51,2,wall,False,
ROUTE_3,50,3,wall,False,
ROUTE_3,51,3,wall,False,
ROUTE_3,52,2,wall,False,
ROUTE_3,53,2,wall,False,
ROUTE_3,52,3,wall,False,
ROUTE_3,53,3,wall,False,
ROUTE_3,54,2,wall,False,
ROUTE_3,55,2,wall,False,
ROUTE_3,54,3,wall,False,
ROUTE_3,55,3,wall,False,
ROUTE_3,56,2,path,True,
ROUTE_3,57,2,path,True,
ROUTE_3,56,3,path,True,
ROUTE_3,57,3,path,True,
ROUTE_3,58,2,path,True,
ROUTE_3,59,2,path,True,
ROUTE_3,58,3,path,True,
ROUTE_3,59,3,path,True,
ROUTE_3,60,2,path,True,
ROUTE_3,61,2,path,True,
ROUTE_3,60,3,path,True,
ROUTE_3,61,3,path,True,
ROUTE_3,62,2,path,True,
ROUTE_3,63,2,path,True,
ROUTE_3,62,3,path,True,
ROUTE_3,63,3,path,True,
ROUTE_3,64,2,ledge,True,left
ROUTE_3,65,2,wall,False,
ROUTE_3,64,3,ledge,True,left
ROUTE_3,65,3,wall,False,
ROUTE_3,66,2,wall,False,
ROUTE_3,67,2,wall,False,
ROUTE_3,66,3,wall,False,
ROUTE_3,67,3,wall,False,
ROUTE_3,68,2,wall,False,
ROUTE_3,69,2,wall,False,
ROUTE_3,68,3,wall,False,
ROUTE_3,69,3,wall,False,
ROUTE_3,0,4,wall,False,
ROUTE_3,1,4,wall,False,
ROUTE_3,0,5,wall,False,
ROUTE_3,1,5,wall,False,
ROUTE_3,2,4,wall,False,
ROUTE_3,3,4,wall,False,
ROUTE_3,2,5,wall,False,
ROUTE_3,3,5,wall,False,
ROUTE_3,4,4,wall,False,
ROUTE_3,5,4,wall,False,
ROUTE_3,4,5,wall,False,
ROUTE_3,5,5,wall,False,
ROUTE_3,6,4,wall,False,
ROUTE_3,7,4,wall,False,
ROUTE_3,6,5,wall,False,
ROUTE_3,7,5,wall,False,
ROUTE_3,8,4,wall,False,
ROUTE_3,9,4,wall,False,
ROUTE_3,8,5,wall,False,
ROUTE_3,9,5,wall,False,
ROUTE_3,10,4,path,True,
ROUTE_3,11,4,path,True,
ROUTE_3,10,5,path,True,
ROUTE_3,11,5,path,True,
ROUTE_3,12,4,path,True,
ROUTE_3,13,4,path,True,
ROUTE_3,12,5,path,True,
ROUTE_3,13,5,path,True,
ROUTE_3,14,4,path,True,
ROUTE_3,15,4,path,True,
ROUTE_3,14,5,path,True,
ROUTE_3,15,5,path,True,
ROUTE_3,16,4,path,True,
ROUTE_3,17,4,path,True,
ROUTE_3,16,5,path,True,
ROUTE_3,17,5,path,True,
ROUTE_3,18,4,path,True,
ROUTE_3,19,4,path,True,
ROUTE_3,18,5,path,True,
ROUTE_3,19,5,path,True,
ROUTE_3,20,4,path,True,
ROUTE_3,21,4,path,True,
ROUTE_3,20,5,path,True,
ROUTE_3,21,5,path,True,
ROUTE_3,22,4,path,True,
ROUTE_3,23,4,path,True,
ROUTE_3,22,5,path,True,
ROUTE_3,23,5,path,True,
ROUTE_3,24,4,path,True,
ROUTE_3,25,4,path,True,
ROUTE_3,24,5,path,True,
ROUTE_3,25,5,path,True,
ROUTE_3,26,4,path,True,
ROUTE_3,27,4,path,True,
ROUTE_3,26,5,path,True,
ROUTE_3,27,5,path,True,
ROUTE_3,28,4,ledge,True,left
ROUTE_3,29,4,wall,False,
ROUTE_3,28,5,ledge,True,left
ROUTE_3,29,5,wall,False,
ROUTE_3,30,4,wall,False,
ROUTE_3,31,4,wall,False,
ROUTE_3,30,5,wall,False,
ROUTE_3,31,5,wall,False,
ROUTE_3,32,4,wall,False,
ROUTE_3,33,4,wall,False,
ROUTE_3,32,5,wall,False,
ROUTE_3,33,5,wall,False,
ROUTE_3,34,4,path,True,
ROUTE_3,35,4,path,True,
ROUTE_3,34,5,path,True,
ROUTE_3,35,5,path,True,
ROUTE_3,36,4,path,True,
ROUTE_3,37,4,path,True,
ROUTE_3,36,5,path,True,
ROUTE_3,37,5,path,True,
ROUTE_3,38,4,path,True,
ROUTE_3,39,4,path,True,
ROUTE_3,38,5,path,True,
ROUTE_3,39,5,path,True,
ROUTE_3,40,4,path,True,
ROUTE_3,41,4,path,True,
ROUTE_3,40,5,path,True,
ROUTE_3,41,5,path,True,
ROUTE_3,42,4,path,True,
ROUTE_3,43,4,path,True,
ROUTE_3,42,5,path,True,
ROUTE_3,43,5,path,True,
ROUTE_3,44,4,path,True,
ROUTE_3,45,4,path,True,
ROUTE_3,44,5,path,True,
ROUTE_3,45,5,path,True,
ROUTE_3,46,4,path,True,
ROUTE_3,47,4,path,True,
ROUTE_3,46,5,path,True,
ROUTE_3,47,5,path,True,
ROUTE_3,48,4,path,True,
ROUTE_3,49,4,path,True,
ROUTE_3,48,5,path,True,
ROUTE_3,49,5,path,True,
ROUTE_3,50,4,ledge,True,left
ROUTE_3,51,4,wall,False,
ROUTE_3,50,5,ledge,True,left
ROUTE_3,51,5,wall,False,
ROUTE_3,52,4,wall,False,
ROUTE_3,53,4,wall,False,
ROUTE_3,52,5,wall,False,
ROUTE_3,53,5,wall,False,
ROUTE_3,54,4,wall,False,
ROUTE_3,55,4,wall,False,
ROUTE_3,54,5,wall,False,
ROUTE_3,55,5,wall,False,
ROUTE_3,56,4,path,True,
ROUTE_3,57,4,path,True,
ROUTE_3,56,5,path,True,
ROUTE_3,57,5,path,True,
ROUTE_3,58,4,path,True,
ROUTE_3,59,4,path,True,
ROUTE_3,58,5,path,True,
ROUTE_3,59,5,path,True,
ROUTE_3,60,4,wall,False,
ROUTE_3,61,4,wall,False,
ROUTE_3,60,5,ledge,True,left
ROUTE_3,61,5,wall,False,
ROUTE_3,62,4,wall,False,
ROUTE_3,63,4,wall,False,
ROUTE_3,62,5,wall,False,
ROUTE_3,63,5,wall,False,
ROUTE_3,64,4,wall,False,
ROUTE_3,65,4,wall,False,
ROUTE_3,64,5,wall,False,
ROUTE_3,65,5,wall,False,
ROUTE_3,66,4,wall,False,
ROUTE_3,67,4,wall,False,
ROUTE_3,66,5,wall,False,
ROUTE_3,67,5,wall,False,
ROUTE_3,68,4,wall,False,
ROUTE_3,69,4,wall,False,
ROUTE_3,68,5,wall,False,
ROUTE_3,69,5,wall,False,
ROUTE_3,0,6,wall,False,
ROUTE_3,1,6,wall,False,
ROUTE_3,0,7,ledge,True,down
ROUTE_3,1,7,ledge,True,down
ROUTE_3,2,6,wall,False,
ROUTE_3,3,6,wall,False,
ROUTE_3,2,7,ledge,True,down
ROUTE_3,3,7,ledge,True,down
ROUTE_3,4,6,wall,False,
ROUTE_3,5,6,wall,False,
ROUTE_3,4,7,ledge,True,down
ROUTE_3,5,7,ledge,True,down
ROUTE_3,6,6,wall,False,
ROUTE_3,7,6,wall,False,
ROUTE_3,6,7,ledge,True,down
ROUTE_3,7,7,ledge,True,down
ROUTE_3,8,6,wall,False,
ROUTE_3,9,6,wall,False,
ROUTE_3,8,7,ledge,True,down
ROUTE_3,9,7,ledge,True,down
ROUTE_3,10,6,path,True,
ROUTE_3,11,6,path,True,
ROUTE_3,10,7,ledge,True,down
ROUTE_3,11,7,path,True,
ROUTE_3,12,6,path,True,
ROUTE_3,13,6,path,True,
ROUTE_3,12,7,ledge,True,down
ROUTE_3,13,7,ledge,True,down
ROUTE_3,14,6,path,True,
ROUTE_3,15,6,path,True,
ROUTE_3,14,7,ledge,True,down
ROUTE_3,15,7,ledge,True,down
ROUTE_3,16,6,path,True,
ROUTE_3,17,6,wall,False,
ROUTE_3,16,7,ledge,True,down
ROUTE_3,17,7,wall,False,
ROUTE_3,18,6,path,True,
ROUTE_3,19,6,path,True,
ROUTE_3,18,7,ledge,True,down
ROUTE_3,19,7,ledge,True,down
ROUTE_3,20,6,path,True,
ROUTE_3,21,6,path,True,
ROUTE_3,20,7,ledge,True,down
ROUTE_3,21,7,ledge,True,down
ROUTE_3,22,6,path,True,
ROUTE_3,23,6,wall,False,
ROUTE_3,22,7,ledge,True,down
ROUTE_3,23,7,wall,False,
ROUTE_3,24,6,path,True,
ROUTE_3,25,6,path,True,
ROUTE_3,24,7,ledge,True,down
ROUTE_3,25,7,ledge,True,down
ROUTE_3,26,6,path,True,
ROUTE_3,27,6,path,True,
ROUTE_3,26,7,ledge,True,down
ROUTE_3,27,7,path,True,
ROUTE_3,28,6,ledge,True,left
ROUTE_3,29,6,wall,False,
ROUTE_3,28,7,ledge,True,down
ROUTE_3,29,7,ledge,True,down
ROUTE_3,30,6,wall,False,
ROUTE_3,31,6,wall,False,
ROUTE_3,30,7,ledge,True,down
ROUTE_3,31,7,ledge,True,down
ROUTE_3,32,6,wall,False,
ROUTE_3,33,6,wall,False,
ROUTE_3,32,7,ledge,True,down
ROUTE_3,33,7,ledge,True,down
ROUTE_3,34,6,path,True,
ROUTE_3,35,6,path,True,
ROUTE_3,34,7,ledge,True,down
ROUTE_3,35,7,ledge,True,down
ROUTE_3,36,6,path,True,
ROUTE_3,37,6,path,True,
ROUTE_3,36,7,ledge,True,down
ROUTE_3,37,7,path,True,
ROUTE_3,38,6,wall,False,
ROUTE_3,39,6,wall,False,
ROUTE_3,38,7,ledge,True,left
ROUTE_3,39,7,wall,False,
ROUTE_3,40,6,wall,False,
ROUTE_3,41,6,wall,False,
ROUTE_3,40,7,wall,False,
ROUTE_3,41,7,wall,False,
ROUTE_3,42,6,wall,False,
ROUTE_3,43,6,wall,False,
ROUTE_3,42,7,wall,False,
ROUTE_3,43,7,wall,False,
ROUTE_3,44,6,path,True,
ROUTE_3,45,6,path,True,
ROUTE_3,44,7,ledge,True,down
ROUTE_3,45,7,ledge,True,down
ROUTE_3,46,6,path,True,
ROUTE_3,47,6,path,True,
ROUTE_3,46,7,ledge,True,down
ROUTE_3,47,7,ledge,True,down
ROUTE_3,48,6,path,True,
ROUTE_3,49,6,path,True,
ROUTE_3,48,7,ledge,True,down
ROUTE_3,49,7,path,True,
ROUTE_3,50,6,ledge,True,left
ROUTE_3,51,6,wall,False,
ROUTE_3,50,7,ledge,True,left
ROUTE_3,51,7,wall,False,
ROUTE_3,52,6,wall,False,
ROUTE_3,53,6,wall,False,
ROUTE_3,52,7,wall,False,
ROUTE_3,53,7,wall,False,
ROUTE_3,54,6,wall,False,
ROUTE_3,55,6,wall,False,
ROUTE_3,54,7,wall,False,
ROUTE_3,55,7,wall,False,
ROUTE_3,56,6,path,True,
ROUTE_3,57,6,path,True,
ROUTE_3,56,7,ledge,True,down
ROUTE_3,57,7,ledge,True,down
ROUTE_3,58,6,path,True,
ROUTE_3,59,6,path,True,
ROUTE_3,58,7,ledge,True,down
ROUTE_3,59,7,path,True,
ROUTE_3,60,6,ledge,True,left
ROUTE_3,61,6,wall,False,
ROUTE_3,60,7,ledge,True,down
ROUTE_3,61,7,ledge,True,down
ROUTE_3,62,6,wall,False,
ROUTE_3,63,6,wall,False,
ROUTE_3,62,7,ledge,True,down
ROUTE_3,63,7,ledge,True,down
ROUTE_3,64,6,wall,False,
ROUTE_3,65,6,wall,False,
ROUTE_3,64,7,ledge,True,down
ROUTE_3,65,7,ledge,True,down
ROUTE_3,66,6,wall,False,
ROUTE_3,67,6,wall,False,
ROUTE_3,66,7,wall,False,
ROUTE_3,67,7,wall,False,
ROUTE_3,68,6,wall,False,
ROUTE_3,69,6,wall,False,
ROUTE_3,68,7,wall,False,
ROUTE_3,69,7,wall,False,
ROUTE_3,0,8,path,True,
ROUTE_3,1,8,path,True,
ROUTE_3,0,9,path,True,
ROUTE_3,1,9,path,True,
ROUTE_3,2,8,path,True,
ROUTE_3,3,8,path,True,
ROUTE_3,2,9,path,True,
ROUTE_3,3,9,path,True,
ROUTE_3,4,8,wall,False,
ROUTE_3,5,8,path,True,
ROUTE_3,4,9,path,True,
ROUTE_3,5,9,path,True,
ROUTE_3,6,8,path,True,
ROUTE_3,7,8,path,True,
ROUTE_3,6,9,path,True,
ROUTE_3,7,9,path,True,
ROUTE_3,8,8,path,True,
ROUTE_3,9,8,path,True,
ROUTE_3,8,9,path,True,
ROUTE_3,9,9,path,True,
ROUTE_3,10,8,path,True,
ROUTE_3,11,8,path,True,
ROUTE_3,10,9,path,True,
ROUTE_3,11,9,path,True,
ROUTE_3,12,8,path,True,
ROUTE_3,13,8,path,True,
ROUTE_3,12,9,path,True,
ROUTE_3,13,9,path,True,
ROUTE_3,14,8,path,True,
ROUTE_3,15,8,path,True,
ROUTE_3,14,9,path,True,
ROUTE_3,15,9,path,True,
ROUTE_3,16,8,path,True,
ROUTE_3,17,8,wall,False,
ROUTE_3,16,9,path,True,
ROUTE_3,17,9,wall,False,
ROUTE_3,18,8,path,True,
ROUTE_3,19,8,path,True,
ROUTE_3,18,9,path,True,
ROUTE_3,19,9,path,True,
ROUTE_3,20,8,path,True,
ROUTE_3,21,8,path,True,
ROUTE_3,20,9,path,True,
ROUTE_3,21,9,path,True,
ROUTE_3,22,8,path,True,
ROUTE_3,23,8,wall,False,
ROUTE_3,22,9,path,True,
ROUTE_3,23,9,wall,False,
ROUTE_3,24,8,path,True,
ROUTE_3,25,8,path,True,
ROUTE_3,24,9,path,True,
ROUTE_3,25,9,path,True,
ROUTE_3,26,8,path,True,
ROUTE_3,27,8,path,True,
ROUTE_3,26,9,path,True,
ROUTE_3,27,9,path,True,
ROUTE_3,28,8,path,True,
ROUTE_3,29,8,path,True,
ROUTE_3,28,9,path,True,
ROUTE_3,29,9,path,True,
ROUTE_3,30,8,path,True,
ROUTE_3,31,8,path,True,
ROUTE_3,30,9,path,True,
ROUTE_3,31,9,path,True,
ROUTE_3,32,8,path,True,
ROUTE_3,33,8,path,True,
ROUTE_3,32,9,path,True,
ROUTE_3,33,9,path,True,
ROUTE_3,34,8,path,True,
ROUTE_3,35,8,path,True,
ROUTE_3,34,9,path,True,
ROUTE_3,35,9,path,True,
ROUTE_3,36,8,path,True,
ROUTE_3,37,8,path,True,
ROUTE_3,36,9,path,True,
ROUTE_3,37,9,path,True,
ROUTE_3,38,8,ledge,True,left
ROUTE_3,39,8,wall,False,
ROUTE_3,38,9,ledge,True,left
ROUTE_3,39,9,wall,False,
ROUTE_3,40,8,wall,False,
ROUTE_3,41,8,wall,False,
ROUTE_3,40,9,wall,False,
ROUTE_3,41,9,wall,False,
ROUTE_3,42,8,wall,False,
ROUTE_3,43,8,wall,False,
ROUTE_3,42,9,wall,False,
ROUTE_3,43,9,wall,False,
ROUTE_3,44,8,path,True,
ROUTE_3,45,8,path,True,
ROUTE_3,44,9,path,True,
ROUTE_3,45,9,path,True,
ROUTE_3,46,8,path,True,
ROUTE_3,47,8,path,True,
ROUTE_3,46,9,path,True,
ROUTE_3,47,9,path,True,
ROUTE_3,48,8,path,True,
ROUTE_3,49,8,path,True,
ROUTE_3,48,9,path,True,
ROUTE_3,49,9,path,True,
ROUTE_3,50,8,ledge,True,left
ROUTE_3,51,8,wall,False,
ROUTE_3,50,9,ledge,True,down
ROUTE_3,51,9,ledge,True,down
ROUTE_3,52,8,wall,False,
ROUTE_3,53,8,wall,False,
ROUTE_3,52,9,ledge,True,down
ROUTE_3,53,9,ledge,True,down
ROUTE_3,54,8,wall,False,
ROUTE_3,55,8,wall,False,
ROUTE_3,54,9,ledge,True,down
ROUTE_3,55,9,ledge,True,down
ROUTE_3,56,8,path,True,
ROUTE_3,57,8,path,True,
ROUTE_3,56,9,path,True,
ROUTE_3,57,9,path,True,
ROUTE_3,58,8,path,True,
ROUTE_3,59,8,path,True,
ROUTE_3,58,9,wall,False,
ROUTE_3,59,9,wall,False,
ROUTE_3,60,8,grass,True,
ROUTE_3,61,8,grass,True,
ROUTE_3,60,9,grass,True,
ROUTE_3,61,9,grass,True,
ROUTE_3,62,8,grass,True,
ROUTE_3,63,8,grass,True,
ROUTE_3,62,9,grass,True,
ROUTE_3,63,9,grass,True,
ROUTE_3,64,8,grass,True,
ROUTE_3,65,8,grass,True,
ROUTE_3,64,9,grass,True,
ROUTE_3,65,9,grass,True,
ROUTE_3,66,8,ledge,True,left
ROUTE_3,67,8,wall,False,
ROUTE_3,66,9,ledge,True,left
ROUTE_3,67,9,wall,False,
ROUTE_3,68,8,wall,False,
ROUTE_3,69,8,wall,False,
ROUTE_3,68,9,wall,False,
ROUTE_3,69,9,wall,False,
ROUTE_3,0,10,path,True,
ROUTE_3,1,10,path,True,
ROUTE_3,0,11,path,True,
ROUTE_3,1,11,path,True,
ROUTE_3,2,10,path,True,
ROUTE_3,3,10,path,True,
ROUTE_3,2,11,path,True,
ROUTE_3,3,11,path,True,
ROUTE_3,4,10,path,True,
ROUTE_3,5,10,path,True,
ROUTE_3,4,11,wall,False,
ROUTE_3,5,11,path,True,
ROUTE_3,6,10,path,True,
ROUTE_3,7,10,path,True,
ROUTE_3,6,11,path,True,
ROUTE_3,7,11,path,True,
ROUTE_3,8,10,path,True,
ROUTE_3,9,10,wall,False,
ROUTE_3,8,11,path,True,
ROUTE_3,9,11,wall,False,
ROUTE_3,10,10,path,True,
ROUTE_3,11,10,path,True,
ROUTE_3,10,11,ledge,True,down
ROUTE_3,11,11,ledge,True,down
ROUTE_3,12,10,path,True,
ROUTE_3,13,10,path,True,
ROUTE_3,12,11,ledge,True,down
ROUTE_3,13,11,ledge,True,down
ROUTE_3,14,10,path,True,
ROUTE_3,15,10,path,True,
ROUTE_3,14,11,ledge,True,down
ROUTE_3,15,11,path,True,
ROUTE_3,16,10,path,True,
ROUTE_3,17,10,wall,False,
ROUTE_3,16,11,ledge,True,down
ROUTE_3,17,11,wall,False,
ROUTE_3,18,10,path,True,
ROUTE_3,19,10,path,True,
ROUTE_3,18,11,ledge,True,down
ROUTE_3,19,11,ledge,True,down
ROUTE_3,20,10,path,True,
ROUTE_3,21,10,path,True,
ROUTE_3,20,11,ledge,True,down
ROUTE_3,21,11,ledge,True,down
ROUTE_3,22,10,path,True,
ROUTE_3,23,10,wall,False,
ROUTE_3,22,11,ledge,True,down
ROUTE_3,23,11,wall,False,
ROUTE_3,24,10,grass,True,
ROUTE_3,25,10,grass,True,
ROUTE_3,24,11,grass,True,
ROUTE_3,25,11,grass,True,
ROUTE_3,26,10,grass,True,
ROUTE_3,27,10,grass,True,
ROUTE_3,26,11,grass,True,
ROUTE_3,27,11,grass,True,
ROUTE_3,28,10,grass,True,
ROUTE_3,29,10,grass,True,
ROUTE_3,28,11,grass,True,
ROUTE_3,29,11,grass,True,
ROUTE_3,30,10,grass,True,
ROUTE_3,31,10,grass,True,
ROUTE_3,30,11,grass,True,
ROUTE_3,31,11,grass,True,
ROUTE_3,32,10,grass,True,
ROUTE_3,33,10,grass,True,
ROUTE_3,32,11,grass,True,
ROUTE_3,33,11,grass,True,
ROUTE_3,34,10,grass,True,
ROUTE_3,35,10,grass,True,
ROUTE_3,34,11,grass,True,
ROUTE_3,35,11,grass,True,
ROUTE_3,36,10,grass,True,
ROUTE_3,37,10,grass,True,
ROUTE_3,36,11,grass,True,
ROUTE_3,37,11,grass,True,
ROUTE_3,38,10,ledge,True,left
ROUTE_3,39,10,wall,False,
ROUTE_3,38,11,ledge,True,left
ROUTE_3,39,11,wall,False,
ROUTE_3,40,10,wall,False,
ROUTE_3,41,10,wall,False,
ROUTE_3,40,11,wall,False,
ROUTE_3,41,11,wall,False,
ROUTE_3,42,10,wall,False,
ROUTE_3,43,10,wall,False,
ROUTE_3,42,11,wall,False,
ROUTE_3,43,11,wall,False,
ROUTE_3,44,10,path,True,
ROUTE_3,45,10,path,True,
ROUTE_3,44,11,path,True,
ROUTE_3,45,11,path,True,
ROUTE_3,46,10,path,True,
ROUTE_3,47,10,path,True,
ROUTE_3,46,11,path,True,
ROUTE_3,47,11,path,True,
ROUTE_3,48,10,path,True,
ROUTE_3,49,10,path,True,
ROUTE_3,48,11,path,True,
ROUTE_3,49,11,path,True,
ROUTE_3,50,10,path,True,
ROUTE_3,51,10,path,True,
ROUTE_3,50,11,path,True,
ROUTE_3,51,11,path,True,
ROUTE_3,52,10,path,True,
ROUTE_3,53,10,path,True,
ROUTE_3,52,11,path,True,
ROUTE_3,53,11,path,True,
ROUTE_3,54,10,path,True,
ROUTE_3,55,10,path,True,
ROUTE_3,54,11,path,True,
ROUTE_3,55,11,path,True,
ROUTE_3,56,10,path,True,
ROUTE_3,57,10,path,True,
ROUTE_3,56,11,path,True,
ROUTE_3,57,11,path,True,
ROUTE_3,58,10,grass,True,
ROUTE_3,59,10,grass,True,
ROUTE_3,58,11,grass,True,
ROUTE_3,59,11,grass,True,
ROUTE_3,60,10,grass,True,
ROUTE_3,61,10,grass,True,
ROUTE_3,60,11,grass,True,
ROUTE_3,61,11,grass,True,
ROUTE_3,62,10,grass,True,
ROUTE_3,63,10,grass,True,
ROUTE_3,62,11,grass,True,
ROUTE_3,63,11,grass,True,
ROUTE_3,64,10,grass,True,
ROUTE_3,65,10,grass,True,
ROUTE_3,64,11,grass,True,
ROUTE_3,65,11,grass,True,
ROUTE_3,66,10,ledge,True,left
ROUTE_3,67,10,wall,False,
ROUTE_3,66,11,ledge,True,left
ROUTE_3,67,11,wall,False,
ROUTE_3,68,10,wall,False,
ROUTE_3,69,10,wall,False,
ROUTE_3,68,11,wall,False,
ROUTE_3,69,11,wall,False,
ROUTE_3,0,12,wall,False,
ROUTE_3,1,12,wall,False,
ROUTE_3,0,13,wall,False,
ROUTE_3,1,13,wall,False,
ROUTE_3,2,12,wall,False,
ROUTE_3,3,12,wall,False,
ROUTE_3,2,13,wall,False,
ROUTE_3,3,13,wall,False,
ROUTE_3,4,12,wall,False,
ROUTE_3,5,12,wall,False,
ROUTE_3,4,13,wall,False,
ROUTE_3,5,13,wall,False,
ROUTE_3,6,12,wall,False,
ROUTE_3,7,12,wall,False,
ROUTE_3,6,13,wall,False,
ROUTE_3,7,13,wall,False,
ROUTE_3,8,12,wall,False,
ROUTE_3,9,12,wall,False,
ROUTE_3,8,13,wall,False,
ROUTE_3,9,13,wall,False,
ROUTE_3,10,12,path,True,
ROUTE_3,11,12,path,True,
ROUTE_3,10,13,path,True,
ROUTE_3,11,13,path,True,
ROUTE_3,12,12,path,True,
ROUTE_3,13,12,path,True,
ROUTE_3,12,13,path,True,
ROUTE_3,13,13,path,True,
ROUTE_3,14,12,path,True,
ROUTE_3,15,12,path,True,
ROUTE_3,14,13,path,True,
ROUTE_3,15,13,path,True,
ROUTE_3,16,12,path,True,
ROUTE_3,17,12,path,True,
ROUTE_3,16,13,path,True,
ROUTE_3,17,13,path,True,
ROUTE_3,18,12,path,True,
ROUTE_3,19,12,path,True,
ROUTE_3,18,13,path,True,
ROUTE_3,19,13,path,True,
ROUTE_3,20,12,path,True,
ROUTE_3,21,12,path,True,
ROUTE_3,20,13,path,True,
ROUTE_3,21,13,path,True,
ROUTE_3,22,12,path,True,
ROUTE_3,23,12,wall,False,
ROUTE_3,22,13,path,True,
ROUTE_3,23,13,wall,False,
ROUTE_3,24,12,grass,True,
ROUTE_3,25,12,grass,True,
ROUTE_3,24,13,grass,True,
ROUTE_3,25,13,grass,True,
ROUTE_3,26,12,grass,True,
ROUTE_3,27,12,grass,True,
ROUTE_3,26,13,grass,True,
ROUTE_3,27,13,grass,True,
ROUTE_3,28,12,grass,True,
ROUTE_3,29,12,grass,True,
ROUTE_3,28,13,grass,True,
ROUTE_3,29,13,grass,True,
ROUTE_3,30,12,grass,True,
ROUTE_3,31,12,grass,True,
ROUTE_3,30,13,grass,True,
ROUTE_3,31,13,grass,True,
ROUTE_3,32,12,grass,True,
ROUTE_3,33,12,grass,True,
ROUTE_3,32,13,grass,True,
ROUTE_3,33,13,grass,True,
ROUTE_3,34,12,grass,True,
ROUTE_3,35,12,grass,True,
ROUTE_3,34,13,grass,True,
ROUTE_3,35,13,grass,True,
ROUTE_3,36,12,grass,True,
ROUTE_3,37,12,grass,True,
ROUTE_3,36,13,grass,True,
ROUTE_3,37,13,grass,True,
ROUTE_3,38,12,ledge,True,left
ROUTE_3,39,12,wall,False,
ROUTE_3,38,13,ledge,True,left
ROUTE_3,39,13,wall,False,
ROUTE_3,40,12,wall,False,
ROUTE_3,41,12,wall,False,
ROUTE_3,40,13,wall,False,
ROUTE_3,41,13,wall,False,
ROUTE_3,42,12,wall,False,
ROUTE_3,43,12,wall,False,
ROUTE_3,42,13,wall,False,
ROUTE_3,43,13,wall,False,
ROUTE_3,44,12,path,True,
ROUTE_3,45,12,path,True,
ROUTE_3,44,13,path,True,
ROUTE_3,45,13,path,True,
ROUTE_3,46,12,path,True,
ROUTE_3,47,12,path,True,
ROUTE_3,46,13,path,True,
ROUTE_3,47,13,path,True,
ROUTE_3,48,12,path,True,
ROUTE_3,49,12,path,True,
ROUTE_3,48,13,path,True,
ROUTE_3,49,13,path,True,
ROUTE_3,50,12,path,True,
ROUTE_3,51,12,path,True,
ROUTE_3,50,13,path,True,
ROUTE_3,51,13,path,True,
ROUTE_3,52,12,path,True,
ROUTE_3,53,12,path,True,
ROUTE_3,52,13,path,True,
ROUTE_3,53,13,path,True,
ROUTE_3,54,12,path,True,
ROUTE_3,55,12,path,True,
ROUTE_3,54,13,path,True,
ROUTE_3,55,13,path,True,
ROUTE_3,56,12,path,True,
ROUTE_3,57,12,path,True,
ROUTE_3,56,13,path,True,
ROUTE_3,57,13,path,True,
ROUTE_3,58,12,grass,True,
ROUTE_3,59,12,grass,True,
ROUTE_3,58,13,grass,True,
ROUTE_3,59,13,grass,True,
ROUTE_3,60,12,grass,True,
ROUTE_3,61,12,grass,True,
ROUTE_3,60,13,grass,True,
ROUTE_3,61,13,grass,True,
ROUTE_3,62,12,grass,True,
ROUTE_3,63,12,grass,True,
ROUTE_3,62,13,grass,True,
ROUTE_3,63,13,grass,True,
ROUTE_3,64,12,grass,True,
ROUTE_3,65,12,grass,True,
ROUTE_3,64,13,grass,True,
ROUTE_3,65,13,grass,True,
ROUTE_3,66,12,ledge,True,left
ROUTE_3,67,12,wall,False,
ROUTE_3,66,13,ledge,True,left
ROUTE_3,67,13,wall,False,
ROUTE_3,68,12,wall,False,
ROUTE_3,69,12,wall,False,
ROUTE_3,68,13,wall,False,
ROUTE_3,69,13,wall,False,
ROUTE_3,0,14,wall,False,
ROUTE_3,1,14,wall,False,
ROUTE_3,0,15,wall,False,
ROUTE_3,1,15,wall,False,
ROUTE_3,2,14,wall,False,
ROUTE_3,3,14,wall,False,
ROUTE_3,2,15,wall,False,
ROUTE_3,3,15,wall,False,
ROUTE_3,4,14,wall,False,
ROUTE_3,5,14,wall,False,
ROUTE_3,4,15,wall,False,
ROUTE_3,5,15,wall,False,
ROUTE_3,6,14,wall,False,
ROUTE_3,7,14,wall,False,
ROUTE_3,6,15,wall,False,
ROUTE_3,7,15,wall,False,
ROUTE_3,8,14,wall,False,
ROUTE_3,9,14,wall,False,
ROUTE_3,8,15,wall,False,
ROUTE_3,9,15,wall,False,
ROUTE_3,10,14,wall,False,
ROUTE_3,11,14,wall,False,
ROUTE_3,10,15,ledge,True,left
ROUTE_3,11,15,wall,False,
ROUTE_3,12,14,wall,False,
ROUTE_3,13,14,wall,False,
ROUTE_3,12,15,wall,False,
ROUTE_3,13,15,wall,False,
ROUTE_3,14,14,wall,False,
ROUTE_3,15,14,wall,False,
ROUTE_3,14,15,wall,False,
ROUTE_3,15,15,wall,False,
ROUTE_3,16,14,wall,False,
ROUTE_3,17,14,wall,False,
ROUTE_3,16,15,wall,False,
ROUTE_3,17,15,wall,False,
ROUTE_3,18,14,wall,False,
ROUTE_3,19,14,wall,False,
ROUTE_3,18,15,wall,False,
ROUTE_3,19,15,wall,False,
ROUTE_3,20,14,wall,False,
ROUTE_3,21,14,wall,False,
ROUTE_3,20,15,wall,False,
ROUTE_3,21,15,wall,False,
ROUTE_3,22,14,wall,False,
ROUTE_3,23,14,wall,False,
ROUTE_3,22,15,wall,False,
ROUTE_3,23,15,wall,False,
ROUTE_3,24,14,wall,False,
ROUTE_3,25,14,wall,False,
ROUTE_3,24,15,wall,False,
ROUTE_3,25,15,wall,False,
ROUTE_3,26,14,wall,False,
ROUTE_3,27,14,wall,False,
ROUTE_3,26,15,wall,False,
ROUTE_3,27,15,wall,False,
ROUTE_3,28,14,wall,False,
ROUTE_3,29,14,wall,False,
ROUTE_3,28,15,wall,False,
ROUTE_3,29,15,wall,False,
ROUTE_3,30,14,wall,False,
ROUTE_3,31,14,wall,False,
ROUTE_3,30,15,wall,False,
ROUTE_3,31,15,wall,False,
ROUTE_3,32,14,wall,False,
ROUTE_3,33,14,wall,False,
ROUTE_3,32,15,wall,False,
ROUTE_3,33,15,wall,False,
ROUTE_3,34,14,wall,False,
ROUTE_3,35,14,wall,False,
ROUTE_3,34,15,wall,False,
ROUTE_3,35,15,wall,False,
ROUTE_3,36,14,wall,False,
ROUTE_3,37,14,wall,False,
ROUTE_3,36,15,wall,False,
ROUTE_3,37,15,wall,False,
ROUTE_3,38,14,ledge,True,left
ROUTE_3,39,14,wall,False,
ROUTE_3,38,15,ledge,True,left
ROUTE_3,39,15,wall,False,
ROUTE_3,40,14,wall,False,
ROUTE_3,41,14,wall,False,
ROUTE_3,40,15,wall,False,
ROUTE_3,41,15,wall,False,
ROUTE_3,42,14,wall,False,
ROUTE_3,43,14,wall,False,
ROUTE_3,42,15,wall,False,
ROUTE_3,43,15,wall,False,
ROUTE_3,44,14,wall,False,
ROUTE_3,45,14,wall,False,
ROUTE_3,44,15,ledge,True,left
ROUTE_3,45,15,wall,False,
ROUTE_3,46,14,wall,False,
ROUTE_3,47,14,wall,False,
ROUTE_3,46,15,wall,False,
ROUTE_3,47,15,wall,False,
ROUTE_3,48,14,wall,False,
ROUTE_3,49,14,wall,False,
ROUTE_3,48,15,wall,False,
ROUTE_3,49,15,wall,False,
ROUTE_3,50,14,wall,False,
ROUTE_3,51,14,wall,False,
ROUTE_3,50,15,wall,False,
ROUTE_3,51,15,wall,False,
ROUTE_3,52,14,wall,False,
ROUTE_3,53,14,wall,False,
ROUTE_3,52,15,wall,False,
ROUTE_3,53,15,wall,False,
ROUTE_3,54,14,wall,False,
ROUTE_3,55,14,wall,False,
ROUTE_3,54,15,wall,False,
ROUTE_3,55,15,wall,False,
ROUTE_3,56,14,wall,False,
ROUTE_3,57,14,wall,False,
ROUTE_3,56,15,wall,False,
ROUTE_3,57,15,wall,False,
ROUTE_3,58,14,wall,False,
ROUTE_3,59,14,wall,False,
ROUTE_3,58,15,wall,False,
ROUTE_3,59,15,wall,False,
ROUTE_3,60,14,wall,False,
ROUTE_3,61,14,wall,False,
ROUTE_3,60,15,wall,False,
ROUTE_3,61,15,wall,False,
ROUTE_3,62,14,wall,False,
ROUTE_3,63,14,wall,False,
ROUTE_3,62,15,wall,False,
ROUTE_3,63,15,wall,False,
ROUTE_3,64,14,wall,False,
ROUTE_3,65,14,wall,False,
ROUTE_3,64,15,wall,False,
ROUTE_3,65,15,wall,False,
ROUTE_3,66,14,wall,False,
ROUTE_3,67,14,wall,False,
ROUTE_3,66,15,wall,False,
ROUTE_3,67,15,wall,False,
ROUTE_3,68,14,wall,False,
ROUTE_3,69,14,wall,False,
ROUTE_3,68,15,wall,False,
ROUTE_3,69,15,wall,False,
ROUTE_3,0,16,wall,False,
ROUTE_3,1,16,wall,False,
ROUTE_3,0,17,ledge,True,down
ROUTE_3,1,17,ledge,True,down
ROUTE_3,2,16,wall,False,
ROUTE_3,3,16,wall,False,
ROUTE_3,2,17,ledge,True,down
ROUTE_3,3,17,ledge,True,down
ROUTE_3,4,16,wall,False,
ROUTE_3,5,16,wall,False,
ROUTE_3,4,17,ledge,True,down
ROUTE_3,5,17,ledge,True,down
ROUTE_3,6,16,wall,False,
ROUTE_3,7,16,wall,False,
ROUTE_3,6,17,ledge,True,down
ROUTE_3,7,17,ledge,True,down
ROUTE_3,8,16,wall,False,
ROUTE_3,9,16,wall,False,
ROUTE_3,8,17,ledge,True,down
ROUTE_3,9,17,ledge,True,down
ROUTE_3,10,16,ledge,True,left
ROUTE_3,11,16,wall,False,
ROUTE_3,10,17,ledge,True,left
ROUTE_3,11,17,wall,False,
ROUTE_3,12,16,wall,False,
ROUTE_3,13,16,wall,False,
ROUTE_3,12,17,wall,False,
ROUTE_3,13,17,wall,False,
ROUTE_3,14,16,wall,False,
ROUTE_3,15,16,wall,False,
ROUTE_3,14,17,wall,False,
ROUTE_3,15,17,wall,False,
ROUTE_3,16,16,wall,False,
ROUTE_3,17,16,wall,False,
ROUTE_3,16,17,wall,False,
ROUTE_3,17,17,wall,False,
ROUTE_3,18,16,wall,False,
ROUTE_3,19,16,wall,False,
ROUTE_3,18,17,wall,False,
ROUTE_3,19,17,wall,False,
ROUTE_3,20,16,wall,False,
ROUTE_3,21,16,wall,False,
ROUTE_3,20,17,wall,False,
ROUTE_3,21,17,wall,False,
ROUTE_3,22,16,wall,False,
ROUTE_3,23,16,wall,False,
ROUTE_3,22,17,wall,False,
ROUTE_3,23,17,wall,False,
ROUTE_3,24,16,wall,False,
ROUTE_3,25,16,wall,False,
ROUTE_3,24,17,wall,False,
ROUTE_3,25,17,wall,False,
ROUTE_3,26,16,wall,False,
ROUTE_3,27,16,wall,False,
ROUTE_3,26,17,wall,False,
ROUTE_3,27,17,wall,False,
ROUTE_3,28,16,wall,False,
ROUTE_3,29,16,wall,False,
ROUTE_3,28,17,wall,False,
ROUTE_3,29,17,wall,False,
ROUTE_3,30,16,wall,False,
ROUTE_3,31,16,wall,False,
ROUTE_3,30,17,wall,False,
ROUTE_3,31,17,wall,False,
ROUTE_3,32,16,wall,False,
ROUTE_3,33,16,wall,False,
ROUTE_3,32,17,wall,False,
ROUTE_3,33,17,wall,False,
ROUTE_3,34,16,wall,False,
ROUTE_3,35,16,wall,False,
ROUTE_3,34,17,wall,False,
ROUTE_3,35,17,wall,False,
ROUTE_3,36,16,wall,False,
ROUTE_3,37,16,wall,False,
ROUTE_3,36,17,wall,False,
ROUTE_3,37,17,wall,False,
ROUTE_3,38,16,ledge,True,left
ROUTE_3,39,16,wall,False,
ROUTE_3,38,17,ledge,True,left
ROUTE_3,39,17,wall,False,
ROUTE_3,40,16,wall,False,
ROUTE_3,41,16,wall,False,
ROUTE_3,40,17,wall,False,
ROUTE_3,41,17,wall,False,
ROUTE_3,42,16,wall,False,
ROUTE_3,43,16,wall,False,
ROUTE_3,42,17,wall,False,
ROUTE_3,43,17,wall,False,
ROUTE_3,44,16,ledge,True,left
ROUTE_3,45,16,wall,False,
ROUTE_3,44,17,ledge,True,left
ROUTE_3,45,17,wall,False,
ROUTE_3,46,16,wall,False,
ROUTE_3,47,16,wall,False,
ROUTE_3,46,17,wall,False,
ROUTE_3,47,17,wall,False,
ROUTE_3,48,16,wall,False,
ROUTE_3,49,16,wall,False,
ROUTE_3,48,17,wall,False,
ROUTE_3,49,17,wall,False,
ROUTE_3,50,16,wall,False,
ROUTE_3,51,16,wall,False,
ROUTE_3,50,17,wall,False,
ROUTE_3,51,17,wall,False,
ROUTE_3,52,16,wall,False,
ROUTE_3,53,16,wall,False,
ROUTE_3,52,17,wall,False,
ROUTE_3,53,17,wall,False,
ROUTE_3,54,16,wall,False,
ROUTE_3,55,16,wall,False,
ROUTE_3,54,17,wall,False,
ROUTE_3,55,17,wall,False,
ROUTE_3,56,16,wall,False,
ROUTE_3,57,16,wall,False,
ROUTE_3,56,17,wall,False,
ROUTE_3,57,17,wall,False,
ROUTE_3,58,16,wall,False,
ROUTE_3,59,16,wall,False,
ROUTE_3,58,17,wall,False,
ROUTE_3,59,17,wall,False,
ROUTE_3,60,16,wall,False,
ROUTE_3,61,16,wall,False,
ROUTE_3,60,17,wall,False,
ROUTE_3,61,17,wall,False,
ROUTE_3,62,16,wall,False,
ROUTE_3,63,16,wall,False,
ROUTE_3,62,17,wall,False,
ROUTE_3,63,17,wall,False,
ROUTE_3,64,16,wall,False,
ROUTE_3,65,16,wall,False,
ROUTE_3,64,17,wall,False,
ROUTE_3,65,17,wall,False,
ROUTE_3,66,16,wall,False,
ROUTE_3,67,16,wall,False,
ROUTE_3,66,17,wall,False,
ROUTE_3,67,17,wall,False,
ROUTE_3,68,16,wall,False,
ROUTE_3,69,16,wall,False,
ROUTE_3,68,17,wall,False,
ROUTE_3,69,17,wall,False,
ROUTE_22,0,0,wall,False,
ROUTE_22,1,0,wall,False,
ROUTE_22,0,1,wall,False,
ROUTE_22,1,1,wall,False,
ROUTE_22,2,0,wall,False,
ROUTE_22,3,0,wall,False,
ROUTE_22,2,1,wall,False,
ROUTE_22,3,1,wall,False,
ROUTE_22,4,0,wall,False,
ROUTE_22,5,0,wall,False,
ROUTE_22,4,1,wall,False,
ROUTE_22,5,1,wall,False,
ROUTE_22,6,0,wall,False,
ROUTE_22,7,0,wall,False,
ROUTE_22,6,1,wall,False,
ROUTE_22,7,1,wall,False,
ROUTE_22,8,0,wall,False,
ROUTE_22,9,0,wall,False,
ROUTE_22,8,1,wall,False,
ROUTE_22,9,1,wall,False,
ROUTE_22,10,0,wall,False,
ROUTE_22,11,0,wall,False,
ROUTE_22,10,1,wall,False,
ROUTE_22,11,1,wall,False,
ROUTE_22,12,0,wall,False,
ROUTE_22,13,0,wall,False,
ROUTE_22,12,1,wall,False,
ROUTE_22,13,1,wall,False,
ROUTE_22,14,0,ledge,True,left
ROUTE_22,15,0,wall,False,
ROUTE_22,14,1,ledge,True,left
ROUTE_22,15,1,wall,False,
ROUTE_22,16,0,wall,False,
ROUTE_22,17,0,wall,False,
ROUTE_22,16,1,wall,False,
ROUTE_22,17,1,wall,False,
ROUTE_22,18,0,wall,False,
ROUTE_22,19,0,wall,False,
ROUTE_22,18,1,wall,False,
ROUTE_22,19,1,wall,False,
ROUTE_22,20,0,wall,False,
ROUTE_22,21,0,wall,False,
ROUTE_22,20,1,wall,False,
ROUTE_22,21,1,wall,False,
ROUTE_22,22,0,wall,False,
ROUTE_22,23,0,wall,False,
ROUTE_22,22,1,wall,False,
ROUTE_22,23,1,wall,False,
ROUTE_22,24,0,wall,False,
ROUTE_22,25,0,wall,False,
ROUTE_22,24,1,wall,False,
ROUTE_22,25,1,wall,False,
ROUTE_22,26,0,wall,False,
ROUTE_22,27,0,wall,False,
ROUTE_22,26,1,wall,False,
ROUTE_22,27,1,wall,False,
ROUTE_22,28,0,wall,False,
ROUTE_22,29,0,wall,False,
ROUTE_22,28,1,wall,False,
ROUTE_22,29,1,wall,False,
ROUTE_22,30,0,wall,False,
ROUTE_22,31,0,wall,False,
ROUTE_22,30,1,ledge,True,down
ROUTE_22,31,1,ledge,True,down
ROUTE_22,32,0,wall,False,
ROUTE_22,33,0,wall,False,
ROUTE_22,32,1,ledge,True,down
ROUTE_22,33,1,ledge,True,down
ROUTE_22,34,0,wall,False,
ROUTE_22,35,0,wall,False,
ROUTE_22,34,1,ledge,True,down
ROUTE_22,35,1,ledge,True,down
ROUTE_22,36,0,wall,False,
ROUTE_22,37,0,wall,False,
ROUTE_22,36,1,wall,False,
ROUTE_22,37,1,wall,False,
ROUTE_22,38,0,wall,False,
ROUTE_22,39,0,wall,False,
ROUTE_22,38,1,wall,False,
ROUTE_22,39,1,wall,False,
ROUTE_22,0,2,wall,False,
ROUTE_22,1,2,wall,False,
ROUTE_22,0,3,wall,False,
ROUTE_22,1,3,wall,False,
ROUTE_22,2,2,wall,False,
ROUTE_22,3,2,wall,False,
ROUTE_22,2,3,wall,False,
ROUTE_22,3,3,wall,False,
ROUTE_22,4,2,wall,False,
ROUTE_22,5,2,wall,False,
ROUTE_22,4,3,wall,False,
ROUTE_22,5,3,wall,False,
ROUTE_22,6,2,wall,False,
ROUTE_22,7,2,wall,False,
ROUTE_22,6,3,wall,False,
ROUTE_22,7,3,wall,False,
ROUTE_22,8,2,wall,False,
ROUTE_22,9,2,wall,False,
ROUTE_22,8,3,wall,False,
ROUTE_22,9,3,wall,False,
ROUTE_22,10,2,wall,False,
ROUTE_22,11,2,wall,False,
ROUTE_22,10,3,wall,False,
ROUTE_22,11,3,wall,False,
ROUTE_22,12,2,wall,False,
ROUTE_22,13,2,wall,False,
ROUTE_22,12,3,wall,False,
ROUTE_22,13,3,wall,False,
ROUTE_22,14,2,ledge,True,left
ROUTE_22,15,2,wall,False,
ROUTE_22,14,3,ledge,True,down
ROUTE_22,15,3,ledge,True,down
ROUTE_22,16,2,wall,False,
ROUTE_22,17,2,wall,False,
ROUTE_22,16,3,ledge,True,down
ROUTE_22,17,3,ledge,True,down
ROUTE_22,18,2,wall,False,
ROUTE_22,19,2,wall,False,
ROUTE_22,18,3,ledge,True,down
ROUTE_22,19,3,ledge,True,down
ROUTE_22,20,2,wall,False,
ROUTE_22,21,2,wall,False,
ROUTE_22,20,3,ledge,True,down
ROUTE_22,21,3,ledge,True,down
ROUTE_22,22,2,wall,False,
ROUTE_22,23,2,wall,False,
ROUTE_22,22,3,ledge,True,down
ROUTE_22,23,3,ledge,True,down
ROUTE_22,24,2,wall,False,
ROUTE_22,25,2,wall,False,
ROUTE_22,24,3,ledge,True,down
ROUTE_22,25,3,ledge,True,down
ROUTE_22,26,2,wall,False,
ROUTE_22,27,2,wall,False,
ROUTE_22,26,3,ledge,True,down
ROUTE_22,27,3,ledge,True,down
ROUTE_22,28,2,wall,False,
ROUTE_22,29,2,wall,False,
ROUTE_22,28,3,ledge,True,down
ROUTE_22,29,3,ledge,True,down
ROUTE_22,30,2,path,True,
ROUTE_22,31,2,path,True,
ROUTE_22,30,3,ledge,True,down
ROUTE_22,31,3,ledge,True,down
ROUTE_22,32,2,path,True,
ROUTE_22,33,2,path,True,
ROUTE_22,32,3,ledge,True,down
ROUTE_22,33,3,path,True,
ROUTE_22,34,2,path,True,
ROUTE_22,35,2,path,True,
ROUTE_22,34,3,ledge,True,down
ROUTE_22,35,3,ledge,True,down
ROUTE_22,36,2,ledge,True,left
ROUTE_22,37,2,wall,False,
ROUTE_22,36,3,ledge,True,left
ROUTE_22,37,3,wall,False,
ROUTE_22,38,2,wall,False,
ROUTE_22,39,2,wall,False,
ROUTE_22,38,3,wall,False,
ROUTE_22,39,3,wall,False,
ROUTE_22,0,4,wall,False,
ROUTE_22,1,4,wall,False,
ROUTE_22,0,5,wall,False,
ROUTE_22,1,5,wall,False,
ROUTE_22,2,4,wall,False,
ROUTE_22,3,4,wall,False,
ROUTE_22,2,5,wall,False,
ROUTE_22,3,5,wall,False,
ROUTE_22,4,4,wall,False,
ROUTE_22,5,4,wall,False,
ROUTE_22,4,5,wall,False,
ROUTE_22,5,5,wall,False,
ROUTE_22,6,4,wall,False,
ROUTE_22,7,4,wall,False,
ROUTE_22,6,5,wall,False,
ROUTE_22,7,5,wall,False,
ROUTE_22,8,4,wall,False,
ROUTE_22,9,4,wall,False,
ROUTE_22,8,5,path,True,
ROUTE_22,9,5,wall,False,
ROUTE_22,10,4,wall,False,
ROUTE_22,11,4,wall,False,
ROUTE_22,10,5,wall,False,
ROUTE_22,11,5,wall,False,
ROUTE_22,12,4,wall,False,
ROUTE_22,13,4,wall,False,
ROUTE_22,12,5,wall,False,
ROUTE_22,13,5,wall,False,
ROUTE_22,14,4,wall,False,
ROUTE_22,15,4,wall,False,
ROUTE_22,14,5,wall,False,
ROUTE_22,15,5,wall,False,
ROUTE_22,16,4,path,True,
ROUTE_22,17,4,path,True,
ROUTE_22,16,5,path,True,
ROUTE_22,17,5,path,True,
ROUTE_22,18,4,path,True,
ROUTE_22,19,4,path,True,
ROUTE_22,18,5,path,True,
ROUTE_22,19,5,path,True,
ROUTE_22,20,4,path,True,
ROUTE_22,21,4,path,True,
ROUTE_22,20,5,path,True,
ROUTE_22,21,5,path,True,
ROUTE_22,22,4,path,True,
ROUTE_22,23,4,path,True,
ROUTE_22,22,5,path,True,
ROUTE_22,23,5,path,True,
ROUTE_22,24,4,path,True,
ROUTE_22,25,4,path,True,
ROUTE_22,24,5,path,True,
ROUTE_22,25,5,path,True,
ROUTE_22,26,4,path,True,
ROUTE_22,27,4,path,True,
ROUTE_22,26,5,path,True,
ROUTE_22,27,5,path,True,
ROUTE_22,28,4,path,True,
ROUTE_22,29,4,path,True,
ROUTE_22,28,5,path,True,
ROUTE_22,29,5,path,True,
ROUTE_22,30,4,path,True,
ROUTE_22,31,4,path,True,
ROUTE_22,30,5,path,True,
ROUTE_22,31,5,path,True,
ROUTE_22,32,4,path,True,
ROUTE_22,33,4,path,True,
ROUTE_22,32,5,path,True,
ROUTE_22,33,5,path,True,
ROUTE_22,34,4,path,True,
ROUTE_22,35,4,path,True,
ROUTE_22,34,5,path,True,
ROUTE_22,35,5,path,True,
ROUTE_22,36,4,ledge,True,left
ROUTE_22,37,4,wall,False,
ROUTE_22,36,5,ledge,True,down
ROUTE_22,37,5,ledge,True,down
ROUTE_22,38,4,wall,False,
ROUTE_22,39,4,wall,False,
ROUTE_22,38,5,ledge,True,down
ROUTE_22,39,5,ledge,True,down
ROUTE_22,0,6,wall,False,
ROUTE_22,1,6,wall,False,
ROUTE_22,0,7,wall,False,
ROUTE_22,1,7,wall,False,
ROUTE_22,2,6,path,True,
ROUTE_22,3,6,path,True,
ROUTE_22,2,7,path,True,
ROUTE_22,3,7,path,True,
ROUTE_22,4,6,path,True,
ROUTE_22,5,6,path,True,
ROUTE_22,4,7,path,True,
ROUTE_22,5,7,path,True,
ROUTE_22,6,6,path,True,
ROUTE_22,7,6,path,True,
ROUTE_22,6,7,path,True,
ROUTE_22,7,7,path,True,
ROUTE_22,8,6,path,True,
ROUTE_22,9,6,path,True,
ROUTE_22,8,7,path,True,
ROUTE_22,9,7,path,True,
ROUTE_22,10,6,path,True,
ROUTE_22,11,6,path,True,
ROUTE_22,10,7,path,True,
ROUTE_22,11,7,path,True,
ROUTE_22,12,6,path,True,
ROUTE_22,13,6,path,True,
ROUTE_22,12,7,path,True,
ROUTE_22,13,7,path,True,
ROUTE_22,14,6,wall,False,
ROUTE_22,15,6,wall,False,
ROUTE_22,14,7,wall,False,
ROUTE_22,15,7,wall,False,
ROUTE_22,16,6,path,True,
ROUTE_22,17,6,path,True,
ROUTE_22,16,7,ledge,True,down
ROUTE_22,17,7,ledge,True,down
ROUTE_22,18,6,path,True,
ROUTE_22,19,6,path,True,
ROUTE_22,18,7,ledge,True,down
ROUTE_22,19,7,ledge,True,down
ROUTE_22,20,6,path,True,
ROUTE_22,21,6,path,True,
ROUTE_22,20,7,ledge,True,down
ROUTE_22,21,7,ledge,True,down
ROUTE_22,22,6,wall,False,
ROUTE_22,23,6,wall,False,
ROUTE_22,22,7,wall,False,
ROUTE_22,23,7,wall,False,
ROUTE_22,24,6,wall,False,
ROUTE_22,25,6,wall,False,
ROUTE_22,24,7,wall,False,
ROUTE_22,25,7,wall,False,
ROUTE_22,26,6,wall,False,
ROUTE_22,27,6,wall,False,
ROUTE_22,26,7,ledge,True,left
ROUTE_22,27,7,wall,False,
ROUTE_22,28,6,wall,False,
ROUTE_22,29,6,wall,False,
ROUTE_22,28,7,wall,False,
ROUTE_22,29,7,wall,False,
ROUTE_22,30,6,path,True,
ROUTE_22,31,6,path,True,
ROUTE_22,30,7,ledge,True,down
ROUTE_22,31,7,path,True,
ROUTE_22,32,6,path,True,
ROUTE_22,33,6,path,True,
ROUTE_22,32,7,ledge,True,down
ROUTE_22,33,7,ledge,True,down
ROUTE_22,34,6,wall,False,
ROUTE_22,35,6,wall,False,
ROUTE_22,34,7,wall,False,
ROUTE_22,35,7,path,True,
ROUTE_22,36,6,path,True,
ROUTE_22,37,6,path,True,
ROUTE_22,36,7,path,True,
ROUTE_22,37,7,path,True,
ROUTE_22,38,6,path,True,
ROUTE_22,39,6,path,True,
ROUTE_22,38,7,path,True,
ROUTE_22,39,7,path,True,
ROUTE_22,0,8,wall,False,
ROUTE_22,1,8,wall,False,
ROUTE_22,0,9,wall,False,
ROUTE_22,1,9,wall,False,
ROUTE_22,2,8,path,True,
ROUTE_22,3,8,path,True,
ROUTE_22,2,9,ledge,True,down
ROUTE_22,3,9,ledge,True,down
ROUTE_22,4,8,path,True,
ROUTE_22,5,8,path,True,
ROUTE_22,4,9,ledge,True,down
ROUTE_22,5,9,ledge,True,down
ROUTE_22,6,8,path,True,
ROUTE_22,7,8,path,True,
ROUTE_22,6,9,ledge,True,down
ROUTE_22,7,9,ledge,True,down
ROUTE_22,8,8,path,True,
ROUTE_22,9,8,path,True,
ROUTE_22,8,9,ledge,True,down
ROUTE_22,9,9,ledge,True,down
ROUTE_22,10,8,path,True,
ROUTE_22,11,8,path,True,
ROUTE_22,10,9,ledge,True,down
ROUTE_22,11,9,path,True,
ROUTE_22,12,8,path,True,
ROUTE_22,13,8,path,True,
ROUTE_22,12,9,ledge,True,down
ROUTE_22,13,9,ledge,True,down
ROUTE_22,14,8,wall,False,
ROUTE_22,15,8,wall,False,
ROUTE_22,14,9,wall,False,
ROUTE_22,15,9,wall,False,
ROUTE_22,16,8,grass,True,
ROUTE_22,17,8,grass,True,
ROUTE_22,16,9,grass,True,
ROUTE_22,17,9,grass,True,
ROUTE_22,18,8,grass,True,
ROUTE_22,19,8,grass,True,
ROUTE_22,18,9,grass,True,
ROUTE_22,19,9,grass,True,
ROUTE_22,20,8,grass,True,
ROUTE_22,21,8,grass,True,
ROUTE_22,20,9,grass,True,
ROUTE_22,21,9,grass,True,
ROUTE_22,22,8,wall,False,
ROUTE_22,23,8,wall,False,
ROUTE_22,22,9,wall,False,
ROUTE_22,23,9,wall,False,
ROUTE_22,24,8,wall,False,
ROUTE_22,25,8,wall,False,
ROUTE_22,24,9,wall,False,
ROUTE_22,25,9,wall,False,
ROUTE_22,26,8,ledge,True,left
ROUTE_22,27,8,wall,False,
ROUTE_22,26,9,ledge,True,left
ROUTE_22,27,9,wall,False,
ROUTE_22,28,8,wall,False,
ROUTE_22,29,8,wall,False,
ROUTE_22,28,9,wall,False,
ROUTE_22,29,9,wall,False,
ROUTE_22,30,8,grass,True,
ROUTE_22,31,8,grass,True,
ROUTE_22,30,9,grass,True,
ROUTE_22,31,9,grass,True,
ROUTE_22,32,8,grass,True,
ROUTE_22,33,8,grass,True,
ROUTE_22,32,9,grass,True,
ROUTE_22,33,9,grass,True,
ROUTE_22,34,8,wall,False,
ROUTE_22,35,8,path,True,
ROUTE_22,34,9,wall,False,
ROUTE_22,35,9,path,True,
ROUTE_22,36,8,path,True,
ROUTE_22,37,8,path,True,
ROUTE_22,36,9,path,True,
ROUTE_22,37,9,path,True,
ROUTE_22,38,8,path,True,
ROUTE_22,39,8,path,True,
ROUTE_22,38,9,path,True,
ROUTE_22,39,9,path,True,
ROUTE_22,0,10,wall,False,
ROUTE_22,1,10,wall,False,
ROUTE_22,0,11,wall,False,
ROUTE_22,1,11,wall,False,
ROUTE_22,2,10,path,True,
ROUTE_22,3,10,path,True,
ROUTE_22,2,11,path,True,
ROUTE_22,3,11,path,True,
ROUTE_22,4,10,path,True,
ROUTE_22,5,10,path,True,
ROUTE_22,4,11,path,True,
ROUTE_22,5,11,path,True,
ROUTE_22,6,10,path,True,
ROUTE_22,7,10,path,True,
ROUTE_22,6,11,wall,False,
ROUTE_22,7,11,wall,False,
ROUTE_22,8,10,path,True,
ROUTE_22,9,10,path,True,
ROUTE_22,8,11,wall,False,
ROUTE_22,9,11,wall,False,
ROUTE_22,10,10,path,True,
ROUTE_22,11,10,path,True,
ROUTE_22,10,11,wall,False,
ROUTE_22,11,11,wall,False,
ROUTE_22,12,10,path,True,
ROUTE_22,13,10,path,True,
ROUTE_22,12,11,wall,False,
ROUTE_22,13,11,wall,False,
ROUTE_22,14,10,wall,False,
ROUTE_22,15,10,wall,False,
ROUTE_22,14,11,wall,False,
ROUTE_22,15,11,wall,False,
ROUTE_22,16,10,grass,True,
ROUTE_22,17,10,grass,True,
ROUTE_22,16,11,grass,True,
ROUTE_22,17,11,grass,True,
ROUTE_22,18,10,grass,True,
ROUTE_22,19,10,grass,True,
ROUTE_22,18,11,grass,True,
ROUTE_22,19,11,grass,True,
ROUTE_22,20,10,grass,True,
ROUTE_22,21,10,grass,True,
ROUTE_22,20,11,grass,True,
ROUTE_22,21,11,grass,True,
ROUTE_22,22,10,path,True,
ROUTE_22,23,10,path,True,
ROUTE_22,22,11,path,True,
ROUTE_22,23,11,path,True,
ROUTE_22,24,10,path,True,
ROUTE_22,25,10,path,True,
ROUTE_22,24,11,path,True,
ROUTE_22,25,11,path,True,
ROUTE_22,26,10,ledge,True,left
ROUTE_22,27,10,wall,False,
ROUTE_22,26,11,ledge,True,left
ROUTE_22,27,11,wall,False,
ROUTE_22,28,10,wall,False,
ROUTE_22,29,10,wall,False,
ROUTE_22,28,11,wall,False,
ROUTE_22,29,11,wall,False,
ROUTE_22,30,10,grass,True,
ROUTE_22,31,10,grass,True,
ROUTE_22,30,11,grass,True,
ROUTE_22,31,11,grass,True,
ROUTE_22,32,10,grass,True,
ROUTE_22,33,10,grass,True,
ROUTE_22,32,11,grass,True,
ROUTE_22,33,11,grass,True,
ROUTE_22,34,10,wall,False,
ROUTE_22,35,10,path,True,
ROUTE_22,34,11,wall,False,
ROUTE_22,35,11,path,True,
ROUTE_22,36,10,path,True,
ROUTE_22,37,10,path,True,
ROUTE_22,36,11,path,True,
ROUTE_22,37,11,path,True,
ROUTE_22,38,10,wall,False,
ROUTE_22,39,10,wall,False,
ROUTE_22,38,11,ledge,True,left
ROUTE_22,39,11,wall,False,
ROUTE_22,0,12,wall,False,
ROUTE_22,1,12,wall,False,
ROUTE_22,0,13,wall,False,
ROUTE_22,1,13,wall,False,
ROUTE_22,2,12,path,True,
ROUTE_22,3,12,path,True,
ROUTE_22,2,13,ledge,True,down
ROUTE_22,3,13,ledge,True,down
ROUTE_22,4,12,path,True,
ROUTE_22,5,12,path,True,
ROUTE_22,4,13,ledge,True,down
ROUTE_22,5,13,ledge,True,down
ROUTE_22,6,12,path,True,
ROUTE_22,7,12,path,True,
ROUTE_22,6,13,ledge,True,down
ROUTE_22,7,13,ledge,True,down
ROUTE_22,8,12,path,True,
ROUTE_22,9,12,path,True,
ROUTE_22,8,13,ledge,True,down
ROUTE_22,9,13,ledge,True,down
ROUTE_22,10,12,path,True,
ROUTE_22,11,12,path,True,
ROUTE_22,10,13,ledge,True,down
ROUTE_22,11,13,ledge,True,down
ROUTE_22,12,12,path,True,
ROUTE_22,13,12,path,True,
ROUTE_22,12,13,ledge,True,down
ROUTE_22,13,13,ledge,True,down
ROUTE_22,14,12,path,True,
ROUTE_22,15,12,path,True,
ROUTE_22,14,13,ledge,True,down
ROUTE_22,15,13,ledge,True,down
ROUTE_22,16,12,path,True,
ROUTE_22,17,12,path,True,
ROUTE_22,16,13,ledge,True,down
ROUTE_22,17,13,ledge,True,down
ROUTE_22,18,12,path,True,
ROUTE_22,19,12,path,True,
ROUTE_22,18,13,ledge,True,down
ROUTE_22,19,13,ledge,True,down
ROUTE_22,20,12,path,True,
ROUTE_22,21,12,path,True,
ROUTE_22,20,13,ledge,True,down
ROUTE_22,21,13,ledge,True,down
ROUTE_22,22,12,path,True,
ROUTE_22,23,12,path,True,
ROUTE_22,22,13,ledge,True,down
ROUTE_22,23,13,ledge,True,down
ROUTE_22,24,12,path,True,
ROUTE_22,25,12,path,True,
ROUTE_22,24,13,ledge,True,down
ROUTE_22,25,13,ledge,True,down
ROUTE_22,26,12,ledge,True,left
ROUTE_22,27,12,wall,False,
ROUTE_22,26,13,ledge,True,down
ROUTE_22,27,13,ledge,True,down
ROUTE_22,28,12,wall,False,
ROUTE_22,29,12,wall,False,
ROUTE_22,28,13,ledge,True,down
ROUTE_22,29,13,ledge,True,down
ROUTE_22,30,12,path,True,
ROUTE_22,31,12,path,True,
ROUTE_22,30,13,ledge,True,down
ROUTE_22,31,13,ledge,True,down
ROUTE_22,32,12,path,True,
ROUTE_22,33,12,path,True,
ROUTE_22,32,13,ledge,True,down
ROUTE_22,33,13,path,True,
ROUTE_22,34,12,path,True,
ROUTE_22,35,12,path,True,
ROUTE_22,34,13,ledge,True,down
ROUTE_22,35,13,ledge,True,down
ROUTE_22,36,12,path,True,
ROUTE_22,37,12,path,True,
ROUTE_22,36,13,ledge,True,down
ROUTE_22,37,13,ledge,True,down
ROUTE_22,38,12,ledge,True,left
ROUTE_22,39,12,wall,False,
ROUTE_22,38,13,ledge,True,left
ROUTE_22,39,13,wall,False,
ROUTE_22,0,14,wall,False,
ROUTE_22,1,14,wall,False,
ROUTE_22,0,15,wall,False,
ROUTE_22,1,15,wall,False,
ROUTE_22,2,14,path,True,
ROUTE_22,3,14,path,True,
ROUTE_22,2,15,path,True,
ROUTE_22,3,15,path,True,
ROUTE_22,4,14,path,True,
ROUTE_22,5,14,path,True,
ROUTE_22,4,15,path,True,
ROUTE_22,5,15,path,True,
ROUTE_22,6,14,path,True,
ROUTE_22,7,14,path,True,
ROUTE_22,6,15,path,True,
ROUTE_22,7,15,path,True,
ROUTE_22,8,14,path,True,
ROUTE_22,9,14,path,True,
ROUTE_22,8,15,path,True,
ROUTE_22,9,15,path,True,
ROUTE_22,10,14,path,True,
ROUTE_22,11,14,path,True,
ROUTE_22,10,15,path,True,
ROUTE_22,11,15,path,True,
ROUTE_22,12,14,path,True,
ROUTE_22,13,14,path,True,
ROUTE_22,12,15,path,True,
ROUTE_22,13,15,path,True,
ROUTE_22,14,14,path,True,
ROUTE_22,15,14,path,True,
ROUTE_22,14,15,path,True,
ROUTE_22,15,15,path,True,
ROUTE_22,16,14,path,True,
ROUTE_22,17,14,path,True,
ROUTE_22,16,15,path,True,
ROUTE_22,17,15,path,True,
ROUTE_22,18,14,path,True,
ROUTE_22,19,14,path,True,
ROUTE_22,18,15,path,True,
ROUTE_22,19,15,path,True,
ROUTE_22,20,14,path,True,
ROUTE_22,21,14,path,True,
ROUTE_22,20,15,path,True,
ROUTE_22,21,15,path,True,
ROUTE_22,22,14,path,True,
ROUTE_22,23,14,path,True,
ROUTE_22,22,15,path,True,
ROUTE_22,23,15,path,True,
ROUTE_22,24,14,path,True,
ROUTE_22,25,14,path,True,
ROUTE_22,24,15,path,True,
ROUTE_22,25,15,path,True,
ROUTE_22,26,14,path,True,
ROUTE_22,27,14,path,True,
ROUTE_22,26,15,path,True,
ROUTE_22,27,15,path,True,
ROUTE_22,28,14,path,True,
ROUTE_22,29,14,path,True,
ROUTE_22,28,15,path,True,
ROUTE_22,29,15,path,True,
ROUTE_22,30,14,path,True,
ROUTE_22,31,14,path,True,
ROUTE_22,30,15,path,True,
ROUTE_22,31,15,path,True,
ROUTE_22,32,14,path,True,
ROUTE_22,33,14,path,True,
ROUTE_22,32,15,path,True,
ROUTE_22,33,15,path,True,
ROUTE_22,34,14,path,True,
ROUTE_22,35,14,path,True,
ROUTE_22,34,15,path,True,
ROUTE_22,35,15,path,True,
ROUTE_22,36,14,path,True,
ROUTE_22,37,14,path,True,
ROUTE_22,36,15,path,True,
ROUTE_22,37,15,path,True,
ROUTE_22,38,14,ledge,True,left
ROUTE_22,39,14,wall,False,
ROUTE_22,38,15,ledge,True,left
ROUTE_22,39,15,wall,False,
ROUTE_22,0,16,wall,False,
ROUTE_22,1,16,wall,False,
ROUTE_22,0,17,wall,False,
ROUTE_22,1,17,wall,False,
ROUTE_22,2,16,wall,False,
ROUTE_22,3,16,wall,False,
ROUTE_22,2,17,wall,False,
ROUTE_22,3,17,wall,False,
ROUTE_22,4,16,wall,False,
ROUTE_22,5,16,wall,False,
ROUTE_22,4,17,wall,False,
ROUTE_22,5,17,wall,False,
ROUTE_22,6,16,wall,False,
ROUTE_22,7,16,wall,False,
ROUTE_22,6,17,wall,False,
ROUTE_22,7,17,wall,False,
ROUTE_22,8,16,wall,False,
ROUTE_22,9,16,wall,False,
ROUTE_22,8,17,wall,False,
ROUTE_22,9,17,wall,False,
ROUTE_22,10,16,wall,False,
ROUTE_22,11,16,wall,False,
ROUTE_22,10,17,wall,False,
ROUTE_22,11,17,wall,False,
ROUTE_22,12,16,wall,False,
ROUTE_22,13,16,wall,False,
ROUTE_22,12,17,wall,False,
ROUTE_22,13,17,wall,False,
ROUTE_22,14,16,wall,False,
ROUTE_22,15,16,wall,False,
ROUTE_22,14,17,wall,False,
ROUTE_22,15,17,wall,False,
ROUTE_22,16,16,wall,False,
ROUTE_22,17,16,wall,False,
ROUTE_22,16,17,wall,False,
ROUTE_22,17,17,wall,False,
ROUTE_22,18,16,wall,False,
ROUTE_22,19,16,wall,False,
ROUTE_22,18,17,wall,False,
ROUTE_22,19,17,wall,False,
ROUTE_22,20,16,wall,False,
ROUTE_22,21,16,wall,False,
ROUTE_22,20,17,wall,False,
ROUTE_22,21,17,wall,False,
ROUTE_22,22,16,wall,False,
ROUTE_22,23,16,wall,False,
ROUTE_22,22,17,wall,False,
ROUTE_22,23,17,wall,False,
ROUTE_22,24,16,wall,False,
ROUTE_22,25,16,wall,False,
ROUTE_22,24,17,wall,False,
ROUTE_22,25,17,wall,False,
ROUTE_22,26,16,wall,False,
ROUTE_22,27,16,wall,False,
ROUTE_22,26,17,wall,False,
ROUTE_22,27,17,wall,False,
ROUTE_22,28,16,wall,False,
ROUTE_22,29,16,wall,False,
ROUTE_22,28,17,wall,False,
ROUTE_22,29,17,wall,False,
ROUTE_22,30,16,wall,False,
ROUTE_22,31,16,wall,False,
ROUTE_22,30,17,wall,False,
ROUTE_22,31,17,wall,False,
ROUTE_22,32,16,wall,False,
ROUTE_22,33,16,wall,False,
ROUTE_22,32,17,wall,False,
ROUTE_22,33,17,wall,False,
ROUTE_22,34,16,wall,False,
ROUTE_22,35,16,wall,False,
ROUTE_22,34,17,wall,False,
ROUTE_22,35,17,wall,False,
ROUTE_22,36,16,wall,False,
ROUTE_22,37,16,wall,False,
ROUTE_22,36,17,wall,False,
ROUTE_22,37,17,wall,False,
ROUTE_22,38,16,wall,False,
ROUTE_22,39,16,wall,False,
ROUTE_22,38,17,wall,False,
ROUTE_22,39,17,wall,False,
PLAYERS_HOUSE_1F,0,0,wall,False,
PLAYERS_HOUSE_1F,1,0,wall,False,
PLAYERS_HOUSE_1F,0,1,wall,False,
PLAYERS_HOUSE_1F,1,1,wall,False,
PLAYERS_HOUSE_1F,2,0,wall,False,
PLAYERS_HOUSE_1F,3,0,wall,False,
PLAYERS_HOUSE_1F,2,1,path,True,
PLAYERS_HOUSE_1F,3,1,wall,False,
PLAYERS_HOUSE_1F,4,0,wall,False,
PLAYERS_HOUSE_1F,5,0,wall,False,
PLAYERS_HOUSE_1F,4,1,path,True,
PLAYERS_HOUSE_1F,5,1,path,True,
PLAYERS_HOUSE_1F,6,0,wall,False,
PLAYERS_HOUSE_1F,7,0,wall,False,
PLAYERS_HOUSE_1F,6,1,path,True,
PLAYERS_HOUSE_1F,7,1,path,True,
PLAYERS_HOUSE_1F,0,2,path,True,
PLAYERS_HOUSE_1F,1,2,path,True,
PLAYERS_HOUSE_1F,0,3,path,True,
PLAYERS_HOUSE_1F,1,3,path,True,
PLAYERS_HOUSE_1F,2,2,path,True,
PLAYERS_HOUSE_1F,3,2,path,True,
PLAYERS_HOUSE_1F,2,3,path,True,
PLAYERS_HOUSE_1F,3,3,path,True,
PLAYERS_HOUSE_1F,4,2,path,True,
PLAYERS_HOUSE_1F,5,2,path,True,
PLAYERS_HOUSE_1F,4,3,path,True,
PLAYERS_HOUSE_1F,5,3,path,True,
PLAYERS_HOUSE_1F,6,2,path,True,
PLAYERS_HOUSE_1F,7,2,path,True,
PLAYERS_HOUSE_1F,6,3,path,True,
PLAYERS_HOUSE_1F,7,3,path,True,
PLAYERS_HOUSE_1F,0,4,path,True,
PLAYERS_HOUSE_1F,1,4,path,True,
PLAYERS_HOUSE_1F,0,5,path,True,
PLAYERS_HOUSE_1F,1,5,path,True,
PLAYERS_HOUSE_1F,2,4,path,True,
PLAYERS_HOUSE_1F,3,4,wall,False,
PLAYERS_HOUSE_1F,2,5,path,True,
PLAYERS_HOUSE_1F,3,5,wall,False,
PLAYERS_HOUSE_1F,4,4,wall,False,
PLAYERS_HOUSE_1F,5,4,path,True,
PLAYERS_HOUSE_1F,4,5,wall,False,
PLAYERS_HOUSE_1F,5,5,path,True,
PLAYERS_HOUSE_1F,6,4,path,True,
PLAYERS_HOUSE_1F,7,4,path,True,
PLAYERS_HOUSE_1F,6,5,path,True,
PLAYERS_HOUSE_1F,7,5,path,True,
PLAYERS_HOUSE_1F,0,6,path,True,
PLAYERS_HOUSE_1F,1,6,path,True,
PLAYERS_HOUSE_1F,0,7,path,True,
PLAYERS_HOUSE_1F,1,7,path,True,
PLAYERS_HOUSE_1F,2,6,path,True,
PLAYERS_HOUSE_1F,3,6,path,True,
PLAYERS_HOUSE_1F,2,7,path,True,
PLAYERS_HOUSE_1F,3,7,path,True,
PLAYERS_HOUSE_1F,4,6,path,True,
PLAYERS_HOUSE_1F,5,6,path,True,
PLAYERS_HOUSE_1F,4,7,path,True,
PLAYERS_HOUSE_1F,5,7,path,True,
PLAYERS_HOUSE_1F,6,6,path,True,
PLAYERS_HOUSE_1F,7,6,path,True,
PLAYERS_HOUSE_1F,6,7,path,True,
PLAYERS_HOUSE_1F,7,7,path,True,
PLAYERS_HOUSE_2F,0,0,wall,False,
PLAYERS_HOUSE_2F,1,0,wall,False,
PLAYERS_HOUSE_2F,0,1,wall,False,
PLAYERS_HOUSE_2F,1,1,wall,False,
PLAYERS_HOUSE_2F,2,0,wall,False,
PLAYERS_HOUSE_2F,3,0,wall,False,
PLAYERS_HOUSE_2F,2,1,wall,False,
PLAYERS_HOUSE_2F,3,1,path,True,
PLAYERS_HOUSE_2F,4,0,wall,False,
PLAYERS_HOUSE_2F,5,0,wall,False,
PLAYERS_HOUSE_2F,4,1,path,True,
PLAYERS_HOUSE_2F,5,1,path,True,
PLAYERS_HOUSE_2F,6,0,wall,False,
PLAYERS_HOUSE_2F,7,0,wall,False,
PLAYERS_HOUSE_2F,6,1,path,True,
PLAYERS_HOUSE_2F,7,1,path,True,
PLAYERS_HOUSE_2F,0,2,path,True,
PLAYERS_HOUSE_2F,1,2,path,True,
PLAYERS_HOUSE_2F,0,3,path,True,
PLAYERS_HOUSE_2F,1,3,path,True,
PLAYERS_HOUSE_2F,2,2,path,True,
PLAYERS_HOUSE_2F,3,2,path,True,
PLAYERS_HOUSE_2F,2,3,path,True,
PLAYERS_HOUSE_2F,3,3,path,True,
PLAYERS_HOUSE_2F,4,2,path,True,
PLAYERS_HOUSE_2F,5,2,path,True,
PLAYERS_HOUSE_2F,4,3,path,True,
PLAYERS_HOUSE_2F,5,3,path,True,
PLAYERS_HOUSE_2F,6,2,path,True,
PLAYERS_HOUSE_2F,7,2,path,True,
PLAYERS_HOUSE_2F,6,3,path,True,
PLAYERS_HOUSE_2F,7,3,path,True,
PLAYERS_HOUSE_2F,0,4,path,True,
PLAYERS_HOUSE_2F,1,4,path,True,
PLAYERS_HOUSE_2F,0,5,path,True,
PLAYERS_HOUSE_2F,1,5,path,True,
PLAYERS_HOUSE_2F,2,4,path,True,
PLAYERS_HOUSE_2F,3,4,wall,False,
PLAYERS_HOUSE_2F,2,5,path,True,
PLAYERS_HOUSE_2F,3,5,wall,False,
PLAYERS_HOUSE_2F,4,4,path,True,
PLAYERS_HOUSE_2F,5,4,path,True,
PLAYERS_HOUSE_2F,4,5,path,True,
PLAYERS_HOUSE_2F,5,5,path,True,
PLAYERS_HOUSE_2F,6,4,path,True,
PLAYERS_HOUSE_2F,7,4,path,True,
PLAYERS_HOUSE_2F,6,5,path,True,
PLAYERS_HOUSE_2F,7,5,path,True,
PLAYERS_HOUSE_2F,0,6,wall,False,
PLAYERS_HOUSE_2F,1,6,path,True,
PLAYERS_HOUSE_2F,0,7,wall,False,
PLAYERS_HOUSE_2F,1,7,path,True,
PLAYERS_HOUSE_2F,2,6,path,True,
PLAYERS_HOUSE_2F,3,6,path,True,
PLAYERS_HOUSE_2F,2,7,path,True,
PLAYERS_HOUSE_2F,3,7,path,True,
PLAYERS_HOUSE_2F,4,6,path,True,
PLAYERS_HOUSE_2F,5,6,path,True,
PLAYERS_HOUSE_2F,4,7,path,True,
PLAYERS_HOUSE_2F,5,7,path,True,
PLAYERS_HOUSE_2F,6,6,wall,False,
PLAYERS_HOUSE_2F,7,6,path,True,
PLAYERS_HOUSE_2F,6,7,wall,False,
PLAYERS_HOUSE_2F,7,7,path,True,
RIVALS_HOUSE,0,0,wall,False,
RIVALS_HOUSE,1,0,wall,False,
RIVALS_HOUSE,0,1,wall,False,
RIVALS_HOUSE,1,1,wall,False,
RIVALS_HOUSE,2,0,wall,False,
RIVALS_HOUSE,3,0,wall,False,
RIVALS_HOUSE,2,1,path,True,
RIVALS_HOUSE,3,1,path,True,
RIVALS_HOUSE,4,0,wall,False,
RIVALS_HOUSE,5,0,wall,False,
RIVALS_HOUSE,4,1,path,True,
RIVALS_HOUSE,5,1,path,True,
RIVALS_HOUSE,6,0,wall,False,
RIVALS_HOUSE,7,0,wall,False,
RIVALS_HOUSE,6,1,path,True,
RIVALS_HOUSE,7,1,wall,False,
RIVALS_HOUSE,0,2,path,True,
RIVALS_HOUSE,1,2,path,True,
RIVALS_HOUSE,0,3,path,True,
RIVALS_HOUSE,1,3,path,True,
RIVALS_HOUSE,2,2,path,True,
RIVALS_HOUSE,3,2,path,True,
RIVALS_HOUSE,2,3,path,True,
RIVALS_HOUSE,3,3,wall,False,
RIVALS_HOUSE,4,2,path,True,
RIVALS_HOUSE,5,2,path,True,
RIVALS_HOUSE,4,3,wall,False,
RIVALS_HOUSE,5,3,path,True,
RIVALS_HOUSE,6,2,path,True,
RIVALS_HOUSE,7,2,path,True,
RIVALS_HOUSE,6,3,path,True,
RIVALS_HOUSE,7,3,path,True,
RIVALS_HOUSE,0,4,path,True,
RIVALS_HOUSE,1,4,path,True,
RIVALS_HOUSE,0,5,path,True,
RIVALS_HOUSE,1,5,path,True,
RIVALS_HOUSE,2,4,path,True,
RIVALS_HOUSE,3,4,wall,False,
RIVALS_HOUSE,2,5,path,True,
RIVALS_HOUSE,3,5,path,True,
RIVALS_HOUSE,4,4,wall,False,
RIVALS_HOUSE,5,4,path,True,
RIVALS_HOUSE,4,5,path,True,
RIVALS_HOUSE,5,5,path,True,
RIVALS_HOUSE,6,4,path,True,
RIVALS_HOUSE,7,4,path,True,
RIVALS_HOUSE,6,5,path,True,
RIVALS_HOUSE,7,5,path,True,
RIVALS_HOUSE,0,6,wall,False,
RIVALS_HOUSE,1,6,path,True,
RIVALS_HOUSE,0,7,wall,False,
RIVALS_HOUSE,1,7,path,True,
RIVALS_HOUSE,2,6,path,True,
RIVALS_HOUSE,3,6,path,True,
RIVALS_HOUSE,2,7,path,True,
RIVALS_HOUSE,3,7,path,True,
RIVALS_HOUSE,4,6,path,True,
RIVALS_HOUSE,5,6,path,True,
RIVALS_HOUSE,4,7,path,True,
RIVALS_HOUSE,5,7,path,True,
RIVALS_HOUSE,6,6,path,True,
RIVALS_HOUSE,7,6,wall,False,
RIVALS_HOUSE,6,7,path,True,
RIVALS_HOUSE,7,7,wall,False,
OAKS_LAB,0,0,wall,False,
OAKS_LAB,1,0,wall,False,
OAKS_LAB,0,1,wall,False,
OAKS_LAB,1,1,wall,False,
OAKS_LAB,2,0,wall,False,
OAKS_LAB,3,0,wall,False,
OAKS_LAB,2,1,wall,False,
OAKS_LAB,3,1,wall,False,
OAKS_LAB,4,0,wall,False,
OAKS_LAB,5,0,wall,False,
OAKS_LAB,4,1,path,True,
OAKS_LAB,5,1,path,True,
OAKS_LAB,6,0,wall,False,
OAKS_LAB,7,0,wall,False,
OAKS_LAB,6,1,wall,False,
OAKS_LAB,7,1,wall,False,
OAKS_LAB,8,0,wall,False,
OAKS_LAB,9,0,wall,False,
OAKS_LAB,8,1,wall,False,
OAKS_LAB,9,1,wall,False,
OAKS_LAB,0,2,path,True,
OAKS_LAB,1,2,path,True,
OAKS_LAB,0,3,path,True,
OAKS_LAB,1,3,path,True,
OAKS_LAB,2,2,path,True,
OAKS_LAB,3,2,path,True,
OAKS_LAB,2,3,path,True,
OAKS_LAB,3,3,path,True,
OAKS_LAB,4,2,path,True,
OAKS_LAB,5,2,path,True,
OAKS_LAB,4,3,path,True,
OAKS_LAB,5,3,path,True,
OAKS_LAB,6,2,path,True,
OAKS_LAB,7,2,path,True,
OAKS_LAB,6,3,wall,False,
OAKS_LAB,7,3,wall,False,
OAKS_LAB,8,2,path,True,
OAKS_LAB,9,2,path,True,
OAKS_LAB,8,3,wall,False,
OAKS_LAB,9,3,wall,False,
OAKS_LAB,0,4,path,True,
OAKS_LAB,1,4,path,True,
OAKS_LAB,0,5,path,True,
OAKS_LAB,1,5,path,True,
OAKS_LAB,2,4,path,True,
OAKS_LAB,3,4,path,True,
OAKS_LAB,2,5,path,True,
OAKS_LAB,3,5,path,True,
OAKS_LAB,4,4,path,True,
OAKS_LAB,5,4,path,True,
OAKS_LAB,4,5,path,True,
OAKS_LAB,5,5,path,True,
OAKS_LAB,6,4,path,True,
OAKS_LAB,7,4,path,True,
OAKS_LAB,6,5,path,True,
OAKS_LAB,7,5,path,True,
OAKS_LAB,8,4,path,True,
OAKS_LAB,9,4,path,True,
OAKS_LAB,8,5,path,True,
OAKS_LAB,9,5,path,True,
OAKS_LAB,0,6,wall,False,
OAKS_LAB,1,6,wall,False,
OAKS_LAB,0,7,wall,False,
OAKS_LAB,1,7,wall,False,
OAKS_LAB,2,6,wall,False,
OAKS_LAB,3,6,wall,False,
OAKS_LAB,2,7,wall,False,
OAKS_LAB,3,7,wall,False,
OAKS_LAB,4,6,path,True,
OAKS_LAB,5,6,path,True,
OAKS_LAB,4,7,path,True,
OAKS_LAB,5,7,path,True,
OAKS_LAB,6,6,wall,False,
OAKS_LAB,7,6,wall,False,
OAKS_LAB,6,7,wall,False,
OAKS_LAB,7,7,wall,False,
OAKS_LAB,8,6,wall,False,
OAKS_LAB,9,6,wall,False,
OAKS_LAB,8,7,wall,False,
OAKS_LAB,9,7,wall,False,
OAKS_LAB,0,8,path,True,
OAKS_LAB,1,8,path,True,
OAKS_LAB,0,9,path,True,
OAKS_LAB,1,9,path,True,
OAKS_LAB,2,8,path,True,
OAKS_LAB,3,8,path,True,
OAKS_LAB,2,9,path,True,
OAKS_LAB,3,9,path,True,
OAKS_LAB,4,8,path,True,
OAKS_LAB,5,8,path,True,
OAKS_LAB,4,9,path,True,
OAKS_LAB,5,9,path,True,
OAKS_LAB,6,8,path,True,
OAKS_LAB,7,8,path,True,
OAKS_LAB,6,9,path,True,
OAKS_LAB,7,9,path,True,
OAKS_LAB,8,8,path,True,
OAKS_LAB,9,8,path,True,
OAKS_LAB,8,9,path,True,
OAKS_LAB,9,9,path,True,
OAKS_LAB,0,10,path,True,
OAKS_LAB,1,10,path,True,
OAKS_LAB,0,11,path,True,
OAKS_LAB,1,11,path,True,
OAKS_LAB,2,10,path,True,
OAKS_LAB,3,10,path,True,
OAKS_LAB,2,11,path,True,
OAKS_LAB,3,11,path,True,
OAKS_LAB,4,10,path,True,
OAKS_LAB,5,10,path,True,
OAKS_LAB,4,11,path,True,
OAKS_LAB,5,11,path,True,
OAKS_LAB,6,10,path,True,
OAKS_LAB,7,10,path,True,
OAKS_LAB,6,11,path,True,
OAKS_LAB,7,11,path,True,
OAKS_LAB,8,10,path,True,
OAKS_LAB,9,10,path,True,
OAKS_LAB,8,11,path,True,
OAKS_LAB,9,11,path,True,
VIRIDIAN_POKECENTER,0,0,wall,False,
VIRIDIAN_POKECENTER,1,0,wall,False,
VIRIDIAN_POKECENTER,0,1,wall,False,
VIRIDIAN_POKECENTER,1,1,wall,False,
VIRIDIAN_POKECENTER,2,0,wall,False,
VIRIDIAN_POKECENTER,3,0,wall,False,
VIRIDIAN_POKECENTER,2,1,wall,False,
VIRIDIAN_POKECENTER,3,1,path,True,
VIRIDIAN_POKECENTER,4,0,wall,False,
VIRIDIAN_POKECENTER,5,0,wall,False,
VIRIDIAN_POKECENTER,4,1,path,True,
VIRIDIAN_POKECENTER,5,1,wall,False,
VIRIDIAN_POKECENTER,6,0,wall,False,
VIRIDIAN_POKECENTER,7,0,wall,False,
VIRIDIAN_POKECENTER,6,1,wall,False,
VIRIDIAN_POKECENTER,7,1,wall,False,
VIRIDIAN_POKECENTER,8,0,wall,False,
VIRIDIAN_POKECENTER,9,0,wall,False,
VIRIDIAN_POKECENTER,8,1,path,True,
VIRIDIAN_POKECENTER,9,1,path,True,
VIRIDIAN_POKECENTER,10,0,path,True,
VIRIDIAN_POKECENTER,11,0,wall,False,
VIRIDIAN_POKECENTER,10,1,path,True,
VIRIDIAN_POKECENTER,11,1,path,True,
VIRIDIAN_POKECENTER,12,0,path,True,
VIRIDIAN_POKECENTER,13,0,wall,False,
VIRIDIAN_POKECENTER,12,1,path,True,
VIRIDIAN_POKECENTER,13,1,path,True,
VIRIDIAN_POKECENTER,0,2,wall,False,
VIRIDIAN_POKECENTER,1,2,wall,False,
VIRIDIAN_POKECENTER,0,3,wall,False,
VIRIDIAN_POKECENTER,1,3,path,True,
VIRIDIAN_POKECENTER,2,2,wall,False,
VIRIDIAN_POKECENTER,3,2,wall,False,
VIRIDIAN_POKECENTER,2,3,path,True,
VIRIDIAN_POKECENTER,3,3,path,True,
VIRIDIAN_POKECENTER,4,2,wall,False,
VIRIDIAN_POKECENTER,5,2,wall,False,
VIRIDIAN_POKECENTER,4,3,path,True,
VIRIDIAN_POKECENTER,5,3,path,True,
VIRIDIAN_POKECENTER,6,2,wall,False,
VIRIDIAN_POKECENTER,7,2,wall,False,
VIRIDIAN_POKECENTER,6,3,path,True,
VIRIDIAN_POKECENTER,7,3,path,True,
VIRIDIAN_POKECENTER,8,2,wall,False,
VIRIDIAN_POKECENTER,9,2,wall,False,
VIRIDIAN_POKECENTER,8,3,path,True,
VIRIDIAN_POKECENTER,9,3,path,True,
VIRIDIAN_POKECENTER,10,2,wall,False,
VIRIDIAN_POKECENTER,11,2,path,True,
VIRIDIAN_POKECENTER,10,3,path,True,
VIRIDIAN_POKECENTER,11,3,path,True,
VIRIDIAN_POKECENTER,12,2,wall,False,
VIRIDIAN_POKECENTER,13,2,wall,False,
VIRIDIAN_POKECENTER,12,3,path,True,
VIRIDIAN_POKECENTER,13,3,wall,False,
VIRIDIAN_POKECENTER,0,4,wall,False,
VIRIDIAN_POKECENTER,1,4,path,True,
VIRIDIAN_POKECENTER,0,5,wall,False,
VIRIDIAN_POKECENTER,1,5,path,True,
VIRIDIAN_POKECENTER,2,4,path,True,
VIRIDIAN_POKECENTER,3,4,path,True,
VIRIDIAN_POKECENTER,2,5,path,True,
VIRIDIAN_POKECENTER,3,5,path,True,
VIRIDIAN_POKECENTER,4,4,path,True,
VIRIDIAN_POKECENTER,5,4,path,True,
VIRIDIAN_POKECENTER,4,5,path,True,
VIRIDIAN_POKECENTER,5,5,path,True,
VIRIDIAN_POKECENTER,6,4,path,True,
VIRIDIAN_POKECENTER,7,4,path,True,
VIRIDIAN_POKECENTER,6,5,path,True,
VIRIDIAN_POKECENTER,7,5,path,True,
VIRIDIAN_POKECENTER,8,4,path,True,
VIRIDIAN_POKECENTER,9,4,path,True,
VIRIDIAN_POKECENTER,8,5,path,True,
VIRIDIAN_POKECENTER,9,5,path,True,
VIRIDIAN_POKECENTER,10,4,path,True,
VIRIDIAN_POKECENTER,11,4,path,True,
VIRIDIAN_POKECENTER,10,5,path,True,
VIRIDIAN_POKECENTER,11,5,path,True,
VIRIDIAN_POKECENTER,12,4,path,True,
VIRIDIAN_POKECENTER,13,4,path,True,
VIRIDIAN_POKECENTER,12,5,path,True,
VIRIDIAN_POKECENTER,13,5,path,True,
VIRIDIAN_POKECENTER,0,6,wall,False,
VIRIDIAN_POKECENTER,1,6,wall,False,
VIRIDIAN_POKECENTER,0,7,wall,False,
VIRIDIAN_POKECENTER,1,7,wall,False,
VIRIDIAN_POKECENTER,2,6,path,True,
VIRIDIAN_POKECENTER,3,6,path,True,
VIRIDIAN_POKECENTER,2,7,path,True,
VIRIDIAN_POKECENTER,3,7,path,True,
VIRIDIAN_POKECENTER,4,6,path,True,
VIRIDIAN_POKECENTER,5,6,path,True,
VIRIDIAN_POKECENTER,4,7,path,True,
VIRIDIAN_POKECENTER,5,7,path,True,
VIRIDIAN_POKECENTER,6,6,wall,False,
VIRIDIAN_POKECENTER,7,6,wall,False,
VIRIDIAN_POKECENTER,6,7,wall,False,
VIRIDIAN_POKECENTER,7,7,wall,False,
VIRIDIAN_POKECENTER,8,6,path,True,
VIRIDIAN_POKECENTER,9,6,path,True,
VIRIDIAN_POKECENTER,8,7,path,True,
VIRIDIAN_POKECENTER,9,7,path,True,
VIRIDIAN_POKECENTER,10,6,path,True,
VIRIDIAN_POKECENTER,11,6,path,True,
VIRIDIAN_POKECENTER,10,7,path,True,
VIRIDIAN_POKECENTER,11,7,path,True,
VIRIDIAN_POKECENTER,12,6,wall,False,
VIRIDIAN_POKECENTER,13,6,wall,False,
VIRIDIAN_POKECENTER,12,7,wall,False,
VIRIDIAN_POKECENTER,13,7,wall,False,
VIRIDIAN_MART,0,0,wall,False,
VIRIDIAN_MART,1,0,wall,False,
VIRIDIAN_MART,0,1,wall,False,
VIRIDIAN_MART,1,1,wall,False,
VIRIDIAN_MART,2,0,wall,False,
VIRIDIAN_MART,3,0,wall,False,
VIRIDIAN_MART,2,1,wall,False,
VIRIDIAN_MART,3,1,wall,False,
VIRIDIAN_MART,4,0,wall,False,
VIRIDIAN_MART,5,0,wall,False,
VIRIDIAN_MART,4,1,wall,False,
VIRIDIAN_MART,5,1,wall,False,
VIRIDIAN_MART,6,0,wall,False,
VIRIDIAN_MART,7,0,wall,False,
VIRIDIAN_MART,6,1,wall,False,
VIRIDIAN_MART,7,1,wall,False,
VIRIDIAN_MART,0,2,wall,False,
VIRIDIAN_MART,1,2,wall,False,
VIRIDIAN_MART,0,3,wall,False,
VIRIDIAN_MART,1,3,wall,False,
VIRIDIAN_MART,2,2,path,True,
VIRIDIAN_MART,3,2,path,True,
VIRIDIAN_MART,2,3,path,True,
VIRIDIAN_MART,3,3,path,True,
VIRIDIAN_MART,4,2,path,True,
VIRIDIAN_MART,5,2,path,True,
VIRIDIAN_MART,4,3,wall,False,
VIRIDIAN_MART,5,3,wall,False,
VIRIDIAN_MART,6,2,path,True,
VIRIDIAN_MART,7,2,path,True,
VIRIDIAN_MART,6,3,wall,False,
VIRIDIAN_MART,7,3,wall,False,
VIRIDIAN_MART,0,4,wall,False,
VIRIDIAN_MART,1,4,wall,False,
VIRIDIAN_MART,0,5,path,True,
VIRIDIAN_MART,1,5,wall,False,
VIRIDIAN_MART,2,4,path,True,
VIRIDIAN_MART,3,4,path,True,
VIRIDIAN_MART,2,5,path,True,
VIRIDIAN_MART,3,5,path,True,
VIRIDIAN_MART,4,4,wall,False,
VIRIDIAN_MART,5,4,wall,False,
VIRIDIAN_MART,4,5,path,True,
VIRIDIAN_MART,5,5,path,True,
VIRIDIAN_MART,6,4,wall,False,
VIRIDIAN_MART,7,4,wall,False,
VIRIDIAN_MART,6,5,path,True,
VIRIDIAN_MART,7,5,path,True,
VIRIDIAN_MART,0,6,wall,False,
VIRIDIAN_MART,1,6,wall,False,
VIRIDIAN_MART,0,7,path,True,
VIRIDIAN_MART,1,7,path,True,
VIRIDIAN_MART,2,6,path,True,
VIRIDIAN_MART,3,6,path,True,
VIRIDIAN_MART,2,7,path,True,
VIRIDIAN_MART,3,7,path,True,
VIRIDIAN_MART,4,6,path,True,
VIRIDIAN_MART,5,6,path,True,
VIRIDIAN_MART,4,7,path,True,
VIRIDIAN_MART,5,7,path,True,
VIRIDIAN_MART,6,6,path,True,
VIRIDIAN_MART,7,6,path,True,
VIRIDIAN_MART,6,7,path,True,
VIRIDIAN_MART,7,7,path,True,
VIRIDIAN_GYM,0,0,wall,False,
VIRIDIAN_GYM,1,0,wall,False,
VIRIDIAN_GYM,0,1,wall,False,
VIRIDIAN_GYM,1,1,path,True,
VIRIDIAN_GYM,2,0,wall,False,
VIRIDIAN_GYM,3,0,wall,False,
VIRIDIAN_GYM,2,1,path,True,
VIRIDIAN_GYM,3,1,path,True,
VIRIDIAN_GYM,4,0,wall,False,
VIRIDIAN_GYM,5,0,wall,False,
VIRIDIAN_GYM,4,1,path,True,
VIRIDIAN_GYM,5,1,wall,False,
VIRIDIAN_GYM,6,0,wall,False,
VIRIDIAN_GYM,7,0,wall,False,
VIRIDIAN_GYM,6,1,path,True,
VIRIDIAN_GYM,7,1,path,True,
VIRIDIAN_GYM,8,0,wall,False,
VIRIDIAN_GYM,9,0,wall,False,
VIRIDIAN_GYM,8,1,path,True,
VIRIDIAN_GYM,9,1,path,True,
VIRIDIAN_GYM,10,0,wall,False,
VIRIDIAN_GYM,11,0,wall,False,
VIRIDIAN_GYM,10,1,path,True,
VIRIDIAN_GYM,11,1,path,True,
VIRIDIAN_GYM,12,0,wall,False,
VIRIDIAN_GYM,13,0,wall,False,
VIRIDIAN_GYM,12,1,path,True,
VIRIDIAN_GYM,13,1,path,True,
VIRIDIAN_GYM,14,0,wall,False,
VIRIDIAN_GYM,15,0,wall,False,
VIRIDIAN_GYM,14,1,path,True,
VIRIDIAN_GYM,15,1,path,True,
VIRIDIAN_GYM,16,0,wall,False,
VIRIDIAN_GYM,17,0,wall,False,
VIRIDIAN_GYM,16,1,path,True,
VIRIDIAN_GYM,17,1,path,True,
VIRIDIAN_GYM,18,0,wall,False,
VIRIDIAN_GYM,19,0,wall,False,
VIRIDIAN_GYM,18,1,path,True,
VIRIDIAN_GYM,19,1,path,True,
VIRIDIAN_GYM,0,2,wall,False,
VIRIDIAN_GYM,1,2,path,True,
VIRIDIAN_GYM,0,3,wall,False,
VIRIDIAN_GYM,1,3,path,True,
VIRIDIAN_GYM,2,2,path,True,
VIRIDIAN_GYM,3,2,path,True,
VIRIDIAN_GYM,2,3,path,True,
VIRIDIAN_GYM,3,3,path,True,
VIRIDIAN_GYM,4,2,path,True,
VIRIDIAN_GYM,5,2,wall,False,
VIRIDIAN_GYM,4,3,path,True,
VIRIDIAN_GYM,5,3,wall,False,
VIRIDIAN_GYM,6,2,path,True,
VIRIDIAN_GYM,7,2,path,True,
VIRIDIAN_GYM,6,3,wall,False,
VIRIDIAN_GYM,7,3,path,True,
VIRIDIAN_GYM,8,2,path,True,
VIRIDIAN_GYM,9,2,path,True,
VIRIDIAN_GYM,8,3,wall,False,
VIRIDIAN_GYM,9,3,wall,False,
VIRIDIAN_GYM,10,2,path,True,
VIRIDIAN_GYM,11,2,path,True,
VIRIDIAN_GYM,10,3,path,True,
VIRIDIAN_GYM,11,3,wall,False,
VIRIDIAN_GYM,12,2,path,True,
VIRIDIAN_GYM,13,2,path,True,
VIRIDIAN_GYM,12,3,wall,False,
VIRIDIAN_GYM,13,3,wall,False,
VIRIDIAN_GYM,14,2,path,True,
VIRIDIAN_GYM,15,2,path,True,
VIRIDIAN_GYM,14,3,wall,False,
VIRIDIAN_GYM,15,3,wall,False,
VIRIDIAN_GYM,16,2,path,True,
VIRIDIAN_GYM,17,2,path,True,
VIRIDIAN_GYM,16,3,wall,False,
VIRIDIAN_GYM,17,3,wall,False,
VIRIDIAN_GYM,18,2,path,True,
VIRIDIAN_GYM,19,2,path,True,
VIRIDIAN_GYM,18,3,path,True,
VIRIDIAN_GYM,19,3,path,True,
VIRIDIAN_GYM,0,4,wall,False,
VIRIDIAN_GYM,1,4,path,True,
VIRIDIAN_GYM,0,5,wall,False,
VIRIDIAN_GYM,1,5,wall,False,
VIRIDIAN_GYM,2,4,path,True,
VIRIDIAN_GYM,3,4,path,True,
VIRIDIAN_GYM,2,5,wall,False,
VIRIDIAN_GYM,3,5,wall,False,
VIRIDIAN_GYM,4,4,path,True,
VIRIDIAN_GYM,5,4,path,True,
VIRIDIAN_GYM,4,5,wall,False,
VIRIDIAN_GYM,5,5,wall,False,
VIRIDIAN_GYM,6,4,path,True,
VIRIDIAN_GYM,7,4,path,True,
VIRIDIAN_GYM,6,5,path,True,
VIRIDIAN_GYM,7,5,wall,False,
VIRIDIAN_GYM,8,4,wall,False,
VIRIDIAN_GYM,9,4,path,True,
VIRIDIAN_GYM,8,5,path,True,
VIRIDIAN_GYM,9,5,wall,False,
VIRIDIAN_GYM,10,4,path,True,
VIRIDIAN_GYM,11,4,wall,False,
VIRIDIAN_GYM,10,5,path,True,
VIRIDIAN_GYM,11,5,path,True,
VIRIDIAN_GYM,12,4,path,True,
VIRIDIAN_GYM,13,4,path,True,
VIRIDIAN_GYM,12,5,path,True,
VIRIDIAN_GYM,13,5,path,True,
VIRIDIAN_GYM,14,4,path,True,
VIRIDIAN_GYM,15,4,path,True,
VIRIDIAN_GYM,14,5,path,True,
VIRIDIAN_GYM,15,5,path,True,
VIRIDIAN_GYM,16,4,path,True,
VIRIDIAN_GYM,17,4,wall,False,
VIRIDIAN_GYM,16,5,path,True,
VIRIDIAN_GYM,17,5,wall,False,
VIRIDIAN_GYM,18,4,path,True,
VIRIDIAN_GYM,19,4,path,True,
VIRIDIAN_GYM,18,5,path,True,
VIRIDIAN_GYM,19,5,path,True,
VIRIDIAN_GYM,0,6,path,True,
VIRIDIAN_GYM,1,6,path,True,
VIRIDIAN_GYM,0,7,path,True,
VIRIDIAN_GYM,1,7,path,True,
VIRIDIAN_GYM,2,6,path,True,
VIRIDIAN_GYM,3,6,path,True,
VIRIDIAN_GYM,2,7,path,True,
VIRIDIAN_GYM,3,7,path,True,
VIRIDIAN_GYM,4,6,path,True,
VIRIDIAN_GYM,5,6,wall,False,
VIRIDIAN_GYM,4,7,path,True,
VIRIDIAN_GYM,5,7,wall,False,
VIRIDIAN_GYM,6,6,path,True,
VIRIDIAN_GYM,7,6,wall,False,
VIRIDIAN_GYM,6,7,path,True,
VIRIDIAN_GYM,7,7,wall,False,
VIRIDIAN_GYM,8,6,path,True,
VIRIDIAN_GYM,9,6,wall,False,
VIRIDIAN_GYM,8,7,path,True,
VIRIDIAN_GYM,9,7,path,True,
VIRIDIAN_GYM,10,6,wall,False,
VIRIDIAN_GYM,11,6,wall,False,
VIRIDIAN_GYM,10,7,path,True,
VIRIDIAN_GYM,11,7,path,True,
VIRIDIAN_GYM,12,6,wall,False,
VIRIDIAN_GYM,13,6,wall,False,
VIRIDIAN_GYM,12,7,path,True,
VIRIDIAN_GYM,13,7,path,True,
VIRIDIAN_GYM,14,6,wall,False,
VIRIDIAN_GYM,15,6,path,True,
VIRIDIAN_GYM,14,7,path,True,
VIRIDIAN_GYM,15,7,path,True,
VIRIDIAN_GYM,16,6,path,True,
VIRIDIAN_GYM,17,6,wall,False,
VIRIDIAN_GYM,16,7,path,True,
VIRIDIAN_GYM,17,7,wall,False,
VIRIDIAN_GYM,18,6,path,True,
VIRIDIAN_GYM,19,6,path,True,
VIRIDIAN_GYM,18,7,path,True,
VIRIDIAN_GYM,19,7,path,True,
VIRIDIAN_GYM,0,8,path,True,
VIRIDIAN_GYM,1,8,path,True,
VIRIDIAN_GYM,0,9,path,True,
VIRIDIAN_GYM,1,9,path,True,
VIRIDIAN_GYM,2,8,wall,False,
VIRIDIAN_GYM,3,8,wall,False,
VIRIDIAN_GYM,2,9,wall,False,
VIRIDIAN_GYM,3,9,wall,False,
VIRIDIAN_GYM,4,8,path,True,
VIRIDIAN_GYM,5,8,wall,False,
VIRIDIAN_GYM,4,9,path,True,
VIRIDIAN_GYM,5,9,wall,False,
VIRIDIAN_GYM,6,8,path,True,
VIRIDIAN_GYM,7,8,wall,False,
VIRIDIAN_GYM,6,9,path,True,
VIRIDIAN_GYM,7,9,wall,False,
VIRIDIAN_GYM,8,8,path,True,
VIRIDIAN_GYM,9,8,path,True,
VIRIDIAN_GYM,8,9,path,True,
VIRIDIAN_GYM,9,9,path,True,
VIRIDIAN_GYM,10,8,path,True,
VIRIDIAN_GYM,11,8,path,True,
VIRIDIAN_GYM,10,9,path,True,
VIRIDIAN_GYM,11,9,path,True,
VIRIDIAN_GYM,12,8,path,True,
VIRIDIAN_GYM,13,8,path,True,
VIRIDIAN_GYM,12,9,path,True,
VIRIDIAN_GYM,13,9,path,True,
VIRIDIAN_GYM,14,8,wall,False,
VIRIDIAN_GYM,15,8,wall,False,
VIRIDIAN_GYM,14,9,path,True,
VIRIDIAN_GYM,15,9,wall,False,
VIRIDIAN_GYM,16,8,path,True,
VIRIDIAN_GYM,17,8,wall,False,
VIRIDIAN_GYM,16,9,path,True,
VIRIDIAN_GYM,17,9,wall,False,
VIRIDIAN_GYM,18,8,path,True,
VIRIDIAN_GYM,19,8,path,True,
VIRIDIAN_GYM,18,9,path,True,
VIRIDIAN_GYM,19,9,path,True,
VIRIDIAN_GYM,0,10,path,True,
VIRIDIAN_GYM,1,10,path,True,
VIRIDIAN_GYM,0,11,path,True,
VIRIDIAN_GYM,1,11,path,True,
VIRIDIAN_GYM,2,10,wall,False,
VIRIDIAN_GYM,3,10,wall,False,
VIRIDIAN_GYM,2,11,wall,False,
VIRIDIAN_GYM,3,11,wall,False,
VIRIDIAN_GYM,4,10,path,True,
VIRIDIAN_GYM,5,10,wall,False,
VIRIDIAN_GYM,4,11,path,True,
VIRIDIAN_GYM,5,11,path,True,
VIRIDIAN_GYM,6,10,path,True,
VIRIDIAN_GYM,7,10,wall,False,
VIRIDIAN_GYM,6,11,path,True,
VIRIDIAN_GYM,7,11,wall,False,
VIRIDIAN_GYM,8,10,path,True,
VIRIDIAN_GYM,9,10,path,True,
VIRIDIAN_GYM,8,11,path,True,
VIRIDIAN_GYM,9,11,path,True,
VIRIDIAN_GYM,10,10,path,True,
VIRIDIAN_GYM,11,10,path,True,
VIRIDIAN_GYM,10,11,path,True,
VIRIDIAN_GYM,11,11,path,True,
VIRIDIAN_GYM,12,10,path,True,
VIRIDIAN_GYM,13,10,path,True,
VIRIDIAN_GYM,12,11,path,True,
VIRIDIAN_GYM,13,11,path,True,
VIRIDIAN_GYM,14,10,path,True,
VIRIDIAN_GYM,15,10,wall,False,
VIRIDIAN_GYM,14,11,path,True,
VIRIDIAN_GYM,15,11,wall,False,
VIRIDIAN_GYM,16,10,path,True,
VIRIDIAN_GYM,17,10,wall,False,
VIRIDIAN_GYM,16,11,path,True,
VIRIDIAN_GYM,17,11,wall,False,
VIRIDIAN_GYM,18,10,path,True,
VIRIDIAN_GYM,19,10,path,True,
VIRIDIAN_GYM,18,11,path,True,
VIRIDIAN_GYM,19,11,path,True,
VIRIDIAN_GYM,0,12,path,True,
VIRIDIAN_GYM,1,12,path,True,
VIRIDIAN_GYM,0,13,path,True,
VIRIDIAN_GYM,1,13,path,True,
VIRIDIAN_GYM,2,12,wall,False,
VIRIDIAN_GYM,3,12,wall,False,
VIRIDIAN_GYM,2,13,wall,False,
VIRIDIAN_GYM,3,13,wall,False,
VIRIDIAN_GYM,4,12,path,True,
VIRIDIAN_GYM,5,12,wall,False,
VIRIDIAN_GYM,4,13,path,True,
VIRIDIAN_GYM,5,13,path,True,
VIRIDIAN_GYM,6,12,wall,False,
VIRIDIAN_GYM,7,12,wall,False,
VIRIDIAN_GYM,6,13,path,True,
VIRIDIAN_GYM,7,13,path,True,
VIRIDIAN_GYM,8,12,wall,False,
VIRIDIAN_GYM,9,12,wall,False,
VIRIDIAN_GYM,8,13,path,True,
VIRIDIAN_GYM,9,13,path,True,
VIRIDIAN_GYM,10,12,wall,False,
VIRIDIAN_GYM,11,12,wall,False,
VIRIDIAN_GYM,10,13,path,True,
VIRIDIAN_GYM,11,13,path,True,
VIRIDIAN_GYM,12,12,wall,False,
VIRIDIAN_GYM,13,12,wall,False,
VIRIDIAN_GYM,12,13,path,True,
VIRIDIAN_GYM,13,13,path,True,
VIRIDIAN_GYM,14,12,path,True,
VIRIDIAN_GYM,15,12,path,True,
VIRIDIAN_GYM,14,13,path,True,
VIRIDIAN_GYM,15,13,path,True,
VIRIDIAN_GYM,16,12,path,True,
VIRIDIAN_GYM,17,12,path,True,
VIRIDIAN_GYM,16,13,path,True,
VIRIDIAN_GYM,17,13,path,True,
VIRIDIAN_GYM,18,12,path,True,
VIRIDIAN_GYM,19,12,path,True,
VIRIDIAN_GYM,18,13,path,True,
VIRIDIAN_GYM,19,13,path,True,
VIRIDIAN_GYM,0,14,path,True,
VIRIDIAN_GYM,1,14,path,True,
VIRIDIAN_GYM,0,15,path,True,
VIRIDIAN_GYM,1,15,path,True,
VIRIDIAN_GYM,2,14,wall,False,
VIRIDIAN_GYM,3,14,wall,False,
VIRIDIAN_GYM,2,15,wall,False,
VIRIDIAN_GYM,3,15,wall,False,
VIRIDIAN_GYM,4,14,path,True,
VIRIDIAN_GYM,5,14,path,True,
VIRIDIAN_GYM,4,15,wall,False,
VIRIDIAN_GYM,5,15,wall,False,
VIRIDIAN_GYM,6,14,path,True,
VIRIDIAN_GYM,7,14,path,True,
VIRIDIAN_GYM,6,15,wall,False,
VIRIDIAN_GYM,7,15,wall,False,
VIRIDIAN_GYM,8,14,path,True,
VIRIDIAN_GYM,9,14,path,True,
VIRIDIAN_GYM,8,15,wall,False,
VIRIDIAN_GYM,9,15,wall,False,
VIRIDIAN_GYM,10,14,path,True,
VIRIDIAN_GYM,11,14,path,True,
VIRIDIAN_GYM,10,15,wall,False,
VIRIDIAN_GYM,11,15,wall,False,
VIRIDIAN_GYM,12,14,path,True,
VIRIDIAN_GYM,13,14,path,True,
VIRIDIAN_GYM,12,15,wall,False,
VIRIDIAN_GYM,13,15,wall,False,
VIRIDIAN_GYM,14,14,path,True,
VIRIDIAN_GYM,15,14,wall,False,
VIRIDIAN_GYM,14,15,path,True,
VIRIDIAN_GYM,15,15,wall,False,
VIRIDIAN_GYM,16,14,path,True,
VIRIDIAN_GYM,17,14,path,True,
VIRIDIAN_GYM,16,15,path,True,
VIRIDIAN_GYM,17,15,path,True,
VIRIDIAN_GYM,18,14,wall,False,
VIRIDIAN_GYM,19,14,path,True,
VIRIDIAN_GYM,18,15,wall,False,
VIRIDIAN_GYM,19,15,path,True,
VIRIDIAN_GYM,0,16,path,True,
VIRIDIAN_GYM,1,16,path,True,
VIRIDIAN_GYM,0,17,path,True,
VIRIDIAN_GYM,1,17,path,True,
VIRIDIAN_GYM,2,16,path,True,
VIRIDIAN_GYM,3,16,path,True,
VIRIDIAN_GYM,2,17,path,True,
VIRIDIAN_GYM,3,17,path,True,
VIRIDIAN_GYM,4,16,path,True,
VIRIDIAN_GYM,5,16,path,True,
VIRIDIAN_GYM,4,17,path,True,
VIRIDIAN_GYM,5,17,path,True,
VIRIDIAN_GYM,6,16,path,True,
VIRIDIAN_GYM,7,16,path,True,
VIRIDIAN_GYM,6,17,path,True,
VIRIDIAN_GYM,7,17,path,True,
VIRIDIAN_GYM,8,16,path,True,
VIRIDIAN_GYM,9,16,path,True,
VIRIDIAN_GYM,8,17,path,True,
VIRIDIAN_GYM,9,17,path,True,
VIRIDIAN_GYM,10,16,path,True,
VIRIDIAN_GYM,11,16,path,True,
VIRIDIAN_GYM,10,17,path,True,
VIRIDIAN_GYM,11,17,path,True,
VIRIDIAN_GYM,12,16,path,True,
VIRIDIAN_GYM,13,16,path,True,
VIRIDIAN_GYM,12,17,path,True,
VIRIDIAN_GYM,13,17,path,True,
VIRIDIAN_GYM,14,16,path,True,
VIRIDIAN_GYM,15,16,path,True,
VIRIDIAN_GYM,14,17,path,True,
VIRIDIAN_GYM,15,17,path,True,
VIRIDIAN_GYM,16,16,path,True,
VIRIDIAN_GYM,17,16,path,True,
VIRIDIAN_GYM,16,17,path,True,
VIRIDIAN_GYM,17,17,path,True,
VIRIDIAN_GYM,18,16,path,True,
VIRIDIAN_GYM,19,16,path,True,
VIRIDIAN_GYM,18,17,path,True,
VIRIDIAN_GYM,19,17,path,True,
VIRIDIAN_FOREST,0,0,wall,False,
VIRIDIAN_FOREST,1,0,path,True,
VIRIDIAN_FOREST,0,1,wall,False,
VIRIDIAN_FOREST,1,1,path,True,
VIRIDIAN_FOREST,2,0,path,True,
VIRIDIAN_FOREST,3,0,wall,False,
VIRIDIAN_FOREST,2,1,wall,False,
VIRIDIAN_FOREST,3,1,wall,False,
VIRIDIAN_FOREST,4,0,wall,False,
VIRIDIAN_FOREST,5,0,wall,False,
VIRIDIAN_FOREST,4,1,wall,False,
VIRIDIAN_FOREST,5,1,wall,False,
VIRIDIAN_FOREST,6,0,wall,False,
VIRIDIAN_FOREST,7,0,wall,False,
VIRIDIAN_FOREST,6,1,path,True,
VIRIDIAN_FOREST,7,1,path,True,
VIRIDIAN_FOREST,8,0,wall,False,
VIRIDIAN_FOREST,9,0,wall,False,
VIRIDIAN_FOREST,8,1,path,True,
VIRIDIAN_FOREST,9,1,path,True,
VIRIDIAN_FOREST,10,0,wall,False,
VIRIDIAN_FOREST,11,0,wall,False,
VIRIDIAN_FOREST,10,1,path,True,
VIRIDIAN_FOREST,11,1,path,True,
VIRIDIAN_FOREST,12,0,wall,False,
VIRIDIAN_FOREST,13,0,wall,False,
VIRIDIAN_FOREST,12,1,path,True,
VIRIDIAN_FOREST,13,1,path,True,
VIRIDIAN_FOREST,14,0,wall,False,
VIRIDIAN_FOREST,15,0,wall,False,
VIRIDIAN_FOREST,14,1,wall,False,
VIRIDIAN_FOREST,15,1,wall,False,
VIRIDIAN_FOREST,16,0,wall,False,
VIRIDIAN_FOREST,17,0,wall,False,
VIRIDIAN_FOREST,16,1,path,True,
VIRIDIAN_FOREST,17,1,path,True,
VIRIDIAN_FOREST,18,0,wall,False,
VIRIDIAN_FOREST,19,0,wall,False,
VIRIDIAN_FOREST,18,1,path,True,
VIRIDIAN_FOREST,19,1,path,True,
VIRIDIAN_FOREST,20,0,wall,False,
VIRIDIAN_FOREST,21,0,wall,False,
VIRIDIAN_FOREST,20,1,path,True,
VIRIDIAN_FOREST,21,1,path,True,
VIRIDIAN_FOREST,22,0,wall,False,
VIRIDIAN_FOREST,23,0,wall,False,
VIRIDIAN_FOREST,22,1,path,True,
VIRIDIAN_FOREST,23,1,path,True,
VIRIDIAN_FOREST,24,0,wall,False,
VIRIDIAN_FOREST,25,0,wall,False,
VIRIDIAN_FOREST,24,1,path,True,
VIRIDIAN_FOREST,25,1,path,True,
VIRIDIAN_FOREST,26,0,wall,False,
VIRIDIAN_FOREST,27,0,wall,False,
VIRIDIAN_FOREST,26,1,path,True,
VIRIDIAN_FOREST,27,1,path,True,
VIRIDIAN_FOREST,28,0,wall,False,
VIRIDIAN_FOREST,29,0,wall,False,
VIRIDIAN_FOREST,28,1,path,True,
VIRIDIAN_FOREST,29,1,path,True,
VIRIDIAN_FOREST,30,0,wall,False,
VIRIDIAN_FOREST,31,0,wall,False,
VIRIDIAN_FOREST,30,1,path,True,
VIRIDIAN_FOREST,31,1,path,True,
VIRIDIAN_FOREST,32,0,wall,False,
VIRIDIAN_FOREST,33,0,wall,False,
VIRIDIAN_FOREST,32,1,path,True,
VIRIDIAN_FOREST,33,1,wall,False,
VIRIDIAN_FOREST,0,2,wall,False,
VIRIDIAN_FOREST,1,2,path,True,
VIRIDIAN_FOREST,0,3,wall,False,
VIRIDIAN_FOREST,1,3,path,True,
VIRIDIAN_FOREST,2,2,path,True,
VIRIDIAN_FOREST,3,2,wall,False,
VIRIDIAN_FOREST,2,3,path,True,
VIRIDIAN_FOREST,3,3,wall,False,
VIRIDIAN_FOREST,4,2,wall,False,
VIRIDIAN_FOREST,5,2,wall,False,
VIRIDIAN_FOREST,4,3,wall,False,
VIRIDIAN_FOREST,5,3,wall,False,
VIRIDIAN_FOREST,6,2,path,True,
VIRIDIAN_FOREST,7,2,path,True,
VIRIDIAN_FOREST,6,3,path,True,
VIRIDIAN_FOREST,7,3,path,True,
VIRIDIAN_FOREST,8,2,path,True,
VIRIDIAN_FOREST,9,2,path,True,
VIRIDIAN_FOREST,8,3,path,True,
VIRIDIAN_FOREST,9,3,path,True,
VIRIDIAN_FOREST,10,2,path,True,
VIRIDIAN_FOREST,11,2,path,True,
VIRIDIAN_FOREST,10,3,path,True,
VIRIDIAN_FOREST,11,3,path,True,
VIRIDIAN_FOREST,12,2,path,True,
VIRIDIAN_FOREST,13,2,path,True,
VIRIDIAN_FOREST,12,3,path,True,
VIRIDIAN_FOREST,13,3,path,True,
VIRIDIAN_FOREST,14,2,wall,False,
VIRIDIAN_FOREST,15,2,wall,False,
VIRIDIAN_FOREST,14,3,wall,False,
VIRIDIAN_FOREST,15,3,wall,False,
VIRIDIAN_FOREST,16,2,path,True,
VIRIDIAN_FOREST,17,2,path,True,
VIRIDIAN_FOREST,16,3,path,True,
VIRIDIAN_FOREST,17,3,path,True,
VIRIDIAN_FOREST,18,2,path,True,
VIRIDIAN_FOREST,19,2,path,True,
VIRIDIAN_FOREST,18,3,path,True,
VIRIDIAN_FOREST,19,3,path,True,
VIRIDIAN_FOREST,20,2,path,True,
VIRIDIAN_FOREST,21,2,path,True,
VIRIDIAN_FOREST,20,3,wall,False,
VIRIDIAN_FOREST,21,3,wall,False,
VIRIDIAN_FOREST,22,2,path,True,
VIRIDIAN_FOREST,23,2,path,True,
VIRIDIAN_FOREST,22,3,wall,False,
VIRIDIAN_FOREST,23,3,wall,False,
VIRIDIAN_FOREST,24,2,path,True,
VIRIDIAN_FOREST,25,2,path,True,
VIRIDIAN_FOREST,24,3,wall,False,
VIRIDIAN_FOREST,25,3,wall,False,
VIRIDIAN_FOREST,26,2,path,True,
VIRIDIAN_FOREST,27,2,path,True,
VIRIDIAN_FOREST,26,3,wall,False,
VIRIDIAN_FOREST,27,3,wall,False,
VIRIDIAN_FOREST,28,2,path,True,
VIRIDIAN_FOREST,29,2,path,True,
VIRIDIAN_FOREST,28,3,wall,False,
VIRIDIAN_FOREST,29,3,wall,False,
VIRIDIAN_FOREST,30,2,path,True,
VIRIDIAN_FOREST,31,2,path,True,
VIRIDIAN_FOREST,30,3,path,True,
VIRIDIAN_FOREST,31,3,path,True,
VIRIDIAN_FOREST,32,2,path,True,
VIRIDIAN_FOREST,33,2,wall,False,
VIRIDIAN_FOREST,32,3,path,True,
VIRIDIAN_FOREST,33,3,wall,False,
VIRIDIAN_FOREST,0,4,wall,False,
VIRIDIAN_FOREST,1,4,path,True,
VIRIDIAN_FOREST,0,5,wall,False,
VIRIDIAN_FOREST,1,5,path,True,
VIRIDIAN_FOREST,2,4,path,True,
VIRIDIAN_FOREST,3,4,wall,False,
VIRIDIAN_FOREST,2,5,path,True,
VIRIDIAN_FOREST,3,5,wall,False,
VIRIDIAN_FOREST,4,4,wall,False,
VIRIDIAN_FOREST,5,4,wall,False,
VIRIDIAN_FOREST,4,5,wall,False,
VIRIDIAN_FOREST,5,5,wall,False,
VIRIDIAN_FOREST,6,4,path,True,
VIRIDIAN_FOREST,7,4,path,True,
VIRIDIAN_FOREST,6,5,path,True,
VIRIDIAN_FOREST,7,5,path,True,
VIRIDIAN_FOREST,8,4,path,True,
VIRIDIAN_FOREST,9,4,wall,False,
VIRIDIAN_FOREST,8,5,path,True,
VIRIDIAN_FOREST,9,5,wall,False,
VIRIDIAN_FOREST,10,4,wall,False,
VIRIDIAN_FOREST,11,4,path,True,
VIRIDIAN_FOREST,10,5,wall,False,
VIRIDIAN_FOREST,11,5,path,True,
VIRIDIAN_FOREST,12,4,path,True,
VIRIDIAN_FOREST,13,4,path,True,
VIRIDIAN_FOREST,12,5,path,True,
VIRIDIAN_FOREST,13,5,path,True,
VIRIDIAN_FOREST,14,4,wall,False,
VIRIDIAN_FOREST,15,4,wall,False,
VIRIDIAN_FOREST,14,5,wall,False,
VIRIDIAN_FOREST,15,5,wall,False,
VIRIDIAN_FOREST,16,4,path,True,
VIRIDIAN_FOREST,17,4,path,True,
VIRIDIAN_FOREST,16,5,path,True,
VIRIDIAN_FOREST,17,5,path,True,
VIRIDIAN_FOREST,18,4,path,True,
VIRIDIAN_FOREST,19,4,wall,False,
VIRIDIAN_FOREST,18,5,path,True,
VIRIDIAN_FOREST,19,5,wall,False,
VIRIDIAN_FOREST,20,4,wall,False,
VIRIDIAN_FOREST,21,4,wall,False,
VIRIDIAN_FOREST,20,5,wall,False,
VIRIDIAN_FOREST,21,5,wall,False,
VIRIDIAN_FOREST,22,4,wall,False,
VIRIDIAN_FOREST,23,4,wall,False,
VIRIDIAN_FOREST,22,5,wall,False,
VIRIDIAN_FOREST,23,5,wall,False,
VIRIDIAN_FOREST,24,4,wall,False,
VIRIDIAN_FOREST,25,4,wall,False,
VIRIDIAN_FOREST,24,5,wall,False,
VIRIDIAN_FOREST,25,5,wall,False,
VIRIDIAN_FOREST,26,4,wall,False,
VIRIDIAN_FOREST,27,4,wall,False,
VIRIDIAN_FOREST,26,5,wall,False,
VIRIDIAN_FOREST,27,5,wall,False,
VIRIDIAN_FOREST,28,4,wall,False,
VIRIDIAN_FOREST,29,4,wall,False,
VIRIDIAN_FOREST,28,5,wall,False,
VIRIDIAN_FOREST,29,5,wall,False,
VIRIDIAN_FOREST,30,4,wall,False,
VIRIDIAN_FOREST,31,4,path,True,
VIRIDIAN_FOREST,30,5,wall,False,
VIRIDIAN_FOREST,31,5,path,True,
VIRIDIAN_FOREST,32,4,path,True,
VIRIDIAN_FOREST,33,4,wall,False,
VIRIDIAN_FOREST,32,5,path,True,
VIRIDIAN_FOREST,33,5,wall,False,
VIRIDIAN_FOREST,0,6,wall,False,
VIRIDIAN_FOREST,1,6,grass,True,
VIRIDIAN_FOREST,0,7,wall,False,
VIRIDIAN_FOREST,1,7,grass,True,
VIRIDIAN_FOREST,2,6,grass,True,
VIRIDIAN_FOREST,3,6,wall,False,
VIRIDIAN_FOREST,2,7,grass,True,
VIRIDIAN_FOREST,3,7,wall,False,
VIRIDIAN_FOREST,4,6,wall,False,
VIRIDIAN_FOREST,5,6,wall,False,
VIRIDIAN_FOREST,4,7,wall,False,
VIRIDIAN_FOREST,5,7,wall,False,
VIRIDIAN_FOREST,6,6,grass,True,
VIRIDIAN_FOREST,7,6,grass,True,
VIRIDIAN_FOREST,6,7,grass,True,
VIRIDIAN_FOREST,7,7,grass,True,
VIRIDIAN_FOREST,8,6,grass,True,
VIRIDIAN_FOREST,9,6,wall,False,
VIRIDIAN_FOREST,8,7,grass,True,
VIRIDIAN_FOREST,9,7,wall,False,
VIRIDIAN_FOREST,10,6,wall,False,
VIRIDIAN_FOREST,11,6,grass,True,
VIRIDIAN_FOREST,10,7,wall,False,
VIRIDIAN_FOREST,11,7,grass,True,
VIRIDIAN_FOREST,12,6,grass,True,
VIRIDIAN_FOREST,13,6,grass,True,
VIRIDIAN_FOREST,12,7,grass,True,
VIRIDIAN_FOREST,13,7,grass,True,
VIRIDIAN_FOREST,14,6,wall,False,
VIRIDIAN_FOREST,15,6,wall,False,
VIRIDIAN_FOREST,14,7,wall,False,
VIRIDIAN_FOREST,15,7,wall,False,
VIRIDIAN_FOREST,16,6,grass,True,
VIRIDIAN_FOREST,17,6,grass,True,
VIRIDIAN_FOREST,16,7,grass,True,
VIRIDIAN_FOREST,17,7,grass,True,
VIRIDIAN_FOREST,18,6,grass,True,
VIRIDIAN_FOREST,19,6,wall,False,
VIRIDIAN_FOREST,18,7,grass,True,
VIRIDIAN_FOREST,19,7,wall,False,
VIRIDIAN_FOREST,20,6,wall,False,
VIRIDIAN_FOREST,21,6,wall,False,
VIRIDIAN_FOREST,20,7,wall,False,
VIRIDIAN_FOREST,21,7,wall,False,
VIRIDIAN_FOREST,22,6,wall,False,
VIRIDIAN_FOREST,23,6,wall,False,
VIRIDIAN_FOREST,22,7,wall,False,
VIRIDIAN_FOREST,23,7,wall,False,
VIRIDIAN_FOREST,24,6,wall,False,
VIRIDIAN_FOREST,25,6,wall,False,
VIRIDIAN_FOREST,24,7,wall,False,
VIRIDIAN_FOREST,25,7,wall,False,
VIRIDIAN_FOREST,26,6,wall,False,
VIRIDIAN_FOREST,27,6,wall,False,
VIRIDIAN_FOREST,26,7,wall,False,
VIRIDIAN_FOREST,27,7,wall,False,
VIRIDIAN_FOREST,28,6,wall,False,
VIRIDIAN_FOREST,29,6,wall,False,
VIRIDIAN_FOREST,28,7,wall,False,
VIRIDIAN_FOREST,29,7,wall,False,
VIRIDIAN_FOREST,30,6,wall,False,
VIRIDIAN_FOREST,31,6,path,True,
VIRIDIAN_FOREST,30,7,wall,False,
VIRIDIAN_FOREST,31,7,path,True,
VIRIDIAN_FOREST,32,6,path,True,
VIRIDIAN_FOREST,33,6,wall,False,
VIRIDIAN_FOREST,32,7,path,True,
VIRIDIAN_FOREST,33,7,wall,False,
VIRIDIAN_FOREST,0,8,wall,False,
VIRIDIAN_FOREST,1,8,grass,True,
VIRIDIAN_FOREST,0,9,wall,False,
VIRIDIAN_FOREST,1,9,grass,True,
VIRIDIAN_FOREST,2,8,grass,True,
VIRIDIAN_FOREST,3,8,wall,False,
VIRIDIAN_FOREST,2,9,grass,True,
VIRIDIAN_FOREST,3,9,wall,False,
VIRIDIAN_FOREST,4,8,wall,False,
VIRIDIAN_FOREST,5,8,wall,False,
VIRIDIAN_FOREST,4,9,wall,False,
VIRIDIAN_FOREST,5,9,wall,False,
VIRIDIAN_FOREST,6,8,grass,True,
VIRIDIAN_FOREST,7,8,grass,True,
VIRIDIAN_FOREST,6,9,grass,True,
VIRIDIAN_FOREST,7,9,grass,True,
VIRIDIAN_FOREST,8,8,grass,True,
VIRIDIAN_FOREST,9,8,wall,False,
VIRIDIAN_FOREST,8,9,grass,True,
VIRIDIAN_FOREST,9,9,wall,False,
VIRIDIAN_FOREST,10,8,wall,False,
VIRIDIAN_FOREST,11,8,grass,True,
VIRIDIAN_FOREST,10,9,wall,False,
VIRIDIAN_FOREST,11,9,grass,True,
VIRIDIAN_FOREST,12,8,grass,True,
VIRIDIAN_FOREST,13,8,grass,True,
VIRIDIAN_FOREST,12,9,grass,True,
VIRIDIAN_FOREST,13,9,grass,True,
VIRIDIAN_FOREST,14,8,wall,False,
VIRIDIAN_FOREST,15,8,wall,False,
VIRIDIAN_FOREST,14,9,wall,False,
VIRIDIAN_FOREST,15,9,wall,False,
VIRIDIAN_FOREST,16,8,grass,True,
VIRIDIAN_FOREST,17,8,grass,True,
VIRIDIAN_FOREST,16,9,grass,True,
VIRIDIAN_FOREST,17,9,grass,True,
VIRIDIAN_FOREST,18,8,grass,True,
VIRIDIAN_FOREST,19,8,grass,True,
VIRIDIAN_FOREST,18,9,grass,True,
VIRIDIAN_FOREST,19,9,grass,True,
VIRIDIAN_FOREST,20,8,grass,True,
VIRIDIAN_FOREST,21,8,grass,True,
VIRIDIAN_FOREST,20,9,grass,True,
VIRIDIAN_FOREST,21,9,grass,True,
VIRIDIAN_FOREST,22,8,grass,True,
VIRIDIAN_FOREST,23,8,grass,True,
VIRIDIAN_FOREST,22,9,grass,True,
VIRIDIAN_FOREST,23,9,grass,True,
VIRIDIAN_FOREST,24,8,path,True,
VIRIDIAN_FOREST,25,8,path,True,
VIRIDIAN_FOREST,24,9,path,True,
VIRIDIAN_FOREST,25,9,path,True,
VIRIDIAN_FOREST,26,8,path,True,
VIRIDIAN_FOREST,27,8,path,True,
VIRIDIAN_FOREST,26,9,path,True,
VIRIDIAN_FOREST,27,9,path,True,
VIRIDIAN_FOREST,28,8,path,True,
VIRIDIAN_FOREST,29,8,path,True,
VIRIDIAN_FOREST,28,9,path,True,
VIRIDIAN_FOREST,29,9,path,True,
VIRIDIAN_FOREST,30,8,path,True,
VIRIDIAN_FOREST,31,8,path,True,
VIRIDIAN_FOREST,30,9,path,True,
VIRIDIAN_FOREST,31,9,path,True,
VIRIDIAN_FOREST,32,8,path,True,
VIRIDIAN_FOREST,33,8,wall,False,
VIRIDIAN_FOREST,32,9,path,True,
VIRIDIAN_FOREST,33,9,wall,False,
VIRIDIAN_FOREST,0,10,wall,False,
VIRIDIAN_FOREST,1,10,grass,True,
VIRIDIAN_FOREST,0,11,wall,False,
VIRIDIAN_FOREST,1,11,grass,True,
VIRIDIAN_FOREST,2,10,grass,True,
VIRIDIAN_FOREST,3,10,wall,False,
VIRIDIAN_FOREST,2,11,grass,True,
VIRIDIAN_FOREST,3,11,wall,False,
VIRIDIAN_FOREST,4,10,wall,False,
VIRIDIAN_FOREST,5,10,wall,False,
VIRIDIAN_FOREST,4,11,wall,False,
VIRIDIAN_FOREST,5,11,wall,False,
VIRIDIAN_FOREST,6,10,grass,True,
VIRIDIAN_FOREST,7,10,grass,True,
VIRIDIAN_FOREST,6,11,grass,True,
VIRIDIAN_FOREST,7,11,grass,True,
VIRIDIAN_FOREST,8,10,grass,True,
VIRIDIAN_FOREST,9,10,wall,False,
VIRIDIAN_FOREST,8,11,grass,True,
VIRIDIAN_FOREST,9,11,wall,False,
VIRIDIAN_FOREST,10,10,wall,False,
VIRIDIAN_FOREST,11,10,grass,True,
VIRIDIAN_FOREST,10,11,wall,False,
VIRIDIAN_FOREST,11,11,grass,True,
VIRIDIAN_FOREST,12,10,grass,True,
VIRIDIAN_FOREST,13,10,grass,True,
VIRIDIAN_FOREST,12,11,grass,True,
VIRIDIAN_FOREST,13,11,grass,True,
VIRIDIAN_FOREST,14,10,wall,False,
VIRIDIAN_FOREST,15,10,wall,False,
VIRIDIAN_FOREST,14,11,wall,False,
VIRIDIAN_FOREST,15,11,wall,False,
VIRIDIAN_FOREST,16,10,grass,True,
VIRIDIAN_FOREST,17,10,grass,True,
VIRIDIAN_FOREST,16,11,grass,True,
VIRIDIAN_FOREST,17,11,grass,True,
VIRIDIAN_FOREST,18,10,grass,True,
VIRIDIAN_FOREST,19,10,wall,False,
VIRIDIAN_FOREST,18,11,grass,True,
VIRIDIAN_FOREST,19,11,wall,False,
VIRIDIAN_FOREST,20,10,wall,False,
VIRIDIAN_FOREST,21,10,wall,False,
VIRIDIAN_FOREST,20,11,wall,False,
VIRIDIAN_FOREST,21,11,wall,False,
VIRIDIAN_FOREST,22,10,wall,False,
VIRIDIAN_FOREST,23,10,wall,False,
VIRIDIAN_FOREST,22,11,wall,False,
VIRIDIAN_FOREST,23,11,wall,False,
VIRIDIAN_FOREST,24,10,wall,False,
VIRIDIAN_FOREST,25,10,path,True,
VIRIDIAN_FOREST,24,11,wall,False,
VIRIDIAN_FOREST,25,11,path,True,
VIRIDIAN_FOREST,26,10,path,True,
VIRIDIAN_FOREST,27,10,wall,False,
VIRIDIAN_FOREST,26,11,path,True,
VIRIDIAN_FOREST,27,11,wall,False,
VIRIDIAN_FOREST,28,10,wall,False,
VIRIDIAN_FOREST,29,10,wall,False,
VIRIDIAN_FOREST,28,11,wall,False,
VIRIDIAN_FOREST,29,11,wall,False,
VIRIDIAN_FOREST,30,10,grass,True,
VIRIDIAN_FOREST,31,10,grass,True,
VIRIDIAN_FOREST,30,11,grass,True,
VIRIDIAN_FOREST,31,11,grass,True,
VIRIDIAN_FOREST,32,10,grass,True,
VIRIDIAN_FOREST,33,10,wall,False,
VIRIDIAN_FOREST,32,11,grass,True,
VIRIDIAN_FOREST,33,11,wall,False,
VIRIDIAN_FOREST,0,12,wall,False,
VIRIDIAN_FOREST,1,12,grass,True,
VIRIDIAN_FOREST,0,13,wall,False,
VIRIDIAN_FOREST,1,13,grass,True,
VIRIDIAN_FOREST,2,12,grass,True,
VIRIDIAN_FOREST,3,12,wall,False,
VIRIDIAN_FOREST,2,13,grass,True,
VIRIDIAN_FOREST,3,13,wall,False,
VIRIDIAN_FOREST,4,12,wall,False,
VIRIDIAN_FOREST,5,12,wall,False,
VIRIDIAN_FOREST,4,13,wall,False,
VIRIDIAN_FOREST,5,13,wall,False,
VIRIDIAN_FOREST,6,12,grass,True,
VIRIDIAN_FOREST,7,12,grass,True,
VIRIDIAN_FOREST,6,13,grass,True,
VIRIDIAN_FOREST,7,13,grass,True,
VIRIDIAN_FOREST,8,12,grass,True,
VIRIDIAN_FOREST,9,12,wall,False,
VIRIDIAN_FOREST,8,13,grass,True,
VIRIDIAN_FOREST,9,13,wall,False,
VIRIDIAN_FOREST,10,12,wall,False,
VIRIDIAN_FOREST,11,12,grass,True,
VIRIDIAN_FOREST,10,13,wall,False,
VIRIDIAN_FOREST,11,13,grass,True,
VIRIDIAN_FOREST,12,12,grass,True,
VIRIDIAN_FOREST,13,12,grass,True,
VIRIDIAN_FOREST,12,13,grass,True,
VIRIDIAN_FOREST,13,13,grass,True,
VIRIDIAN_FOREST,14,12,wall,False,
VIRIDIAN_FOREST,15,12,wall,False,
VIRIDIAN_FOREST,14,13,wall,False,
VIRIDIAN_FOREST,15,13,wall,False,
VIRIDIAN_FOREST,16,12,grass,True,
VIRIDIAN_FOREST,17,12,grass,True,
VIRIDIAN_FOREST,16,13,grass,True,
VIRIDIAN_FOREST,17,13,grass,True,
VIRIDIAN_FOREST,18,12,grass,True,
VIRIDIAN_FOREST,19,12,wall,False,
VIRIDIAN_FOREST,18,13,grass,True,
VIRIDIAN_FOREST,19,13,wall,False,
VIRIDIAN_FOREST,20,12,wall,False,
VIRIDIAN_FOREST,21,12,wall,False,
VIRIDIAN_FOREST,20,13,wall,False,
VIRIDIAN_FOREST,21,13,wall,False,
VIRIDIAN_FOREST,22,12,wall,False,
VIRIDIAN_FOREST,23,12,wall,False,
VIRIDIAN_FOREST,22,13,wall,False,
VIRIDIAN_FOREST,23,13,wall,False,
VIRIDIAN_FOREST,24,12,wall,False,
VIRIDIAN_FOREST,25,12,path,True,
VIRIDIAN_FOREST,24,13,wall,False,
VIRIDIAN_FOREST,25,13,path,True,
VIRIDIAN_FOREST,26,12,path,True,
VIRIDIAN_FOREST,27,12,wall,False,
VIRIDIAN_FOREST,26,13,path,True,
VIRIDIAN_FOREST,27,13,wall,False,
VIRIDIAN_FOREST,28,12,wall,False,
VIRIDIAN_FOREST,29,12,wall,False,
VIRIDIAN_FOREST,28,13,wall,False,
VIRIDIAN_FOREST,29,13,wall,False,
VIRIDIAN_FOREST,30,12,grass,True,
VIRIDIAN_FOREST,31,12,grass,True,
VIRIDIAN_FOREST,30,13,grass,True,
VIRIDIAN_FOREST,31,13,grass,True,
VIRIDIAN_FOREST,32,12,grass,True,
VIRIDIAN_FOREST,33,12,wall,False,
VIRIDIAN_FOREST,32,13,grass,True,
VIRIDIAN_FOREST,33,13,wall,False,
VIRIDIAN_FOREST,0,14,wall,False,
VIRIDIAN_FOREST,1,14,grass,True,
VIRIDIAN_FOREST,0,15,wall,False,
VIRIDIAN_FOREST,1,15,grass,True,
VIRIDIAN_FOREST,2,14,grass,True,
VIRIDIAN_FOREST,3,14,wall,False,
VIRIDIAN_FOREST,2,15,grass,True,
VIRIDIAN_FOREST,3,15,wall,False,
VIRIDIAN_FOREST,4,14,wall,False,
VIRIDIAN_FOREST,5,14,wall,False,
VIRIDIAN_FOREST,4,15,wall,False,
VIRIDIAN_FOREST,5,15,wall,False,
VIRIDIAN_FOREST,6,14,grass,True,
VIRIDIAN_FOREST,7,14,grass,True,
VIRIDIAN_FOREST,6,15,grass,True,
VIRIDIAN_FOREST,7,15,grass,True,
VIRIDIAN_FOREST,8,14,grass,True,
VIRIDIAN_FOREST,9,14,wall,False,
VIRIDIAN_FOREST,8,15,grass,True,
VIRIDIAN_FOREST,9,15,wall,False,
VIRIDIAN_FOREST,10,14,wall,False,
VIRIDIAN_FOREST,11,14,grass,True,
VIRIDIAN_FOREST,10,15,wall,False,
VIRIDIAN_FOREST,11,15,grass,True,
VIRIDIAN_FOREST,12,14,grass,True,
VIRIDIAN_FOREST,13,14,grass,True,
VIRIDIAN_FOREST,12,15,grass,True,
VIRIDIAN_FOREST,13,15,grass,True,
VIRIDIAN_FOREST,14,14,wall,False,
VIRIDIAN_FOREST,15,14,wall,False,
VIRIDIAN_FOREST,14,15,wall,False,
VIRIDIAN_FOREST,15,15,wall,False,
VIRIDIAN_FOREST,16,14,grass,True,
VIRIDIAN_FOREST,17,14,grass,True,
VIRIDIAN_FOREST,16,15,grass,True,
VIRIDIAN_FOREST,17,15,grass,True,
VIRIDIAN_FOREST,18,14,grass,True,
VIRIDIAN_FOREST,19,14,wall,False,
VIRIDIAN_FOREST,18,15,grass,True,
VIRIDIAN_FOREST,19,15,wall,False,
VIRIDIAN_FOREST,20,14,wall,False,
VIRIDIAN_FOREST,21,14,wall,False,
VIRIDIAN_FOREST,20,15,wall,False,
VIRIDIAN_FOREST,21,15,wall,False,
VIRIDIAN_FOREST,22,14,wall,False,
VIRIDIAN_FOREST,23,14,wall,False,
VIRIDIAN_FOREST,22,15,wall,False,
VIRIDIAN_FOREST,23,15,wall,False,
VIRIDIAN_FOREST,24,14,wall,False,
VIRIDIAN_FOREST,25,14,path,True,
VIRIDIAN_FOREST,24,15,wall,False,
VIRIDIAN_FOREST,25,15,path,True,
VIRIDIAN_FOREST,26,14,path,True,
VIRIDIAN_FOREST,27,14,wall,False,
VIRIDIAN_FOREST,26,15,path,True,
VIRIDIAN_FOREST,27,15,wall,False,
VIRIDIAN_FOREST,28,14,wall,False,
VIRIDIAN_FOREST,29,14,wall,False,
VIRIDIAN_FOREST,28,15,wall,False,
VIRIDIAN_FOREST,29,15,wall,False,
VIRIDIAN_FOREST,30,14,grass,True,
VIRIDIAN_FOREST,31,14,grass,True,
VIRIDIAN_FOREST,30,15,grass,True,
VIRIDIAN_FOREST,31,15,grass,True,
VIRIDIAN_FOREST,32,14,grass,True,
VIRIDIAN_FOREST,33,14,wall,False,
VIRIDIAN_FOREST,32,15,grass,True,
VIRIDIAN_FOREST,33,15,wall,False,
VIRIDIAN_FOREST,0,16,wall,False,
VIRIDIAN_FOREST,1,16,grass,True,
VIRIDIAN_FOREST,0,17,wall,False,
VIRIDIAN_FOREST,1,17,grass,True,
VIRIDIAN_FOREST,2,16,grass,True,
VIRIDIAN_FOREST,3,16,wall,False,
VIRIDIAN_FOREST,2,17,grass,True,
VIRIDIAN_FOREST,3,17,wall,False,
VIRIDIAN_FOREST,4,16,wall,False,
VIRIDIAN_FOREST,5,16,wall,False,
VIRIDIAN_FOREST,4,17,wall,False,
VIRIDIAN_FOREST,5,17,wall,False,
VIRIDIAN_FOREST,6,16,grass,True,
VIRIDIAN_FOREST,7,16,grass,True,
VIRIDIAN_FOREST,6,17,grass,True,
VIRIDIAN_FOREST,7,17,grass,True,
VIRIDIAN_FOREST,8,16,grass,True,
VIRIDIAN_FOREST,9,16,wall,False,
VIRIDIAN_FOREST,8,17,grass,True,
VIRIDIAN_FOREST,9,17,wall,False,
VIRIDIAN_FOREST,10,16,wall,False,
VIRIDIAN_FOREST,11,16,grass,True,
VIRIDIAN_FOREST,10,17,wall,False,
VIRIDIAN_FOREST,11,17,grass,True,
VIRIDIAN_FOREST,12,16,grass,True,
VIRIDIAN_FOREST,13,16,grass,True,
VIRIDIAN_FOREST,12,17,grass,True,
VIRIDIAN_FOREST,13,17,grass,True,
VIRIDIAN_FOREST,14,16,path,True,
VIRIDIAN_FOREST,15,16,path,True,
VIRIDIAN_FOREST,14,17,path,True,
VIRIDIAN_FOREST,15,17,path,True,
VIRIDIAN_FOREST,16,16,grass,True,
VIRIDIAN_FOREST,17,16,grass,True,
VIRIDIAN_FOREST,16,17,grass,True,
VIRIDIAN_FOREST,17,17,grass,True,
VIRIDIAN_FOREST,18,16,grass,True,
VIRIDIAN_FOREST,19,16,wall,False,
VIRIDIAN_FOREST,18,17,grass,True,
VIRIDIAN_FOREST,19,17,wall,False,
VIRIDIAN_FOREST,20,16,wall,False,
VIRIDIAN_FOREST,21,16,wall,False,
VIRIDIAN_FOREST,20,17,wall,False,
VIRIDIAN_FOREST,21,17,wall,False,
VIRIDIAN_FOREST,22,16,wall,False,
VIRIDIAN_FOREST,23,16,wall,False,
VIRIDIAN_FOREST,22,17,wall,False,
VIRIDIAN_FOREST,23,17,wall,False,
VIRIDIAN_FOREST,24,16,wall,False,
VIRIDIAN_FOREST,25,16,path,True,
VIRIDIAN_FOREST,24,17,wall,False,
VIRIDIAN_FOREST,25,17,path,True,
VIRIDIAN_FOREST,26,16,path,True,
VIRIDIAN_FOREST,27,16,wall,False,
VIRIDIAN_FOREST,26,17,wall,False,
VIRIDIAN_FOREST,27,17,wall,False,
VIRIDIAN_FOREST,28,16,wall,False,
VIRIDIAN_FOREST,29,16,wall,False,
VIRIDIAN_FOREST,28,17,wall,False,
VIRIDIAN_FOREST,29,17,wall,False,
VIRIDIAN_FOREST,30,16,grass,True,
VIRIDIAN_FOREST,31,16,grass,True,
VIRIDIAN_FOREST,30,17,grass,True,
VIRIDIAN_FOREST,31,17,grass,True,
VIRIDIAN_FOREST,32,16,grass,True,
VIRIDIAN_FOREST,33,16,wall,False,
VIRIDIAN_FOREST,32,17,grass,True,
VIRIDIAN_FOREST,33,17,wall,False,
VIRIDIAN_FOREST,0,18,wall,False,
VIRIDIAN_FOREST,1,18,grass,True,
VIRIDIAN_FOREST,0,19,wall,False,
VIRIDIAN_FOREST,1,19,grass,True,
VIRIDIAN_FOREST,2,18,grass,True,
VIRIDIAN_FOREST,3,18,wall,False,
VIRIDIAN_FOREST,2,19,grass,True,
VIRIDIAN_FOREST,3,19,wall,False,
VIRIDIAN_FOREST,4,18,wall,False,
VIRIDIAN_FOREST,5,18,wall,False,
VIRIDIAN_FOREST,4,19,wall,False,
VIRIDIAN_FOREST,5,19,wall,False,
VIRIDIAN_FOREST,6,18,grass,True,
VIRIDIAN_FOREST,7,18,grass,True,
VIRIDIAN_FOREST,6,19,grass,True,
VIRIDIAN_FOREST,7,19,grass,True,
VIRIDIAN_FOREST,8,18,grass,True,
VIRIDIAN_FOREST,9,18,wall,False,
VIRIDIAN_FOREST,8,19,grass,True,
VIRIDIAN_FOREST,9,19,wall,False,
VIRIDIAN_FOREST,10,18,wall,False,
VIRIDIAN_FOREST,11,18,path,True,
VIRIDIAN_FOREST,10,19,wall,False,
VIRIDIAN_FOREST,11,19,path,True,
VIRIDIAN_FOREST,12,18,path,True,
VIRIDIAN_FOREST,13,18,path,True,
VIRIDIAN_FOREST,12,19,path,True,
VIRIDIAN_FOREST,13,19,path,True,
VIRIDIAN_FOREST,14,18,path,True,
VIRIDIAN_FOREST,15,18,path,True,
VIRIDIAN_FOREST,14,19,path,True,
VIRIDIAN_FOREST,15,19,path,True,
VIRIDIAN_FOREST,16,18,path,True,
VIRIDIAN_FOREST,17,18,path,True,
VIRIDIAN_FOREST,16,19,path,True,
VIRIDIAN_FOREST,17,19,path,True,
VIRIDIAN_FOREST,18,18,path,True,
VIRIDIAN_FOREST,19,18,wall,False,
VIRIDIAN_FOREST,18,19,path,True,
VIRIDIAN_FOREST,19,19,wall,False,
VIRIDIAN_FOREST,20,18,wall,False,
VIRIDIAN_FOREST,21,18,wall,False,
VIRIDIAN_FOREST,20,19,wall,False,
VIRIDIAN_FOREST,21,19,wall,False,
VIRIDIAN_FOREST,22,18,wall,False,
VIRIDIAN_FOREST,23,18,wall,False,
VIRIDIAN_FOREST,22,19,wall,False,
VIRIDIAN_FOREST,23,19,wall,False,
VIRIDIAN_FOREST,24,18,wall,False,
VIRIDIAN_FOREST,25,18,path,True,
VIRIDIAN_FOREST,24,19,wall,False,
VIRIDIAN_FOREST,25,19,path,True,
VIRIDIAN_FOREST,26,18,path,True,
VIRIDIAN_FOREST,27,18,path,True,
VIRIDIAN_FOREST,26,19,path,True,
VIRIDIAN_FOREST,27,19,path,True,
VIRIDIAN_FOREST,28,18,path,True,
VIRIDIAN_FOREST,29,18,path,True,
VIRIDIAN_FOREST,28,19,path,True,
VIRIDIAN_FOREST,29,19,path,True,
VIRIDIAN_FOREST,30,18,path,True,
VIRIDIAN_FOREST,31,18,path,True,
VIRIDIAN_FOREST,30,19,path,True,
VIRIDIAN_FOREST,31,19,path,True,
VIRIDIAN_FOREST,32,18,path,True,
VIRIDIAN_FOREST,33,18,wall,False,
VIRIDIAN_FOREST,32,19,path,True,
VIRIDIAN_FOREST,33,19,wall,False,
VIRIDIAN_FOREST,0,20,wall,False,
VIRIDIAN_FOREST,1,20,grass,True,
VIRIDIAN_FOREST,0,21,wall,False,
VIRIDIAN_FOREST,1,21,grass,True,
VIRIDIAN_FOREST,2,20,grass,True,
VIRIDIAN_FOREST,3,20,wall,False,
VIRIDIAN_FOREST,2,21,grass,True,
VIRIDIAN_FOREST,3,21,wall,False,
VIRIDIAN_FOREST,4,20,wall,False,
VIRIDIAN_FOREST,5,20,wall,False,
VIRIDIAN_FOREST,4,21,wall,False,
VIRIDIAN_FOREST,5,21,wall,False,
VIRIDIAN_FOREST,6,20,grass,True,
VIRIDIAN_FOREST,7,20,grass,True,
VIRIDIAN_FOREST,6,21,grass,True,
VIRIDIAN_FOREST,7,21,grass,True,
VIRIDIAN_FOREST,8,20,grass,True,
VIRIDIAN_FOREST,9,20,wall,False,
VIRIDIAN_FOREST,8,21,grass,True,
VIRIDIAN_FOREST,9,21,wall,False,
VIRIDIAN_FOREST,10,20,wall,False,
VIRIDIAN_FOREST,11,20,wall,False,
VIRIDIAN_FOREST,10,21,wall,False,
VIRIDIAN_FOREST,11,21,wall,False,
VIRIDIAN_FOREST,12,20,wall,False,
VIRIDIAN_FOREST,13,20,wall,False,
VIRIDIAN_FOREST,12,21,wall,False,
VIRIDIAN_FOREST,13,21,wall,False,
VIRIDIAN_FOREST,14,20,wall,False,
VIRIDIAN_FOREST,15,20,wall,False,
VIRIDIAN_FOREST,14,21,wall,False,
VIRIDIAN_FOREST,15,21,wall,False,
VIRIDIAN_FOREST,16,20,wall,False,
VIRIDIAN_FOREST,17,20,wall,False,
VIRIDIAN_FOREST,16,21,wall,False,
VIRIDIAN_FOREST,17,21,wall,False,
VIRIDIAN_FOREST,18,20,wall,False,
VIRIDIAN_FOREST,19,20,wall,False,
VIRIDIAN_FOREST,18,21,wall,False,
VIRIDIAN_FOREST,19,21,wall,False,
VIRIDIAN_FOREST,20,20,wall,False,
VIRIDIAN_FOREST,21,20,wall,False,
VIRIDIAN_FOREST,20,21,wall,False,
VIRIDIAN_FOREST,21,21,wall,False,
VIRIDIAN_FOREST,22,20,wall,False,
VIRIDIAN_FOREST,23,20,wall,False,
VIRIDIAN_FOREST,22,21,wall,False,
VIRIDIAN_FOREST,23,21,wall,False,
VIRIDIAN_FOREST,24,20,wall,False,
VIRIDIAN_FOREST,25,20,grass,True,
VIRIDIAN_FOREST,24,21,wall,False,
VIRIDIAN_FOREST,25,21,grass,True,
VIRIDIAN_FOREST,26,20,grass,True,
VIRIDIAN_FOREST,27,20,grass,True,
VIRIDIAN_FOREST,26,21,grass,True,
VIRIDIAN_FOREST,27,21,grass,True,
VIRIDIAN_FOREST,28,20,wall,False,
VIRIDIAN_FOREST,29,20,wall,False,
VIRIDIAN_FOREST,28,21,wall,False,
VIRIDIAN_FOREST,29,21,wall,False,
VIRIDIAN_FOREST,30,20,wall,False,
VIRIDIAN_FOREST,31,20,path,True,
VIRIDIAN_FOREST,30,21,wall,False,
VIRIDIAN_FOREST,31,21,path,True,
VIRIDIAN_FOREST,32,20,path,True,
VIRIDIAN_FOREST,33,20,wall,False,
VIRIDIAN_FOREST,32,21,path,True,
VIRIDIAN_FOREST,33,21,wall,False,
VIRIDIAN_FOREST,0,22,wall,False,
VIRIDIAN_FOREST,1,22,grass,True,
VIRIDIAN_FOREST,0,23,wall,False,
VIRIDIAN_FOREST,1,23,grass,True,
VIRIDIAN_FOREST,2,22,grass,True,
VIRIDIAN_FOREST,3,22,grass,True,
VIRIDIAN_FOREST,2,23,grass,True,
VIRIDIAN_FOREST,3,23,grass,True,
VIRIDIAN_FOREST,4,22,path,True,
VIRIDIAN_FOREST,5,22,path,True,
VIRIDIAN_FOREST,4,23,path,True,
VIRIDIAN_FOREST,5,23,path,True,
VIRIDIAN_FOREST,6,22,grass,True,
VIRIDIAN_FOREST,7,22,grass,True,
VIRIDIAN_FOREST,6,23,grass,True,
VIRIDIAN_FOREST,7,23,grass,True,
VIRIDIAN_FOREST,8,22,grass,True,
VIRIDIAN_FOREST,9,22,wall,False,
VIRIDIAN_FOREST,8,23,grass,True,
VIRIDIAN_FOREST,9,23,wall,False,
VIRIDIAN_FOREST,10,22,wall,False,
VIRIDIAN_FOREST,11,22,wall,False,
VIRIDIAN_FOREST,10,23,wall,False,
VIRIDIAN_FOREST,11,23,wall,False,
VIRIDIAN_FOREST,12,22,wall,False,
VIRIDIAN_FOREST,13,22,wall,False,
VIRIDIAN_FOREST,12,23,wall,False,
VIRIDIAN_FOREST,13,23,wall,False,
VIRIDIAN_FOREST,14,22,wall,False,
VIRIDIAN_FOREST,15,22,wall,False,
VIRIDIAN_FOREST,14,23,wall,False,
VIRIDIAN_FOREST,15,23,wall,False,
VIRIDIAN_FOREST,16,22,wall,False,
VIRIDIAN_FOREST,17,22,wall,False,
VIRIDIAN_FOREST,16,23,wall,False,
VIRIDIAN_FOREST,17,23,wall,False,
VIRIDIAN_FOREST,18,22,wall,False,
VIRIDIAN_FOREST,19,22,wall,False,
VIRIDIAN_FOREST,18,23,wall,False,
VIRIDIAN_FOREST,19,23,wall,False,
VIRIDIAN_FOREST,20,22,wall,False,
VIRIDIAN_FOREST,21,22,wall,False,
VIRIDIAN_FOREST,20,23,wall,False,
VIRIDIAN_FOREST,21,23,wall,False,
VIRIDIAN_FOREST,22,22,wall,False,
VIRIDIAN_FOREST,23,22,wall,False,
VIRIDIAN_FOREST,22,23,wall,False,
VIRIDIAN_FOREST,23,23,wall,False,
VIRIDIAN_FOREST,24,22,wall,False,
VIRIDIAN_FOREST,25,22,grass,True,
VIRIDIAN_FOREST,24,23,wall,False,
VIRIDIAN_FOREST,25,23,grass,True,
VIRIDIAN_FOREST,26,22,grass,True,
VIRIDIAN_FOREST,27,22,grass,True,
VIRIDIAN_FOREST,26,23,grass,True,
VIRIDIAN_FOREST,27,23,grass,True,
VIRIDIAN_FOREST,28,22,wall,False,
VIRIDIAN_FOREST,29,22,wall,False,
VIRIDIAN_FOREST,28,23,wall,False,
VIRIDIAN_FOREST,29,23,wall,False,
VIRIDIAN_FOREST,30,22,wall,False,
VIRIDIAN_FOREST,31,22,path,True,
VIRIDIAN_FOREST,30,23,wall,False,
VIRIDIAN_FOREST,31,23,path,True,
VIRIDIAN_FOREST,32,22,path,True,
VIRIDIAN_FOREST,33,22,wall,False,
VIRIDIAN_FOREST,32,23,path,True,
VIRIDIAN_FOREST,33,23,wall,False,
VIRIDIAN_FOREST,0,24,wall,False,
VIRIDIAN_FOREST,1,24,path,True,
VIRIDIAN_FOREST,0,25,wall,False,
VIRIDIAN_FOREST,1,25,path,True,
VIRIDIAN_FOREST,2,24,path,True,
VIRIDIAN_FOREST,3,24,path,True,
VIRIDIAN_FOREST,2,25,path,True,
VIRIDIAN_FOREST,3,25,path,True,
VIRIDIAN_FOREST,4,24,wall,False,
VIRIDIAN_FOREST,5,24,path,True,
VIRIDIAN_FOREST,4,25,path,True,
VIRIDIAN_FOREST,5,25,path,True,
VIRIDIAN_FOREST,6,24,path,True,
VIRIDIAN_FOREST,7,24,path,True,
VIRIDIAN_FOREST,6,25,path,True,
VIRIDIAN_FOREST,7,25,path,True,
VIRIDIAN_FOREST,8,24,path,True,
VIRIDIAN_FOREST,9,24,path,True,
VIRIDIAN_FOREST,8,25,path,True,
VIRIDIAN_FOREST,9,25,path,True,
VIRIDIAN_FOREST,10,24,path,True,
VIRIDIAN_FOREST,11,24,path,True,
VIRIDIAN_FOREST,10,25,path,True,
VIRIDIAN_FOREST,11,25,path,True,
VIRIDIAN_FOREST,12,24,path,True,
VIRIDIAN_FOREST,13,24,wall,False,
VIRIDIAN_FOREST,12,25,path,True,
VIRIDIAN_FOREST,13,25,wall,False,
VIRIDIAN_FOREST,14,24,wall,False,
VIRIDIAN_FOREST,15,24,wall,False,
VIRIDIAN_FOREST,14,25,wall,False,
VIRIDIAN_FOREST,15,25,wall,False,
VIRIDIAN_FOREST,16,24,wall,False,
VIRIDIAN_FOREST,17,24,wall,False,
VIRIDIAN_FOREST,16,25,wall,False,
VIRIDIAN_FOREST,17,25,wall,False,
VIRIDIAN_FOREST,18,24,wall,False,
VIRIDIAN_FOREST,19,24,wall,False,
VIRIDIAN_FOREST,18,25,wall,False,
VIRIDIAN_FOREST,19,25,wall,False,
VIRIDIAN_FOREST,20,24,wall,False,
VIRIDIAN_FOREST,21,24,wall,False,
VIRIDIAN_FOREST,20,25,wall,False,
VIRIDIAN_FOREST,21,25,wall,False,
VIRIDIAN_FOREST,22,24,wall,False,
VIRIDIAN_FOREST,23,24,wall,False,
VIRIDIAN_FOREST,22,25,wall,False,
VIRIDIAN_FOREST,23,25,wall,False,
VIRIDIAN_FOREST,24,24,wall,False,
VIRIDIAN_FOREST,25,24,grass,True,
VIRIDIAN_FOREST,24,25,wall,False,
VIRIDIAN_FOREST,25,25,grass,True,
VIRIDIAN_FOREST,26,24,grass,True,
VIRIDIAN_FOREST,27,24,grass,True,
VIRIDIAN_FOREST,26,25,grass,True,
VIRIDIAN_FOREST,27,25,grass,True,
VIRIDIAN_FOREST,28,24,wall,False,
VIRIDIAN_FOREST,29,24,wall,False,
VIRIDIAN_FOREST,28,25,wall,False,
VIRIDIAN_FOREST,29,25,wall,False,
VIRIDIAN_FOREST,30,24,wall,False,
VIRIDIAN_FOREST,31,24,path,True,
VIRIDIAN_FOREST,30,25,wall,False,
VIRIDIAN_FOREST,31,25,path,True,
VIRIDIAN_FOREST,32,24,path,True,
VIRIDIAN_FOREST,33,24,wall,False,
VIRIDIAN_FOREST,32,25,path,True,
VIRIDIAN_FOREST,33,25,wall,False,
VIRIDIAN_FOREST,0,26,wall,False,
VIRIDIAN_FOREST,1,26,wall,False,
VIRIDIAN_FOREST,0,27,wall,False,
VIRIDIAN_FOREST,1,27,wall,False,
VIRIDIAN_FOREST,2,26,wall,False,
VIRIDIAN_FOREST,3,26,wall,False,
VIRIDIAN_FOREST,2,27,wall,False,
VIRIDIAN_FOREST,3,27,wall,False,
VIRIDIAN_FOREST,4,26,wall,False,
VIRIDIAN_FOREST,5,26,wall,False,
VIRIDIAN_FOREST,4,27,wall,False,
VIRIDIAN_FOREST,5,27,wall,False,
VIRIDIAN_FOREST,6,26,wall,False,
VIRIDIAN_FOREST,7,26,wall,False,
VIRIDIAN_FOREST,6,27,wall,False,
VIRIDIAN_FOREST,7,27,wall,False,
VIRIDIAN_FOREST,8,26,wall,False,
VIRIDIAN_FOREST,9,26,wall,False,
VIRIDIAN_FOREST,8,27,wall,False,
VIRIDIAN_FOREST,9,27,wall,False,
VIRIDIAN_FOREST,10,26,wall,False,
VIRIDIAN_FOREST,11,26,path,True,
VIRIDIAN_FOREST,10,27,wall,False,
VIRIDIAN_FOREST,11,27,path,True,
VIRIDIAN_FOREST,12,26,path,True,
VIRIDIAN_FOREST,13,26,wall,False,
VIRIDIAN_FOREST,12,27,path,True,
VIRIDIAN_FOREST,13,27,wall,False,
VIRIDIAN_FOREST,14,26,wall,False,
VIRIDIAN_FOREST,15,26,wall,False,
VIRIDIAN_FOREST,14,27,wall,False,
VIRIDIAN_FOREST,15,27,wall,False,
VIRIDIAN_FOREST,16,26,wall,False,
VIRIDIAN_FOREST,17,26,wall,False,
VIRIDIAN_FOREST,16,27,wall,False,
VIRIDIAN_FOREST,17,27,wall,False,
VIRIDIAN_FOREST,18,26,wall,False,
VIRIDIAN_FOREST,19,26,wall,False,
VIRIDIAN_FOREST,18,27,wall,False,
VIRIDIAN_FOREST,19,27,wall,False,
VIRIDIAN_FOREST,20,26,wall,False,
VIRIDIAN_FOREST,21,26,wall,False,
VIRIDIAN_FOREST,20,27,wall,False,
VIRIDIAN_FOREST,21,27,wall,False,
VIRIDIAN_FOREST,22,26,wall,False,
VIRIDIAN_FOREST,23,26,wall,False,
VIRIDIAN_FOREST,22,27,wall,False,
VIRIDIAN_FOREST,23,27,wall,False,
VIRIDIAN_FOREST,24,26,wall,False,
VIRIDIAN_FOREST,25,26,grass,True,
VIRIDIAN_FOREST,24,27,wall,False,
VIRIDIAN_FOREST,25,27,grass,True,
VIRIDIAN_FOREST,26,26,grass,True,
VIRIDIAN_FOREST,27,26,grass,True,
VIRIDIAN_FOREST,26,27,grass,True,
VIRIDIAN_FOREST,27,27,grass,True,
VIRIDIAN_FOREST,28,26,wall,False,
VIRIDIAN_FOREST,29,26,wall,False,
VIRIDIAN_FOREST,28,27,wall,False,
VIRIDIAN_FOREST,29,27,wall,False,
VIRIDIAN_FOREST,30,26,wall,False,
VIRIDIAN_FOREST,31,26,path,True,
VIRIDIAN_FOREST,30,27,wall,False,
VIRIDIAN_FOREST,31,27,path,True,
VIRIDIAN_FOREST,32,26,path,True,
VIRIDIAN_FOREST,33,26,wall,False,
VIRIDIAN_FOREST,32,27,path,True,
VIRIDIAN_FOREST,33,27,wall,False,
VIRIDIAN_FOREST,0,28,wall,False,
VIRIDIAN_FOREST,1,28,wall,False,
VIRIDIAN_FOREST,0,29,wall,False,
VIRIDIAN_FOREST,1,29,wall,False,
VIRIDIAN_FOREST,2,28,wall,False,
VIRIDIAN_FOREST,3,28,wall,False,
VIRIDIAN_FOREST,2,29,wall,False,
VIRIDIAN_FOREST,3,29,wall,False,
VIRIDIAN_FOREST,4,28,wall,False,
VIRIDIAN_FOREST,5,28,wall,False,
VIRIDIAN_FOREST,4,29,wall,False,
VIRIDIAN_FOREST,5,29,wall,False,
VIRIDIAN_FOREST,6,28,wall,False,
VIRIDIAN_FOREST,7,28,wall,False,
VIRIDIAN_FOREST,6,29,wall,False,
VIRIDIAN_FOREST,7,29,wall,False,
VIRIDIAN_FOREST,8,28,wall,False,
VIRIDIAN_FOREST,9,28,wall,False,
VIRIDIAN_FOREST,8,29,wall,False,
VIRIDIAN_FOREST,9,29,wall,False,
VIRIDIAN_FOREST,10,28,wall,False,
VIRIDIAN_FOREST,11,28,path,True,
VIRIDIAN_FOREST,10,29,wall,False,
VIRIDIAN_FOREST,11,29,path,True,
VIRIDIAN_FOREST,12,28,path,True,
VIRIDIAN_FOREST,13,28,wall,False,
VIRIDIAN_FOREST,12,29,path,True,
VIRIDIAN_FOREST,13,29,wall,False,
VIRIDIAN_FOREST,14,28,wall,False,
VIRIDIAN_FOREST,15,28,wall,False,
VIRIDIAN_FOREST,14,29,wall,False,
VIRIDIAN_FOREST,15,29,wall,False,
VIRIDIAN_FOREST,16,28,wall,False,
VIRIDIAN_FOREST,17,28,wall,False,
VIRIDIAN_FOREST,16,29,wall,False,
VIRIDIAN_FOREST,17,29,wall,False,
VIRIDIAN_FOREST,18,28,wall,False,
VIRIDIAN_FOREST,19,28,wall,False,
VIRIDIAN_FOREST,18,29,wall,False,
VIRIDIAN_FOREST,19,29,wall,False,
VIRIDIAN_FOREST,20,28,wall,False,
VIRIDIAN_FOREST,21,28,wall,False,
VIRIDIAN_FOREST,20,29,wall,False,
VIRIDIAN_FOREST,21,29,wall,False,
VIRIDIAN_FOREST,22,28,wall,False,
VIRIDIAN_FOREST,23,28,wall,False,
VIRIDIAN_FOREST,22,29,wall,False,
VIRIDIAN_FOREST,23,29,wall,False,
VIRIDIAN_FOREST,24,28,wall,False,
VIRIDIAN_FOREST,25,28,grass,True,
VIRIDIAN_FOREST,24,29,wall,False,
VIRIDIAN_FOREST,25,29,grass,True,
VIRIDIAN_FOREST,26,28,grass,True,
VIRIDIAN_FOREST,27,28,grass,True,
VIRIDIAN_FOREST,26,29,grass,True,
VIRIDIAN_FOREST,27,29,grass,True,
VIRIDIAN_FOREST,28,28,wall,False,
VIRIDIAN_FOREST,29,28,wall,False,
VIRIDIAN_FOREST,28,29,wall,False,
VIRIDIAN_FOREST,29,29,wall,False,
VIRIDIAN_FOREST,30,28,wall,False,
VIRIDIAN_FOREST,31,28,path,True,
VIRIDIAN_FOREST,30,29,wall,False,
VIRIDIAN_FOREST,31,29,path,True,
VIRIDIAN_FOREST,32,28,path,True,
VIRIDIAN_FOREST,33,28,wall,False,
VIRIDIAN_FOREST,32,29,path,True,
VIRIDIAN_FOREST,33,29,wall,False,
VIRIDIAN_FOREST,0,30,wall,False,
VIRIDIAN_FOREST,1,30,grass,True,
VIRIDIAN_FOREST,0,31,wall,False,
VIRIDIAN_FOREST,1,31,grass,True,
VIRIDIAN_FOREST,2,30,grass,True,
VIRIDIAN_FOREST,3,30,grass,True,
VIRIDIAN_FOREST,2,31,grass,True,
VIRIDIAN_FOREST,3,31,grass,True,
VIRIDIAN_FOREST,4,30,grass,True,
VIRIDIAN_FOREST,5,30,grass,True,
VIRIDIAN_FOREST,4,31,grass,True,
VIRIDIAN_FOREST,5,31,grass,True,
VIRIDIAN_FOREST,6,30,grass,True,
VIRIDIAN_FOREST,7,30,grass,True,
VIRIDIAN_FOREST,6,31,grass,True,
VIRIDIAN_FOREST,7,31,grass,True,
VIRIDIAN_FOREST,8,30,grass,True,
VIRIDIAN_FOREST,9,30,wall,False,
VIRIDIAN_FOREST,8,31,grass,True,
VIRIDIAN_FOREST,9,31,wall,False,
VIRIDIAN_FOREST,10,30,wall,False,
VIRIDIAN_FOREST,11,30,wall,False,
VIRIDIAN_FOREST,10,31,wall,False,
VIRIDIAN_FOREST,11,31,wall,False,
VIRIDIAN_FOREST,12,30,wall,False,
VIRIDIAN_FOREST,13,30,wall,False,
VIRIDIAN_FOREST,12,31,wall,False,
VIRIDIAN_FOREST,13,31,wall,False,
VIRIDIAN_FOREST,14,30,wall,False,
VIRIDIAN_FOREST,15,30,wall,False,
VIRIDIAN_FOREST,14,31,wall,False,
VIRIDIAN_FOREST,15,31,wall,False,
VIRIDIAN_FOREST,16,30,wall,False,
VIRIDIAN_FOREST,17,30,wall,False,
VIRIDIAN_FOREST,16,31,wall,False,
VIRIDIAN_FOREST,17,31,wall,False,
VIRIDIAN_FOREST,18,30,wall,False,
VIRIDIAN_FOREST,19,30,wall,False,
VIRIDIAN_FOREST,18,31,wall,False,
VIRIDIAN_FOREST,19,31,wall,False,
VIRIDIAN_FOREST,20,30,wall,False,
VIRIDIAN_FOREST,21,30,wall,False,
VIRIDIAN_FOREST,20,31,wall,False,
VIRIDIAN_FOREST,21,31,wall,False,
VIRIDIAN_FOREST,22,30,wall,False,
VIRIDIAN_FOREST,23,30,wall,False,
VIRIDIAN_FOREST,22,31,wall,False,
VIRIDIAN_FOREST,23,31,wall,False,
VIRIDIAN_FOREST,24,30,wall,False,
VIRIDIAN_FOREST,25,30,grass,True,
VIRIDIAN_FOREST,24,31,wall,False,
VIRIDIAN_FOREST,25,31,grass,True,
VIRIDIAN_FOREST,26,30,grass,True,
VIRIDIAN_FOREST,27,30,grass,True,
VIRIDIAN_FOREST,26,31,grass,True,
VIRIDIAN_FOREST,27,31,grass,True,
VIRIDIAN_FOREST,28,30,wall,False,
VIRIDIAN_FOREST,29,30,wall,False,
VIRIDIAN_FOREST,28,31,wall,False,
VIRIDIAN_FOREST,29,31,wall,False,
VIRIDIAN_FOREST,30,30,wall,False,
VIRIDIAN_FOREST,31,30,path,True,
VIRIDIAN_FOREST,30,31,wall,False,
VIRIDIAN_FOREST,31,31,path,True,
VIRIDIAN_FOREST,32,30,path,True,
VIRIDIAN_FOREST,33,30,wall,False,
VIRIDIAN_FOREST,32,31,path,True,
VIRIDIAN_FOREST,33,31,wall,False,
VIRIDIAN_FOREST,0,32,wall,False,
VIRIDIAN_FOREST,1,32,wall,False,
VIRIDIAN_FOREST,0,33,wall,False,
VIRIDIAN_FOREST,1,33,wall,False,
VIRIDIAN_FOREST,2,32,wall,False,
VIRIDIAN_FOREST,3,32,wall,False,
VIRIDIAN_FOREST,2,33,wall,False,
VIRIDIAN_FOREST,3,33,wall,False,
VIRIDIAN_FOREST,4,32,wall,False,
VIRIDIAN_FOREST,5,32,wall,False,
VIRIDIAN_FOREST,4,33,wall,False,
VIRIDIAN_FOREST,5,33,wall,False,
VIRIDIAN_FOREST,6,32,path,True,
VIRIDIAN_FOREST,7,32,path,True,
VIRIDIAN_FOREST,6,33,path,True,
VIRIDIAN_FOREST,7,33,path,True,
VIRIDIAN_FOREST,8,32,grass,True,
VIRIDIAN_FOREST,9,32,grass,True,
VIRIDIAN_FOREST,8,33,grass,True,
VIRIDIAN_FOREST,9,33,grass,True,
VIRIDIAN_FOREST,10,32,grass,True,
VIRIDIAN_FOREST,11,32,grass,True,
VIRIDIAN_FOREST,10,33,grass,True,
VIRIDIAN_FOREST,11,33,grass,True,
VIRIDIAN_FOREST,12,32,grass,True,
VIRIDIAN_FOREST,13,32,grass,True,
VIRIDIAN_FOREST,12,33,grass,True,
VIRIDIAN_FOREST,13,33,grass,True,
VIRIDIAN_FOREST,14,32,grass,True,
VIRIDIAN_FOREST,15,32,grass,True,
VIRIDIAN_FOREST,14,33,grass,True,
VIRIDIAN_FOREST,15,33,grass,True,
VIRIDIAN_FOREST,16,32,wall,False,
VIRIDIAN_FOREST,17,32,path,True,
VIRIDIAN_FOREST,16,33,path,True,
VIRIDIAN_FOREST,17,33,path,True,
VIRIDIAN_FOREST,18,32,grass,True,
VIRIDIAN_FOREST,19,32,wall,False,
VIRIDIAN_FOREST,18,33,grass,True,
VIRIDIAN_FOREST,19,33,wall,False,
VIRIDIAN_FOREST,20,32,wall,False,
VIRIDIAN_FOREST,21,32,wall,False,
VIRIDIAN_FOREST,20,33,wall,False,
VIRIDIAN_FOREST,21,33,wall,False,
VIRIDIAN_FOREST,22,32,wall,False,
VIRIDIAN_FOREST,23,32,wall,False,
VIRIDIAN_FOREST,22,33,wall,False,
VIRIDIAN_FOREST,23,33,wall,False,
VIRIDIAN_FOREST,24,32,wall,False,
VIRIDIAN_FOREST,25,32,grass,True,
VIRIDIAN_FOREST,24,33,wall,False,
VIRIDIAN_FOREST,25,33,grass,True,
VIRIDIAN_FOREST,26,32,path,True,
VIRIDIAN_FOREST,27,32,path,True,
VIRIDIAN_FOREST,26,33,path,True,
VIRIDIAN_FOREST,27,33,path,True,
VIRIDIAN_FOREST,28,32,path,True,
VIRIDIAN_FOREST,29,32,path,True,
VIRIDIAN_FOREST,28,33,path,True,
VIRIDIAN_FOREST,29,33,path,True,
VIRIDIAN_FOREST,30,32,path,True,
VIRIDIAN_FOREST,31,32,path,True,
VIRIDIAN_FOREST,30,33,path,True,
VIRIDIAN_FOREST,31,33,path,True,
VIRIDIAN_FOREST,32,32,path,True,
VIRIDIAN_FOREST,33,32,wall,False,
VIRIDIAN_FOREST,32,33,path,True,
VIRIDIAN_FOREST,33,33,wall,False,
VIRIDIAN_FOREST,0,34,wall,False,
VIRIDIAN_FOREST,1,34,wall,False,
VIRIDIAN_FOREST,0,35,wall,False,
VIRIDIAN_FOREST,1,35,wall,False,
VIRIDIAN_FOREST,2,34,wall,False,
VIRIDIAN_FOREST,3,34,wall,False,
VIRIDIAN_FOREST,2,35,wall,False,
VIRIDIAN_FOREST,3,35,wall,False,
VIRIDIAN_FOREST,4,34,wall,False,
VIRIDIAN_FOREST,5,34,wall,False,
VIRIDIAN_FOREST,4,35,wall,False,
VIRIDIAN_FOREST,5,35,wall,False,
VIRIDIAN_FOREST,6,34,path,True,
VIRIDIAN_FOREST,7,34,path,True,
VIRIDIAN_FOREST,6,35,path,True,
VIRIDIAN_FOREST,7,35,path,True,
VIRIDIAN_FOREST,8,34,grass,True,
VIRIDIAN_FOREST,9,34,wall,False,
VIRIDIAN_FOREST,8,35,grass,True,
VIRIDIAN_FOREST,9,35,wall,False,
VIRIDIAN_FOREST,10,34,wall,False,
VIRIDIAN_FOREST,11,34,wall,False,
VIRIDIAN_FOREST,10,35,wall,False,
VIRIDIAN_FOREST,11,35,wall,False,
VIRIDIAN_FOREST,12,34,wall,False,
VIRIDIAN_FOREST,13,34,wall,False,
VIRIDIAN_FOREST,12,35,wall,False,
VIRIDIAN_FOREST,13,35,wall,False,
VIRIDIAN_FOREST,14,34,wall,False,
VIRIDIAN_FOREST,15,34,grass,True,
VIRIDIAN_FOREST,14,35,wall,False,
VIRIDIAN_FOREST,15,35,grass,True,
VIRIDIAN_FOREST,16,34,path,True,
VIRIDIAN_FOREST,17,34,path,True,
VIRIDIAN_FOREST,16,35,path,True,
VIRIDIAN_FOREST,17,35,path,True,
VIRIDIAN_FOREST,18,34,grass,True,
VIRIDIAN_FOREST,19,34,wall,False,
VIRIDIAN_FOREST,18,35,grass,True,
VIRIDIAN_FOREST,19,35,wall,False,
VIRIDIAN_FOREST,20,34,wall,False,
VIRIDIAN_FOREST,21,34,wall,False,
VIRIDIAN_FOREST,20,35,wall,False,
VIRIDIAN_FOREST,21,35,wall,False,
VIRIDIAN_FOREST,22,34,wall,False,
VIRIDIAN_FOREST,23,34,wall,False,
VIRIDIAN_FOREST,22,35,wall,False,
VIRIDIAN_FOREST,23,35,wall,False,
VIRIDIAN_FOREST,24,34,wall,False,
VIRIDIAN_FOREST,25,34,grass,True,
VIRIDIAN_FOREST,24,35,wall,False,
VIRIDIAN_FOREST,25,35,grass,True,
VIRIDIAN_FOREST,26,34,path,True,
VIRIDIAN_FOREST,27,34,path,True,
VIRIDIAN_FOREST,26,35,path,True,
VIRIDIAN_FOREST,27,35,path,True,
VIRIDIAN_FOREST,28,34,wall,False,
VIRIDIAN_FOREST,29,34,wall,False,
VIRIDIAN_FOREST,28,35,wall,False,
VIRIDIAN_FOREST,29,35,wall,False,
VIRIDIAN_FOREST,30,34,wall,False,
VIRIDIAN_FOREST,31,34,wall,False,
VIRIDIAN_FOREST,30,35,wall,False,
VIRIDIAN_FOREST,31,35,wall,False,
VIRIDIAN_FOREST,32,34,wall,False,
VIRIDIAN_FOREST,33,34,wall,False,
VIRIDIAN_FOREST,32,35,wall,False,
VIRIDIAN_FOREST,33,35,wall,False,
VIRIDIAN_FOREST,0,36,wall,False,
VIRIDIAN_FOREST,1,36,wall,False,
VIRIDIAN_FOREST,0,37,wall,False,
VIRIDIAN_FOREST,1,37,wall,False,
VIRIDIAN_FOREST,2,36,wall,False,
VIRIDIAN_FOREST,3,36,wall,False,
VIRIDIAN_FOREST,2,37,wall,False,
VIRIDIAN_FOREST,3,37,wall,False,
VIRIDIAN_FOREST,4,36,wall,False,
VIRIDIAN_FOREST,5,36,wall,False,
VIRIDIAN_FOREST,4,37,wall,False,
VIRIDIAN_FOREST,5,37,wall,False,
VIRIDIAN_FOREST,6,36,path,True,
VIRIDIAN_FOREST,7,36,path,True,
VIRIDIAN_FOREST,6,37,path,True,
VIRIDIAN_FOREST,7,37,path,True,
VIRIDIAN_FOREST,8,36,grass,True,
VIRIDIAN_FOREST,9,36,wall,False,
VIRIDIAN_FOREST,8,37,grass,True,
VIRIDIAN_FOREST,9,37,wall,False,
VIRIDIAN_FOREST,10,36,wall,False,
VIRIDIAN_FOREST,11,36,wall,False,
VIRIDIAN_FOREST,10,37,wall,False,
VIRIDIAN_FOREST,11,37,wall,False,
VIRIDIAN_FOREST,12,36,wall,False,
VIRIDIAN_FOREST,13,36,wall,False,
VIRIDIAN_FOREST,12,37,wall,False,
VIRIDIAN_FOREST,13,37,wall,False,
VIRIDIAN_FOREST,14,36,wall,False,
VIRIDIAN_FOREST,15,36,grass,True,
VIRIDIAN_FOREST,14,37,wall,False,
VIRIDIAN_FOREST,15,37,grass,True,
VIRIDIAN_FOREST,16,36,path,True,
VIRIDIAN_FOREST,17,36,path,True,
VIRIDIAN_FOREST,16,37,path,True,
VIRIDIAN_FOREST,17,37,path,True,
VIRIDIAN_FOREST,18,36,grass,True,
VIRIDIAN_FOREST,19,36,wall,False,
VIRIDIAN_FOREST,18,37,grass,True,
VIRIDIAN_FOREST,19,37,wall,False,
VIRIDIAN_FOREST,20,36,wall,False,
VIRIDIAN_FOREST,21,36,wall,False,
VIRIDIAN_FOREST,20,37,wall,False,
VIRIDIAN_FOREST,21,37,wall,False,
VIRIDIAN_FOREST,22,36,wall,False,
VIRIDIAN_FOREST,23,36,wall,False,
VIRIDIAN_FOREST,22,37,wall,False,
VIRIDIAN_FOREST,23,37,wall,False,
VIRIDIAN_FOREST,24,36,wall,False,
VIRIDIAN_FOREST,25,36,grass,True,
VIRIDIAN_FOREST,24,37,wall,False,
VIRIDIAN_FOREST,25,37,grass,True,
VIRIDIAN_FOREST,26,36,path,True,
VIRIDIAN_FOREST,27,36,path,True,
VIRIDIAN_FOREST,26,37,path,True,
VIRIDIAN_FOREST,27,37,path,True,
VIRIDIAN_FOREST,28,36,wall,False,
VIRIDIAN_FOREST,29,36,wall,False,
VIRIDIAN_FOREST,28,37,wall,False,
VIRIDIAN_FOREST,29,37,wall,False,
VIRIDIAN_FOREST,30,36,wall,False,
VIRIDIAN_FOREST,31,36,wall,False,
VIRIDIAN_FOREST,30,37,wall,False,
VIRIDIAN_FOREST,31,37,wall,False,
VIRIDIAN_FOREST,32,36,wall,False,
VIRIDIAN_FOREST,33,36,wall,False,
VIRIDIAN_FOREST,32,37,wall,False,
VIRIDIAN_FOREST,33,37,wall,False,
VIRIDIAN_FOREST,0,38,wall,False,
VIRIDIAN_FOREST,1,38,wall,False,
VIRIDIAN_FOREST,0,39,wall,False,
VIRIDIAN_FOREST,1,39,wall,False,
VIRIDIAN_FOREST,2,38,wall,False,
VIRIDIAN_FOREST,3,38,wall,False,
VIRIDIAN_FOREST,2,39,wall,False,
VIRIDIAN_FOREST,3,39,wall,False,
VIRIDIAN_FOREST,4,38,wall,False,
VIRIDIAN_FOREST,5,38,wall,False,
VIRIDIAN_FOREST,4,39,wall,False,
VIRIDIAN_FOREST,5,39,wall,False,
VIRIDIAN_FOREST,6,38,path,True,
VIRIDIAN_FOREST,7,38,path,True,
VIRIDIAN_FOREST,6,39,path,True,
VIRIDIAN_FOREST,7,39,path,True,
VIRIDIAN_FOREST,8,38,grass,True,
VIRIDIAN_FOREST,9,38,wall,False,
VIRIDIAN_FOREST,8,39,grass,True,
VIRIDIAN_FOREST,9,39,wall,False,
VIRIDIAN_FOREST,10,38,wall,False,
VIRIDIAN_FOREST,11,38,wall,False,
VIRIDIAN_FOREST,10,39,wall,False,
VIRIDIAN_FOREST,11,39,wall,False,
VIRIDIAN_FOREST,12,38,wall,False,
VIRIDIAN_FOREST,13,38,wall,False,
VIRIDIAN_FOREST,12,39,wall,False,
VIRIDIAN_FOREST,13,39,wall,False,
VIRIDIAN_FOREST,14,38,wall,False,
VIRIDIAN_FOREST,15,38,grass,True,
VIRIDIAN_FOREST,14,39,wall,False,
VIRIDIAN_FOREST,15,39,grass,True,
VIRIDIAN_FOREST,16,38,path,True,
VIRIDIAN_FOREST,17,38,path,True,
VIRIDIAN_FOREST,16,39,path,True,
VIRIDIAN_FOREST,17,39,path,True,
VIRIDIAN_FOREST,18,38,grass,True,
VIRIDIAN_FOREST,19,38,wall,False,
VIRIDIAN_FOREST,18,39,grass,True,
VIRIDIAN_FOREST,19,39,wall,False,
VIRIDIAN_FOREST,20,38,wall,False,
VIRIDIAN_FOREST,21,38,wall,False,
VIRIDIAN_FOREST,20,39,wall,False,
VIRIDIAN_FOREST,21,39,wall,False,
VIRIDIAN_FOREST,22,38,wall,False,
VIRIDIAN_FOREST,23,38,wall,False,
VIRIDIAN_FOREST,22,39,wall,False,
VIRIDIAN_FOREST,23,39,wall,False,
VIRIDIAN_FOREST,24,38,wall,False,
VIRIDIAN_FOREST,25,38,grass,True,
VIRIDIAN_FOREST,24,39,wall,False,
VIRIDIAN_FOREST,25,39,grass,True,
VIRIDIAN_FOREST,26,38,path,True,
VIRIDIAN_FOREST,27,38,path,True,
VIRIDIAN_FOREST,26,39,path,True,
VIRIDIAN_FOREST,27,39,path,True,
VIRIDIAN_FOREST,28,38,wall,False,
VIRIDIAN_FOREST,29,38,wall,False,
VIRIDIAN_FOREST,28,39,wall,False,
VIRIDIAN_FOREST,29,39,wall,False,
VIRIDIAN_FOREST,30,38,wall,False,
VIRIDIAN_FOREST,31,38,wall,False,
VIRIDIAN_FOREST,30,39,wall,False,
VIRIDIAN_FOREST,31,39,wall,False,
VIRIDIAN_FOREST,32,38,wall,False,
VIRIDIAN_FOREST,33,38,wall,False,
VIRIDIAN_FOREST,32,39,wall,False,
VIRIDIAN_FOREST,33,39,wall,False,
VIRIDIAN_FOREST,0,40,wall,False,
VIRIDIAN_FOREST,1,40,grass,True,
VIRIDIAN_FOREST,0,41,wall,False,
VIRIDIAN_FOREST,1,41,grass,True,
VIRIDIAN_FOREST,2,40,grass,True,
VIRIDIAN_FOREST,3,40,grass,True,
VIRIDIAN_FOREST,2,41,grass,True,
VIRIDIAN_FOREST,3,41,grass,True,
VIRIDIAN_FOREST,4,40,grass,True,
VIRIDIAN_FOREST,5,40,grass,True,
VIRIDIAN_FOREST,4,41,grass,True,
VIRIDIAN_FOREST,5,41,grass,True,
VIRIDIAN_FOREST,6,40,path,True,
VIRIDIAN_FOREST,7,40,path,True,
VIRIDIAN_FOREST,6,41,path,True,
VIRIDIAN_FOREST,7,41,path,True,
VIRIDIAN_FOREST,8,40,grass,True,
VIRIDIAN_FOREST,9,40,grass,True,
VIRIDIAN_FOREST,8,41,grass,True,
VIRIDIAN_FOREST,9,41,grass,True,
VIRIDIAN_FOREST,10,40,grass,True,
VIRIDIAN_FOREST,11,40,grass,True,
VIRIDIAN_FOREST,10,41,grass,True,
VIRIDIAN_FOREST,11,41,grass,True,
VIRIDIAN_FOREST,12,40,grass,True,
VIRIDIAN_FOREST,13,40,grass,True,
VIRIDIAN_FOREST,12,41,grass,True,
VIRIDIAN_FOREST,13,41,grass,True,
VIRIDIAN_FOREST,14,40,grass,True,
VIRIDIAN_FOREST,15,40,grass,True,
VIRIDIAN_FOREST,14,41,grass,True,
VIRIDIAN_FOREST,15,41,grass,True,
VIRIDIAN_FOREST,16,40,path,True,
VIRIDIAN_FOREST,17,40,path,True,
VIRIDIAN_FOREST,16,41,wall,False,
VIRIDIAN_FOREST,17,41,wall,False,
VIRIDIAN_FOREST,18,40,grass,True,
VIRIDIAN_FOREST,19,40,grass,True,
VIRIDIAN_FOREST,18,41,grass,True,
VIRIDIAN_FOREST,19,41,grass,True,
VIRIDIAN_FOREST,20,40,grass,True,
VIRIDIAN_FOREST,21,40,grass,True,
VIRIDIAN_FOREST,20,41,grass,True,
VIRIDIAN_FOREST,21,41,grass,True,
VIRIDIAN_FOREST,22,40,grass,True,
VIRIDIAN_FOREST,23,40,grass,True,
VIRIDIAN_FOREST,22,41,grass,True,
VIRIDIAN_FOREST,23,41,grass,True,
VIRIDIAN_FOREST,24,40,wall,False,
VIRIDIAN_FOREST,25,40,grass,True,
VIRIDIAN_FOREST,24,41,grass,True,
VIRIDIAN_FOREST,25,41,grass,True,
VIRIDIAN_FOREST,26,40,path,True,
VIRIDIAN_FOREST,27,40,path,True,
VIRIDIAN_FOREST,26,41,path,True,
VIRIDIAN_FOREST,27,41,path,True,
VIRIDIAN_FOREST,28,40,grass,True,
VIRIDIAN_FOREST,29,40,grass,True,
VIRIDIAN_FOREST,28,41,grass,True,
VIRIDIAN_FOREST,29,41,grass,True,
VIRIDIAN_FOREST,30,40,grass,True,
VIRIDIAN_FOREST,31,40,grass,True,
VIRIDIAN_FOREST,30,41,grass,True,
VIRIDIAN_FOREST,31,41,grass,True,
VIRIDIAN_FOREST,32,40,grass,True,
VIRIDIAN_FOREST,33,40,wall,False,
VIRIDIAN_FOREST,32,41,grass,True,
VIRIDIAN_FOREST,33,41,wall,False,
VIRIDIAN_FOREST,0,42,wall,False,
VIRIDIAN_FOREST,1,42,grass,True,
VIRIDIAN_FOREST,0,43,wall,False,
VIRIDIAN_FOREST,1,43,grass,True,
VIRIDIAN_FOREST,2,42,grass,True,
VIRIDIAN_FOREST,3,42,grass,True,
VIRIDIAN_FOREST,2,43,grass,True,
VIRIDIAN_FOREST,3,43,grass,True,
VIRIDIAN_FOREST,4,42,grass,True,
VIRIDIAN_FOREST,5,42,grass,True,
VIRIDIAN_FOREST,4,43,grass,True,
VIRIDIAN_FOREST,5,43,grass,True,
VIRIDIAN_FOREST,6,42,path,True,
VIRIDIAN_FOREST,7,42,path,True,
VIRIDIAN_FOREST,6,43,path,True,
VIRIDIAN_FOREST,7,43,path,True,
VIRIDIAN_FOREST,8,42,path,True,
VIRIDIAN_FOREST,9,42,path,True,
VIRIDIAN_FOREST,8,43,path,True,
VIRIDIAN_FOREST,9,43,path,True,
VIRIDIAN_FOREST,10,42,path,True,
VIRIDIAN_FOREST,11,42,path,True,
VIRIDIAN_FOREST,10,43,path,True,
VIRIDIAN_FOREST,11,43,path,True,
VIRIDIAN_FOREST,12,42,path,True,
VIRIDIAN_FOREST,13,42,path,True,
VIRIDIAN_FOREST,12,43,path,True,
VIRIDIAN_FOREST,13,43,path,True,
VIRIDIAN_FOREST,14,42,path,True,
VIRIDIAN_FOREST,15,42,path,True,
VIRIDIAN_FOREST,14,43,path,True,
VIRIDIAN_FOREST,15,43,path,True,
VIRIDIAN_FOREST,16,42,wall,False,
VIRIDIAN_FOREST,17,42,wall,False,
VIRIDIAN_FOREST,16,43,path,True,
VIRIDIAN_FOREST,17,43,path,True,
VIRIDIAN_FOREST,18,42,path,True,
VIRIDIAN_FOREST,19,42,path,True,
VIRIDIAN_FOREST,18,43,path,True,
VIRIDIAN_FOREST,19,43,path,True,
VIRIDIAN_FOREST,20,42,path,True,
VIRIDIAN_FOREST,21,42,path,True,
VIRIDIAN_FOREST,20,43,path,True,
VIRIDIAN_FOREST,21,43,path,True,
VIRIDIAN_FOREST,22,42,path,True,
VIRIDIAN_FOREST,23,42,path,True,
VIRIDIAN_FOREST,22,43,path,True,
VIRIDIAN_FOREST,23,43,path,True,
VIRIDIAN_FOREST,24,42,path,True,
VIRIDIAN_FOREST,25,42,path,True,
VIRIDIAN_FOREST,24,43,path,True,
VIRIDIAN_FOREST,25,43,path,True,
VIRIDIAN_FOREST,26,42,path,True,
VIRIDIAN_FOREST,27,42,path,True,
VIRIDIAN_FOREST,26,43,path,True,
VIRIDIAN_FOREST,27,43,path,True,
VIRIDIAN_FOREST,28,42,grass,True,
VIRIDIAN_FOREST,29,42,grass,True,
VIRIDIAN_FOREST,28,43,grass,True,
VIRIDIAN_FOREST,29,43,grass,True,
VIRIDIAN_FOREST,30,42,grass,True,
VIRIDIAN_FOREST,31,42,grass,True,
VIRIDIAN_FOREST,30,43,grass,True,
VIRIDIAN_FOREST,31,43,grass,True,
VIRIDIAN_FOREST,32,42,grass,True,
VIRIDIAN_FOREST,33,42,wall,False,
VIRIDIAN_FOREST,32,43,grass,True,
VIRIDIAN_FOREST,33,43,wall,False,
VIRIDIAN_FOREST,0,44,wall,False,
VIRIDIAN_FOREST,1,44,wall,False,
VIRIDIAN_FOREST,0,45,wall,False,
VIRIDIAN_FOREST,1,45,wall,False,
VIRIDIAN_FOREST,2,44,wall,False,
VIRIDIAN_FOREST,3,44,wall,False,
VIRIDIAN_FOREST,2,45,wall,False,
VIRIDIAN_FOREST,3,45,wall,False,
VIRIDIAN_FOREST,4,44,wall,False,
VIRIDIAN_FOREST,5,44,wall,False,
VIRIDIAN_FOREST,4,45,wall,False,
VIRIDIAN_FOREST,5,45,wall,False,
VIRIDIAN_FOREST,6,44,wall,False,
VIRIDIAN_FOREST,7,44,wall,False,
VIRIDIAN_FOREST,6,45,wall,False,
VIRIDIAN_FOREST,7,45,wall,False,
VIRIDIAN_FOREST,8,44,wall,False,
VIRIDIAN_FOREST,9,44,wall,False,
VIRIDIAN_FOREST,8,45,wall,False,
VIRIDIAN_FOREST,9,45,wall,False,
VIRIDIAN_FOREST,10,44,wall,False,
VIRIDIAN_FOREST,11,44,wall,False,
VIRIDIAN_FOREST,10,45,wall,False,
VIRIDIAN_FOREST,11,45,wall,False,
VIRIDIAN_FOREST,12,44,wall,False,
VIRIDIAN_FOREST,13,44,wall,False,
VIRIDIAN_FOREST,12,45,wall,False,
VIRIDIAN_FOREST,13,45,wall,False,
VIRIDIAN_FOREST,14,44,wall,False,
VIRIDIAN_FOREST,15,44,path,True,
VIRIDIAN_FOREST,14,45,wall,False,
VIRIDIAN_FOREST,15,45,path,True,
VIRIDIAN_FOREST,16,44,path,True,
VIRIDIAN_FOREST,17,44,path,True,
VIRIDIAN_FOREST,16,45,path,True,
VIRIDIAN_FOREST,17,45,path,True,
VIRIDIAN_FOREST,18,44,path,True,
VIRIDIAN_FOREST,19,44,wall,False,
VIRIDIAN_FOREST,18,45,wall,False,
VIRIDIAN_FOREST,19,45,wall,False,
VIRIDIAN_FOREST,20,44,wall,False,
VIRIDIAN_FOREST,21,44,wall,False,
VIRIDIAN_FOREST,20,45,wall,False,
VIRIDIAN_FOREST,21,45,wall,False,
VIRIDIAN_FOREST,22,44,wall,False,
VIRIDIAN_FOREST,23,44,wall,False,
VIRIDIAN_FOREST,22,45,wall,False,
VIRIDIAN_FOREST,23,45,wall,False,
VIRIDIAN_FOREST,24,44,wall,False,
VIRIDIAN_FOREST,25,44,wall,False,
VIRIDIAN_FOREST,24,45,wall,False,
VIRIDIAN_FOREST,25,45,wall,False,
VIRIDIAN_FOREST,26,44,wall,False,
VIRIDIAN_FOREST,27,44,wall,False,
VIRIDIAN_FOREST,26,45,wall,False,
VIRIDIAN_FOREST,27,45,wall,False,
VIRIDIAN_FOREST,28,44,wall,False,
VIRIDIAN_FOREST,29,44,wall,False,
VIRIDIAN_FOREST,28,45,wall,False,
VIRIDIAN_FOREST,29,45,wall,False,
VIRIDIAN_FOREST,30,44,wall,False,
VIRIDIAN_FOREST,31,44,wall,False,
VIRIDIAN_FOREST,30,45,wall,False,
VIRIDIAN_FOREST,31,45,wall,False,
VIRIDIAN_FOREST,32,44,wall,False,
VIRIDIAN_FOREST,33,44,wall,False,
VIRIDIAN_FOREST,32,45,wall,False,
VIRIDIAN_FOREST,33,45,wall,False,
VIRIDIAN_FOREST,0,46,wall,False,
VIRIDIAN_FOREST,1,46,wall,False,
VIRIDIAN_FOREST,0,47,wall,False,
VIRIDIAN_FOREST,1,47,wall,False,
VIRIDIAN_FOREST,2,46,wall,False,
VIRIDIAN_FOREST,3,46,wall,False,
VIRIDIAN_FOREST,2,47,wall,False,
VIRIDIAN_FOREST,3,47,wall,False,
VIRIDIAN_FOREST,4,46,wall,False,
VIRIDIAN_FOREST,5,46,wall,False,
VIRIDIAN_FOREST,4,47,wall,False,
VIRIDIAN_FOREST,5,47,wall,False,
VIRIDIAN_FOREST,6,46,wall,False,
VIRIDIAN_FOREST,7,46,wall,False,
VIRIDIAN_FOREST,6,47,wall,False,
VIRIDIAN_FOREST,7,47,wall,False,
VIRIDIAN_FOREST,8,46,wall,False,
VIRIDIAN_FOREST,9,46,wall,False,
VIRIDIAN_FOREST,8,47,wall,False,
VIRIDIAN_FOREST,9,47,wall,False,
VIRIDIAN_FOREST,10,46,wall,False,
VIRIDIAN_FOREST,11,46,wall,False,
VIRIDIAN_FOREST,10,47,wall,False,
VIRIDIAN_FOREST,11,47,wall,False,
VIRIDIAN_FOREST,12,46,wall,False,
VIRIDIAN_FOREST,13,46,wall,False,
VIRIDIAN_FOREST,12,47,wall,False,
VIRIDIAN_FOREST,13,47,wall,False,
VIRIDIAN_FOREST,14,46,wall,False,
VIRIDIAN_FOREST,15,46,path,True,
VIRIDIAN_FOREST,14,47,wall,False,
VIRIDIAN_FOREST,15,47,path,True,
VIRIDIAN_FOREST,16,46,path,True,
VIRIDIAN_FOREST,17,46,path,True,
VIRIDIAN_FOREST,16,47,path,True,
VIRIDIAN_FOREST,17,47,path,True,
VIRIDIAN_FOREST,18,46,path,True,
VIRIDIAN_FOREST,19,46,wall,False,
VIRIDIAN_FOREST,18,47,path,True,
VIRIDIAN_FOREST,19,47,wall,False,
VIRIDIAN_FOREST,20,46,wall,False,
VIRIDIAN_FOREST,21,46,wall,False,
VIRIDIAN_FOREST,20,47,wall,False,
VIRIDIAN_FOREST,21,47,wall,False,
VIRIDIAN_FOREST,22,46,wall,False,
VIRIDIAN_FOREST,23,46,wall,False,
VIRIDIAN_FOREST,22,47,wall,False,
VIRIDIAN_FOREST,23,47,wall,False,
VIRIDIAN_FOREST,24,46,wall,False,
VIRIDIAN_FOREST,25,46,wall,False,
VIRIDIAN_FOREST,24,47,wall,False,
VIRIDIAN_FOREST,25,47,wall,False,
VIRIDIAN_FOREST,26,46,wall,False,
VIRIDIAN_FOREST,27,46,wall,False,
VIRIDIAN_FOREST,26,47,wall,False,
VIRIDIAN_FOREST,27,47,wall,False,
VIRIDIAN_FOREST,28,46,wall,False,
VIRIDIAN_FOREST,29,46,wall,False,
VIRIDIAN_FOREST,28,47,wall,False,
VIRIDIAN_FOREST,29,47,wall,False,
VIRIDIAN_FOREST,30,46,wall,False,
VIRIDIAN_FOREST,31,46,wall,False,
VIRIDIAN_FOREST,30,47,wall,False,
VIRIDIAN_FOREST,31,47,wall,False,
VIRIDIAN_FOREST,32,46,wall,False,
VIRIDIAN_FOREST,33,46,wall,False,
VIRIDIAN_FOREST,32,47,wall,False,
VIRIDIAN_FOREST,33,47,wall,False,
VIRIDIAN_FOREST_SOUTH_GATE,0,0,wall,False,
VIRIDIAN_FOREST_SOUTH_GATE,1,0,wall,False,
VIRIDIAN_FOREST_SOUTH_GATE,0,1,path,True,
VIRIDIAN_FOREST_SOUTH_GATE,1,1,path,True,
VIRIDIAN_FOREST_SOUTH_GATE,2,0,wall,False,
VIRIDIAN_FOREST_SOUTH_GATE,3,0,wall,False,
VIRIDIAN_FOREST_SOUTH_GATE,2,1,path,True,
VIRIDIAN_FOREST_SOUTH_GATE,3,1,path,True,
VIRIDIAN_FOREST_SOUTH_GATE,4,0,wall,False,
VIRIDIAN_FOREST_SOUTH_GATE,5,0,path,True,
VIRIDIAN_FOREST_SOUTH_GATE,4,1,path,True,
VIRIDIAN_FOREST_SOUTH_GATE,5,1,path,True,
VIRIDIAN_FOREST_SOUTH_GATE,6,0,wall,False,
VIRIDIAN_FOREST_SOUTH_GATE,7,0,wall,False,
VIRIDIAN_FOREST_SOUTH_GATE,6,1,path,True,
VIRIDIAN_FOREST_SOUTH_GATE,7,1,path,True,
VIRIDIAN_FOREST_SOUTH_GATE,8,0,wall,False,
VIRIDIAN_FOREST_SOUTH_GATE,9,0,wall,False,
VIRIDIAN_FOREST_SOUTH_GATE,8,1,path,True,
VIRIDIAN_FOREST_SOUTH_GATE,9,1,path,True,
VIRIDIAN_FOREST_SOUTH_GATE,0,2,wall,False,
VIRIDIAN_FOREST_SOUTH_GATE,1,2,path,True,
VIRIDIAN_FOREST_SOUTH_GATE,0,3,wall,False,
VIRIDIAN_FOREST_SOUTH_GATE,1,3,path,True,
VIRIDIAN_FOREST_SOUTH_GATE,2,2,path,True,
VIRIDIAN_FOREST_SOUTH_GATE,3,2,path,True,
VIRIDIAN_FOREST_SOUTH_GATE,2,3,path,True,
VIRIDIAN_FOREST_SOUTH_GATE,3,3,path,True,
VIRIDIAN_FOREST_SOUTH_GATE,4,2,path,True,
VIRIDIAN_FOREST_SOUTH_GATE,5,2,path,True,
VIRIDIAN_FOREST_SOUTH_GATE,4,3,path,True,
VIRIDIAN_FOREST_SOUTH_GATE,5,3,path,True,
VIRIDIAN_FOREST_SOUTH_GATE,6,2,wall,False,
VIRIDIAN_FOREST_SOUTH_GATE,7,2,path,True,
VIRIDIAN_FOREST_SOUTH_GATE,6,3,wall,False,
VIRIDIAN_FOREST_SOUTH_GATE,7,3,path,True,
VIRIDIAN_FOREST_SOUTH_GATE,8,2,wall,False,
VIRIDIAN_FOREST_SOUTH_GATE,9,2,wall,False,
VIRIDIAN_FOREST_SOUTH_GATE,8,3,wall,False,
VIRIDIAN_FOREST_SOUTH_GATE,9,3,wall,False,
VIRIDIAN_FOREST_SOUTH_GATE,0,4,wall,False,
VIRIDIAN_FOREST_SOUTH_GATE,1,4,path,True,
VIRIDIAN_FOREST_SOUTH_GATE,0,5,wall,False,
VIRIDIAN_FOREST_SOUTH_GATE,1,5,path,True,
VIRIDIAN_FOREST_SOUTH_GATE,2,4,path,True,
VIRIDIAN_FOREST_SOUTH_GATE,3,4,path,True,
VIRIDIAN_FOREST_SOUTH_GATE,2,5,path,True,
VIRIDIAN_FOREST_SOUTH_GATE,3,5,path,True,
VIRIDIAN_FOREST_SOUTH_GATE,4,4,path,True,
VIRIDIAN_FOREST_SOUTH_GATE,5,4,path,True,
VIRIDIAN_FOREST_SOUTH_GATE,4,5,path,True,
VIRIDIAN_FOREST_SOUTH_GATE,5,5,path,True,
VIRIDIAN_FOREST_SOUTH_GATE,6,4,path,True,
VIRIDIAN_FOREST_SOUTH_GATE,7,4,path,True,
VIRIDIAN_FOREST_SOUTH_GATE,6,5,wall,False,
VIRIDIAN_FOREST_SOUTH_GATE,7,5,path,True,
VIRIDIAN_FOREST_SOUTH_GATE,8,4,path,True,
VIRIDIAN_FOREST_SOUTH_GATE,9,4,wall,False,
VIRIDIAN_FOREST_SOUTH_GATE,8,5,wall,False,
VIRIDIAN_FOREST_SOUTH_GATE,9,5,wall,False,
VIRIDIAN_FOREST_SOUTH_GATE,0,6,wall,False,
VIRIDIAN_FOREST_SOUTH_GATE,1,6,path,True,
VIRIDIAN_FOREST_SOUTH_GATE,0,7,wall,False,
VIRIDIAN_FOREST_SOUTH_GATE,1,7,path,True,
VIRIDIAN_FOREST_SOUTH_GATE,2,6,path,True,
VIRIDIAN_FOREST_SOUTH_GATE,3,6,path,True,
VIRIDIAN_FOREST_SOUTH_GATE,2,7,path,True,
VIRIDIAN_FOREST_SOUTH_GATE,3,7,path,True,
VIRIDIAN_FOREST_SOUTH_GATE,4,6,path,True,
VIRIDIAN_FOREST_SOUTH_GATE,5,6,path,True,
VIRIDIAN_FOREST_SOUTH_GATE,4,7,path,True,
VIRIDIAN_FOREST_SOUTH_GATE,5,7,path,True,
VIRIDIAN_FOREST_SOUTH_GATE,6,6,wall,False,
VIRIDIAN_FOREST_SOUTH_GATE,7,6,path,True,
VIRIDIAN_FOREST_SOUTH_GATE,6,7,path,True,
VIRIDIAN_FOREST_SOUTH_GATE,7,7,path,True,
VIRIDIAN_FOREST_SOUTH_GATE,8,6,wall,False,
VIRIDIAN_FOREST_SOUTH_GATE,9,6,wall,False,
VIRIDIAN_FOREST_SOUTH_GATE,8,7,path,True,
VIRIDIAN_FOREST_SOUTH_GATE,9,7,wall,False,
VIRIDIAN_FOREST_NORTH_GATE,0,0,wall,False,
VIRIDIAN_FOREST_NORTH_GATE,1,0,wall,False,
VIRIDIAN_FOREST_NORTH_GATE,0,1,path,True,
VIRIDIAN_FOREST_NORTH_GATE,1,1,path,True,
VIRIDIAN_FOREST_NORTH_GATE,2,0,wall,False,
VIRIDIAN_FOREST_NORTH_GATE,3,0,wall,False,
VIRIDIAN_FOREST_NORTH_GATE,2,1,path,True,
VIRIDIAN_FOREST_NORTH_GATE,3,1,path,True,
VIRIDIAN_FOREST_NORTH_GATE,4,0,wall,False,
VIRIDIAN_FOREST_NORTH_GATE,5,0,path,True,
VIRIDIAN_FOREST_NORTH_GATE,4,1,path,True,
VIRIDIAN_FOREST_NORTH_GATE,5,1,path,True,
VIRIDIAN_FOREST_NORTH_GATE,6,0,wall,False,
VIRIDIAN_FOREST_NORTH_GATE,7,0,wall,False,
VIRIDIAN_FOREST_NORTH_GATE,6,1,path,True,
VIRIDIAN_FOREST_NORTH_GATE,7,1,path,True,
VIRIDIAN_FOREST_NORTH_GATE,8,0,wall,False,
VIRIDIAN_FOREST_NORTH_GATE,9,0,wall,False,
VIRIDIAN_FOREST_NORTH_GATE,8,1,path,True,
VIRIDIAN_FOREST_NORTH_GATE,9,1,path,True,
VIRIDIAN_FOREST_NORTH_GATE,0,2,wall,False,
VIRIDIAN_FOREST_NORTH_GATE,1,2,path,True,
VIRIDIAN_FOREST_NORTH_GATE,0,3,wall,False,
VIRIDIAN_FOREST_NORTH_GATE,1,3,path,True,
VIRIDIAN_FOREST_NORTH_GATE,2,2,path,True,
VIRIDIAN_FOREST_NORTH_GATE,3,2,path,True,
VIRIDIAN_FOREST_NORTH_GATE,2,3,path,True,
VIRIDIAN_FOREST_NORTH_GATE,3,3,path,True,
VIRIDIAN_FOREST_NORTH_GATE,4,2,path,True,
VIRIDIAN_FOREST_NORTH_GATE,5,2,path,True,
VIRIDIAN_FOREST_NORTH_GATE,4,3,path,True,
VIRIDIAN_FOREST_NORTH_GATE,5,3,path,True,
VIRIDIAN_FOREST_NORTH_GATE,6,2,wall,False,
VIRIDIAN_FOREST_NORTH_GATE,7,2,path,True,
VIRIDIAN_FOREST_NORTH_GATE,6,3,wall,False,
VIRIDIAN_FOREST_NORTH_GATE,7,3,path,True,
VIRIDIAN_FOREST_NORTH_GATE,8,2,wall,False,
VIRIDIAN_FOREST_NORTH_GATE,9,2,wall,False,
VIRIDIAN_FOREST_NORTH_GATE,8,3,wall,False,
VIRIDIAN_FOREST_NORTH_GATE,9,3,wall,False,
VIRIDIAN_FOREST_NORTH_GATE,0,4,wall,False,
VIRIDIAN_FOREST_NORTH_GATE,1,4,path,True,
VIRIDIAN_FOREST_NORTH_GATE,0,5,wall,False,
VIRIDIAN_FOREST_NORTH_GATE,1,5,path,True,
VIRIDIAN_FOREST_NORTH_GATE,2,4,path,True,
VIRIDIAN_FOREST_NORTH_GATE,3,4,path,True,
VIRIDIAN_FOREST_NORTH_GATE,2,5,path,True,
VIRIDIAN_FOREST_NORTH_GATE,3,5,path,True,
VIRIDIAN_FOREST_NORTH_GATE,4,4,path,True,
VIRIDIAN_FOREST_NORTH_GATE,5,4,path,True,
VIRIDIAN_FOREST_NORTH_GATE,4,5,path,True,
VIRIDIAN_FOREST_NORTH_GATE,5,5,path,True,
VIRIDIAN_FOREST_NORTH_GATE,6,4,path,True,
VIRIDIAN_FOREST_NORTH_GATE,7,4,path,True,
VIRIDIAN_FOREST_NORTH_GATE,6,5,wall,False,
VIRIDIAN_FOREST_NORTH_GATE,7,5,path,True,
VIRIDIAN_FOREST_NORTH_GATE,8,4,path,True,
VIRIDIAN_FOREST_NORTH_GATE,9,4,wall,False,
VIRIDIAN_FOREST_NORTH_GATE,8,5,wall,False,
VIRIDIAN_FOREST_NORTH_GATE,9,5,wall,False,
VIRIDIAN_FOREST_NORTH_GATE,0,6,wall,False,
VIRIDIAN_FOREST_NORTH_GATE,1,6,path,True,
VIRIDIAN_FOREST_NORTH_GATE,0,7,wall,False,
VIRIDIAN_FOREST_NORTH_GATE,1,7,path,True,
VIRIDIAN_FOREST_NORTH_GATE,2,6,path,True,
VIRIDIAN_FOREST_NORTH_GATE,3,6,path,True,
VIRIDIAN_FOREST_NORTH_GATE,2,7,path,True,
VIRIDIAN_FOREST_NORTH_GATE,3,7,path,True,
VIRIDIAN_FOREST_NORTH_GATE,4,6,path,True,
VIRIDIAN_FOREST_NORTH_GATE,5,6,path,True,
VIRIDIAN_FOREST_NORTH_GATE,4,7,path,True,
VIRIDIAN_FOREST_NORTH_GATE,5,7,path,True,
VIRIDIAN_FOREST_NORTH_GATE,6,6,wall,False,
VIRIDIAN_FOREST_NORTH_GATE,7,6,path,True,
VIRIDIAN_FOREST_NORTH_GATE,6,7,path,True,
VIRIDIAN_FOREST_NORTH_GATE,7,7,path,True,
VIRIDIAN_FOREST_NORTH_GATE,8,6,wall,False,
VIRIDIAN_FOREST_NORTH_GATE,9,6,wall,False,
VIRIDIAN_FOREST_NORTH_GATE,8,7,path,True,
VIRIDIAN_FOREST_NORTH_GATE,9,7,wall,False,
PEWTER_POKECENTER,0,0,wall,False,
PEWTER_POKECENTER,1,0,wall,False,
PEWTER_POKECENTER,0,1,wall,False,
PEWTER_POKECENTER,1,1,wall,False,
PEWTER_POKECENTER,2,0,wall,False,
PEWTER_POKECENTER,3,0,wall,False,
PEWTER_POKECENTER,2,1,wall,False,
PEWTER_POKECENTER,3,1,path,True,
PEWTER_POKECENTER,4,0,wall,False,
PEWTER_POKECENTER,5,0,wall,False,
PEWTER_POKECENTER,4,1,path,True,
PEWTER_POKECENTER,5,1,wall,False,
PEWTER_POKECENTER,6,0,wall,False,
PEWTER_POKECENTER,7,0,wall,False,
PEWTER_POKECENTER,6,1,wall,False,
PEWTER_POKECENTER,7,1,wall,False,
PEWTER_POKECENTER,8,0,wall,False,
PEWTER_POKECENTER,9,0,wall,False,
PEWTER_POKECENTER,8,1,path,True,
PEWTER_POKECENTER,9,1,path,True,
PEWTER_POKECENTER,10,0,path,True,
PEWTER_POKECENTER,11,0,wall,False,
PEWTER_POKECENTER,10,1,path,True,
PEWTER_POKECENTER,11,1,path,True,
PEWTER_POKECENTER,12,0,path,True,
PEWTER_POKECENTER,13,0,wall,False,
PEWTER_POKECENTER,12,1,path,True,
PEWTER_POKECENTER,13,1,path,True,
PEWTER_POKECENTER,0,2,wall,False,
PEWTER_POKECENTER,1,2,wall,False,
PEWTER_POKECENTER,0,3,wall,False,
PEWTER_POKECENTER,1,3,path,True,
PEWTER_POKECENTER,2,2,wall,False,
PEWTER_POKECENTER,3,2,wall,False,
PEWTER_POKECENTER,2,3,path,True,
PEWTER_POKECENTER,3,3,path,True,
PEWTER_POKECENTER,4,2,wall,False,
PEWTER_POKECENTER,5,2,wall,False,
PEWTER_POKECENTER,4,3,path,True,
PEWTER_POKECENTER,5,3,path,True,
PEWTER_POKECENTER,6,2,wall,False,
PEWTER_POKECENTER,7,2,wall,False,
PEWTER_POKECENTER,6,3,path,True,
PEWTER_POKECENTER,7,3,path,True,
PEWTER_POKECENTER,8,2,wall,False,
PEWTER_POKECENTER,9,2,wall,False,
PEWTER_POKECENTER,8,3,path,True,
PEWTER_POKECENTER,9,3,path,True,
PEWTER_POKECENTER,10,2,wall,False,
PEWTER_POKECENTER,11,2,path,True,
PEWTER_POKECENTER,10,3,path,True,
PEWTER_POKECENTER,11,3,path,True,
PEWTER_POKECENTER,12,2,wall,False,
PEWTER_POKECENTER,13,2,wall,False,
PEWTER_POKECENTER,12,3,path,True,
PEWTER_POKECENTER,13,3,wall,False,
PEWTER_POKECENTER,0,4,wall,False,
PEWTER_POKECENTER,1,4,path,True,
PEWTER_POKECENTER,0,5,wall,False,
PEWTER_POKECENTER,1,5,path,True,
PEWTER_POKECENTER,2,4,path,True,
PEWTER_POKECENTER,3,4,path,True,
PEWTER_POKECENTER,2,5,path,True,
PEWTER_POKECENTER,3,5,path,True,
PEWTER_POKECENTER,4,4,path,True,
PEWTER_POKECENTER,5,4,path,True,
PEWTER_POKECENTER,4,5,path,True,
PEWTER_POKECENTER,5,5,path,True,
PEWTER_POKECENTER,6,4,path,True,
PEWTER_POKECENTER,7,4,path,True,
PEWTER_POKECENTER,6,5,path,True,
PEWTER_POKECENTER,7,5,path,True,
PEWTER_POKECENTER,8,4,path,True,
PEWTER_POKECENTER,9,4,path,True,
PEWTER_POKECENTER,8,5,path,True,
PEWTER_POKECENTER,9,5,path,True,
PEWTER_POKECENTER,10,4,path,True,
PEWTER_POKECENTER,11,4,path,True,
PEWTER_POKECENTER,10,5,path,True,
PEWTER_POKECENTER,11,5,path,True,
PEWTER_POKECENTER,12,4,path,True,
PEWTER_POKECENTER,13,4,path,True,
PEWTER_POKECENTER,12,5,path,True,
PEWTER_POKECENTER,13,5,path,True,
PEWTER_POKECENTER,0,6,wall,False,
PEWTER_POKECENTER,1,6,wall,False,
PEWTER_POKECENTER,0,7,wall,False,
PEWTER_POKECENTER,1,7,wall,False,
PEWTER_POKECENTER,2,6,path,True,
PEWTER_POKECENTER,3,6,path,True,
PEWTER_POKECENTER,2,7,path,True,
PEWTER_POKECENTER,3,7,path,True,
PEWTER_POKECENTER,4,6,path,True,
PEWTER_POKECENTER,5,6,path,True,
PEWTER_POKECENTER,4,7,path,True,
PEWTER_POKECENTER,5,7,path,True,
PEWTER_POKECENTER,6,6,wall,False,
PEWTER_POKECENTER,7,6,wall,False,
PEWTER_POKECENTER,6,7,wall,False,
PEWTER_POKECENTER,7,7,wall,False,
PEWTER_POKECENTER,8,6,path,True,
PEWTER_POKECENTER,9,6,path,True,
PEWTER_POKECENTER,8,7,path,True,
PEWTER_POKECENTER,9,7,path,True,
PEWTER_POKECENTER,10,6,path,True,
PEWTER_POKECENTER,11,6,path,True,
PEWTER_POKECENTER,10,7,path,True,
PEWTER_POKECENTER,11,7,path,True,
PEWTER_POKECENTER,12,6,wall,False,
PEWTER_POKECENTER,13,6,wall,False,
PEWTER_POKECENTER,12,7,wall,False,
PEWTER_POKECENTER,13,7,wall,False,
PEWTER_GYM,0,0,wall,False,
PEWTER_GYM,1,0,wall,False,
PEWTER_GYM,0,1,wall,False,
PEWTER_GYM,1,1,path,True,
PEWTER_GYM,2,0,wall,False,
PEWTER_GYM,3,0,wall,False,
PEWTER_GYM,2,1,path,True,
PEWTER_GYM,3,1,path,True,
PEWTER_GYM,4,0,wall,False,
PEWTER_GYM,5,0,wall,False,
PEWTER_GYM,4,1,path,True,
PEWTER_GYM,5,1,path,True,
PEWTER_GYM,6,0,wall,False,
PEWTER_GYM,7,0,wall,False,
PEWTER_GYM,6,1,path,True,
PEWTER_GYM,7,1,path,True,
PEWTER_GYM,8,0,wall,False,
PEWTER_GYM,9,0,wall,False,
PEWTER_GYM,8,1,path,True,
PEWTER_GYM,9,1,wall,False,
PEWTER_GYM,0,2,wall,False,
PEWTER_GYM,1,2,path,True,
PEWTER_GYM,0,3,wall,False,
PEWTER_GYM,1,3,wall,False,
PEWTER_GYM,2,2,path,True,
PEWTER_GYM,3,2,path,True,
PEWTER_GYM,2,3,wall,False,
PEWTER_GYM,3,3,wall,False,
PEWTER_GYM,4,2,path,True,
PEWTER_GYM,5,2,path,True,
PEWTER_GYM,4,3,path,True,
PEWTER_GYM,5,3,path,True,
PEWTER_GYM,6,2,path,True,
PEWTER_GYM,7,2,path,True,
PEWTER_GYM,6,3,wall,False,
PEWTER_GYM,7,3,wall,False,
PEWTER_GYM,8,2,path,True,
PEWTER_GYM,9,2,wall,False,
PEWTER_GYM,8,3,wall,False,
PEWTER_GYM,9,3,wall,False,
PEWTER_GYM,0,4,wall,False,
PEWTER_GYM,1,4,path,True,
PEWTER_GYM,0,5,wall,False,
PEWTER_GYM,1,5,path,True,
PEWTER_GYM,2,4,path,True,
PEWTER_GYM,3,4,path,True,
PEWTER_GYM,2,5,wall,False,
PEWTER_GYM,3,5,path,True,
PEWTER_GYM,4,4,path,True,
PEWTER_GYM,5,4,path,True,
PEWTER_GYM,4,5,path,True,
PEWTER_GYM,5,5,wall,False,
PEWTER_GYM,6,4,path,True,
PEWTER_GYM,7,4,path,True,
PEWTER_GYM,6,5,wall,False,
PEWTER_GYM,7,5,wall,False,
PEWTER_GYM,8,4,path,True,
PEWTER_GYM,9,4,wall,False,
PEWTER_GYM,8,5,path,True,
PEWTER_GYM,9,5,wall,False,
PEWTER_GYM,0,6,wall,False,
PEWTER_GYM,1,6,path,True,
PEWTER_GYM,0,7,wall,False,
PEWTER_GYM,1,7,path,True,
PEWTER_GYM,2,6,path,True,
PEWTER_GYM,3,6,path,True,
PEWTER_GYM,2,7,wall,False,
PEWTER_GYM,3,7,path,True,
PEWTER_GYM,4,6,path,True,
PEWTER_GYM,5,6,path,True,
PEWTER_GYM,4,7,path,True,
PEWTER_GYM,5,7,wall,False,
PEWTER_GYM,6,6,path,True,
PEWTER_GYM,7,6,path,True,
PEWTER_GYM,6,7,wall,False,
PEWTER_GYM,7,7,wall,False,
PEWTER_GYM,8,6,path,True,
PEWTER_GYM,9,6,wall,False,
PEWTER_GYM,8,7,path,True,
PEWTER_GYM,9,7,wall,False,
PEWTER_GYM,0,8,wall,False,
PEWTER_GYM,1,8,path,True,
PEWTER_GYM,0,9,wall,False,
PEWTER_GYM,1,9,wall,False,
PEWTER_GYM,2,8,path,True,
PEWTER_GYM,3,8,path,True,
PEWTER_GYM,2,9,wall,False,
PEWTER_GYM,3,9,wall,False,
PEWTER_GYM,4,8,path,True,
PEWTER_GYM,5,8,path,True,
PEWTER_GYM,4,9,path,True,
PEWTER_GYM,5,9,path,True,
PEWTER_GYM,6,8,path,True,
PEWTER_GYM,7,8,path,True,
PEWTER_GYM,6,9,wall,False,
PEWTER_GYM,7,9,wall,False,
PEWTER_GYM,8,8,path,True,
PEWTER_GYM,9,8,wall,False,
PEWTER_GYM,8,9,wall,False,
PEWTER_GYM,9,9,wall,False,
PEWTER_GYM,0,10,path,True,
PEWTER_GYM,1,10,path,True,
PEWTER_GYM,0,11,path,True,
PEWTER_GYM,1,11,path,True,
PEWTER_GYM,2,10,path,True,
PEWTER_GYM,3,10,wall,False,
PEWTER_GYM,2,11,path,True,
PEWTER_GYM,3,11,path,True,
PEWTER_GYM,4,10,path,True,
PEWTER_GYM,5,10,path,True,
PEWTER_GYM,4,11,path,True,
PEWTER_GYM,5,11,path,True,
PEWTER_GYM,6,10,wall,False,
PEWTER_GYM,7,10,path,True,
PEWTER_GYM,6,11,path,True,
PEWTER_GYM,7,11,path,True,
PEWTER_GYM,8,10,path,True,
PEWTER_GYM,9,10,path,True,
PEWTER_GYM,8,11,path,True,
PEWTER_GYM,9,11,path,True,
PEWTER_GYM,0,12,path,True,
PEWTER_GYM,1,12,path,True,
PEWTER_GYM,0,13,path,True,
PEWTER_GYM,1,13,path,True,
PEWTER_GYM,2,12,path,True,
PEWTER_GYM,3,12,path,True,
PEWTER_GYM,2,13,path,True,
PEWTER_GYM,3,13,path,True,
PEWTER_GYM,4,12,path,True,
PEWTER_GYM,5,12,path,True,
PEWTER_GYM,4,13,path,True,
PEWTER_GYM,5,13,path,True,
PEWTER_GYM,6,12,path,True,
PEWTER_GYM,7,12,path,True,
PEWTER_GYM,6,13,path,True,
PEWTER_GYM,7,13,path,True,
PEWTER_GYM,8,12,path,True,
PEWTER_GYM,9,12,path,True,
PEWTER_GYM,8,13,path,True,
PEWTER_GYM,9,13,path,True,
PEWTER_MART,0,0,wall,False,
PEWTER_MART,1,0,wall,False,
PEWTER_MART,0,1,wall,False,
PEWTER_MART,1,1,wall,False,
PEWTER_MART,2,0,wall,False,
PEWTER_MART,3,0,wall,False,
PEWTER_MART,2,1,wall,False,
PEWTER_MART,3,1,wall,False,
PEWTER_MART,4,0,wall,False,
PEWTER_MART,5,0,wall,False,
PEWTER_MART,4,1,wall,False,
PEWTER_MART,5,1,wall,False,
PEWTER_MART,6,0,wall,False,
PEWTER_MART,7,0,wall,False,
PEWTER_MART,6,1,wall,False,
PEWTER_MART,7,1,wall,False,
PEWTER_MART,0,2,wall,False,
PEWTER_MART,1,2,wall,False,
PEWTER_MART,0,3,wall,False,
PEWTER_MART,1,3,wall,False,
PEWTER_MART,2,2,path,True,
PEWTER_MART,3,2,path,True,
PEWTER_MART,2,3,path,True,
PEWTER_MART,3,3,path,True,
PEWTER_MART,4,2,path,True,
PEWTER_MART,5,2,path,True,
PEWTER_MART,4,3,wall,False,
PEWTER_MART,5,3,wall,False,
PEWTER_MART,6,2,path,True,
PEWTER_MART,7,2,path,True,
PEWTER_MART,6,3,wall,False,
PEWTER_MART,7,3,wall,False,
PEWTER_MART,0,4,wall,False,
PEWTER_MART,1,4,wall,False,
PEWTER_MART,0,5,path,True,
PEWTER_MART,1,5,wall,False,
PEWTER_MART,2,4,path,True,
PEWTER_MART,3,4,path,True,
PEWTER_MART,2,5,path,True,
PEWTER_MART,3,5,path,True,
PEWTER_MART,4,4,wall,False,
PEWTER_MART,5,4,wall,False,
PEWTER_MART,4,5,path,True,
PEWTER_MART,5,5,path,True,
PEWTER_MART,6,4,wall,False,
PEWTER_MART,7,4,wall,False,
PEWTER_MART,6,5,path,True,
PEWTER_MART,7,5,path,True,
PEWTER_MART,0,6,wall,False,
PEWTER_MART,1,6,wall,False,
PEWTER_MART,0,7,path,True,
PEWTER_MART,1,7,path,True,
PEWTER_MART,2,6,path,True,
PEWTER_MART,3,6,path,True,
PEWTER_MART,2,7,path,True,
PEWTER_MART,3,7,path,True,
PEWTER_MART,4,6,path,True,
PEWTER_MART,5,6,path,True,
PEWTER_MART,4,7,path,True,
PEWTER_MART,5,7,path,True,
PEWTER_MART,6,6,path,True,
PEWTER_MART,7,6,path,True,
PEWTER_MART,6,7,path,True,
PEWTER_MART,7,7,path,True,
ROUTE_2_GATE,0,0,wall,False,
ROUTE_2_GATE,1,0,wall,False,
ROUTE_2_GATE,0,1,path,True,
ROUTE_2_GATE,1,1,path,True,
ROUTE_2_GATE,2,0,wall,False,
ROUTE_2_GATE,3,0,wall,False,
ROUTE_2_GATE,2,1,path,True,
ROUTE_2_GATE,3,1,path,True,
ROUTE_2_GATE,4,0,wall,False,
ROUTE_2_GATE,5,0,path,True,
ROUTE_2_GATE,4,1,path,True,
ROUTE_2_GATE,5,1,path,True,
ROUTE_2_GATE,6,0,wall,False,
ROUTE_2_GATE,7,0,wall,False,
ROUTE_2_GATE,6,1,path,True,
ROUTE_2_GATE,7,1,path,True,
ROUTE_2_GATE,8,0,wall,False,
ROUTE_2_GATE,9,0,wall,False,
ROUTE_2_GATE,8,1,path,True,
ROUTE_2_GATE,9,1,path,True,
ROUTE_2_GATE,0,2,wall,False,
ROUTE_2_GATE,1,2,path,True,
ROUTE_2_GATE,0,3,wall,False,
ROUTE_2_GATE,1,3,path,True,
ROUTE_2_GATE,2,2,path,True,
ROUTE_2_GATE,3,2,path,True,
ROUTE_2_GATE,2,3,path,True,
ROUTE_2_GATE,3,3,path,True,
ROUTE_2_GATE,4,2,path,True,
ROUTE_2_GATE,5,2,path,True,
ROUTE_2_GATE,4,3,path,True,
ROUTE_2_GATE,5,3,path,True,
ROUTE_2_GATE,6,2,wall,False,
ROUTE_2_GATE,7,2,path,True,
ROUTE_2_GATE,6,3,wall,False,
ROUTE_2_GATE,7,3,path,True,
ROUTE_2_GATE,8,2,wall,False,
ROUTE_2_GATE,9,2,wall,False,
ROUTE_2_GATE,8,3,wall,False,
ROUTE_2_GATE,9,3,wall,False,
ROUTE_2_GATE,0,4,wall,False,
ROUTE_2_GATE,1,4,path,True,
ROUTE_2_GATE,0,5,wall,False,
ROUTE_2_GATE,1,5,path,True,
ROUTE_2_GATE,2,4,path,True,
ROUTE_2_GATE,3,4,path,True,
ROUTE_2_GATE,2,5,path,True,
ROUTE_2_GATE,3,5,path,True,
ROUTE_2_GATE,4,4,path,True,
ROUTE_2_GATE,5,4,path,True,
ROUTE_2_GATE,4,5,path,True,
ROUTE_2_GATE,5,5,path,True,
ROUTE_2_GATE,6,4,path,True,
ROUTE_2_GATE,7,4,path,True,
ROUTE_2_GATE,6,5,wall,False,
ROUTE_2_GATE,7,5,path,True,
ROUTE_2_GATE,8,4,path,True,
ROUTE_2_GATE,9,4,wall,False,
ROUTE_2_GATE,8,5,wall,False,
ROUTE_2_GATE,9,5,wall,False,
ROUTE_2_GATE,0,6,wall,False,
ROUTE_2_GATE,1,6,path,True,
ROUTE_2_GATE,0,7,wall,False,
ROUTE_2_GATE,1,7,path,True,
ROUTE_2_GATE,2,6,path,True,
ROUTE_2_GATE,3,6,path,True,
ROUTE_2_GATE,2,7,path,True,
ROUTE_2_GATE,3,7,path,True,
ROUTE_2_GATE,4,6,path,True,
ROUTE_2_GATE,5,6,path,True,
ROUTE_2_GATE,4,7,path,True,
ROUTE_2_GATE,5,7,path,True,
ROUTE_2_GATE,6,6,wall,False,
ROUTE_2_GATE,7,6,path,True,
ROUTE_2_GATE,6,7,path,True,
ROUTE_2_GATE,7,7,path,True,
ROUTE_2_GATE,8,6,wall,False,
ROUTE_2_GATE,9,6,wall,False,
ROUTE_2_GATE,8,7,path,True,
ROUTE_2_GATE,9,7,wall,False,
PEWTER_MUSEUM_1F,0,0,wall,False,
PEWTER_MUSEUM_1F,1,0,wall,False,
PEWTER_MUSEUM_1F,0,1,path,True,
PEWTER_MUSEUM_1F,1,1,path,True,
PEWTER_MUSEUM_1F,2,0,wall,False,
PEWTER_MUSEUM_1F,3,0,wall,False,
PEWTER_MUSEUM_1F,2,1,path,True,
PEWTER_MUSEUM_1F,3,1,path,True,
PEWTER_MUSEUM_1F,4,0,wall,False,
PEWTER_MUSEUM_1F,5,0,wall,False,
PEWTER_MUSEUM_1F,4,1,path,True,
PEWTER_MUSEUM_1F,5,1,path,True,
PEWTER_MUSEUM_1F,6,0,wall,False,
PEWTER_MUSEUM_1F,7,0,wall,False,
PEWTER_MUSEUM_1F,6,1,path,True,
PEWTER_MUSEUM_1F,7,1,path,True,
PEWTER_MUSEUM_1F,8,0,wall,False,
PEWTER_MUSEUM_1F,9,0,wall,False,
PEWTER_MUSEUM_1F,8,1,path,True,
PEWTER_MUSEUM_1F,9,1,path,True,
PEWTER_MUSEUM_1F,10,0,wall,False,
PEWTER_MUSEUM_1F,11,0,wall,False,
PEWTER_MUSEUM_1F,10,1,path,True,
PEWTER_MUSEUM_1F,11,1,wall,False,
PEWTER_MUSEUM_1F,12,0,wall,False,
PEWTER_MUSEUM_1F,13,0,wall,False,
PEWTER_MUSEUM_1F,12,1,wall,False,
PEWTER_MUSEUM_1F,13,1,wall,False,
PEWTER_MUSEUM_1F,14,0,wall,False,
PEWTER_MUSEUM_1F,15,0,wall,False,
PEWTER_MUSEUM_1F,14,1,wall,False,
PEWTER_MUSEUM_1F,15,1,wall,False,
PEWTER_MUSEUM_1F,16,0,wall,False,
PEWTER_MUSEUM_1F,17,0,wall,False,
PEWTER_MUSEUM_1F,16,1,wall,False,
PEWTER_MUSEUM_1F,17,1,wall,False,
PEWTER_MUSEUM_1F,18,0,wall,False,
PEWTER_MUSEUM_1F,19,0,wall,False,
PEWTER_MUSEUM_1F,18,1,wall,False,
PEWTER_MUSEUM_1F,19,1,wall,False,
PEWTER_MUSEUM_1F,0,2,path,True,
PEWTER_MUSEUM_1F,1,2,wall,False,
PEWTER_MUSEUM_1F,0,3,path,True,
PEWTER_MUSEUM_1F,1,3,wall,False,
PEWTER_MUSEUM_1F,2,2,wall,False,
PEWTER_MUSEUM_1F,3,2,wall,False,
PEWTER_MUSEUM_1F,2,3,wall,False,
PEWTER_MUSEUM_1F,3,3,wall,False,
PEWTER_MUSEUM_1F,4,2,wall,False,
PEWTER_MUSEUM_1F,5,2,path,True,
PEWTER_MUSEUM_1F,4,3,wall,False,
PEWTER_MUSEUM_1F,5,3,path,True,
PEWTER_MUSEUM_1F,6,2,path,True,
PEWTER_MUSEUM_1F,7,2,path,True,
PEWTER_MUSEUM_1F,6,3,path,True,
PEWTER_MUSEUM_1F,7,3,path,True,
PEWTER_MUSEUM_1F,8,2,path,True,
PEWTER_MUSEUM_1F,9,2,path,True,
PEWTER_MUSEUM_1F,8,3,path,True,
PEWTER_MUSEUM_1F,9,3,path,True,
PEWTER_MUSEUM_1F,10,2,path,True,
PEWTER_MUSEUM_1F,11,2,wall,False,
PEWTER_MUSEUM_1F,10,3,path,True,
PEWTER_MUSEUM_1F,11,3,wall,False,
PEWTER_MUSEUM_1F,12,2,path,True,
PEWTER_MUSEUM_1F,13,2,path,True,
PEWTER_MUSEUM_1F,12,3,path,True,
PEWTER_MUSEUM_1F,13,3,path,True,
PEWTER_MUSEUM_1F,14,2,path,True,
PEWTER_MUSEUM_1F,15,2,path,True,
PEWTER_MUSEUM_1F,14,3,path,True,
PEWTER_MUSEUM_1F,15,3,path,True,
PEWTER_MUSEUM_1F,16,2,wall,False,
PEWTER_MUSEUM_1F,17,2,path,True,
PEWTER_MUSEUM_1F,16,3,path,True,
PEWTER_MUSEUM_1F,17,3,path,True,
PEWTER_MUSEUM_1F,18,2,path,True,
PEWTER_MUSEUM_1F,19,2,path,True,
PEWTER_MUSEUM_1F,18,3,path,True,
PEWTER_MUSEUM_1F,19,3,path,True,
PEWTER_MUSEUM_1F,0,4,path,True,
PEWTER_MUSEUM_1F,1,4,path,True,
PEWTER_MUSEUM_1F,0,5,path,True,
PEWTER_MUSEUM_1F,1,5,wall,False,
PEWTER_MUSEUM_1F,2,4,path,True,
PEWTER_MUSEUM_1F,3,4,path,True,
PEWTER_MUSEUM_1F,2,5,wall,False,
PEWTER_MUSEUM_1F,3,5,wall,False,
PEWTER_MUSEUM_1F,4,4,path,True,
PEWTER_MUSEUM_1F,5,4,path,True,
PEWTER_MUSEUM_1F,4,5,wall,False,
PEWTER_MUSEUM_1F,5,5,path,True,
PEWTER_MUSEUM_1F,6,4,path,True,
PEWTER_MUSEUM_1F,7,4,path,True,
PEWTER_MUSEUM_1F,6,5,path,True,
PEWTER_MUSEUM_1F,7,5,path,True,
PEWTER_MUSEUM_1F,8,4,path,True,
PEWTER_MUSEUM_1F,9,4,path,True,
PEWTER_MUSEUM_1F,8,5,wall,False,
PEWTER_MUSEUM_1F,9,5,path,True,
PEWTER_MUSEUM_1F,10,4,path,True,
PEWTER_MUSEUM_1F,11,4,wall,False,
PEWTER_MUSEUM_1F,10,5,path,True,
PEWTER_MUSEUM_1F,11,5,wall,False,
PEWTER_MUSEUM_1F,12,4,path,True,
PEWTER_MUSEUM_1F,13,4,path,True,
PEWTER_MUSEUM_1F,12,5,wall,False,
PEWTER_MUSEUM_1F,13,5,wall,False,
PEWTER_MUSEUM_1F,14,4,path,True,
PEWTER_MUSEUM_1F,15,4,path,True,
PEWTER_MUSEUM_1F,14,5,wall,False,
PEWTER_MUSEUM_1F,15,5,path,True,
PEWTER_MUSEUM_1F,16,4,path,True,
PEWTER_MUSEUM_1F,17,4,path,True,
PEWTER_MUSEUM_1F,16,5,path,True,
PEWTER_MUSEUM_1F,17,5,path,True,
PEWTER_MUSEUM_1F,18,4,path,True,
PEWTER_MUSEUM_1F,19,4,path,True,
PEWTER_MUSEUM_1F,18,5,path,True,
PEWTER_MUSEUM_1F,19,5,path,True,
PEWTER_MUSEUM_1F,0,6,path,True,
PEWTER_MUSEUM_1F,1,6,wall,False,
PEWTER_MUSEUM_1F,0,7,path,True,
PEWTER_MUSEUM_1F,1,7,path,True,
PEWTER_MUSEUM_1F,2,6,wall,False,
PEWTER_MUSEUM_1F,3,6,wall,False,
PEWTER_MUSEUM_1F,2,7,path,True,
PEWTER_MUSEUM_1F,3,7,path,True,
PEWTER_MUSEUM_1F,4,6,wall,False,
PEWTER_MUSEUM_1F,5,6,path,True,
PEWTER_MUSEUM_1F,4,7,path,True,
PEWTER_MUSEUM_1F,5,7,path,True,
PEWTER_MUSEUM_1F,6,6,path,True,
PEWTER_MUSEUM_1F,7,6,path,True,
PEWTER_MUSEUM_1F,6,7,path,True,
PEWTER_MUSEUM_1F,7,7,path,True,
PEWTER_MUSEUM_1F,8,6,wall,False,
PEWTER_MUSEUM_1F,9,6,path,True,
PEWTER_MUSEUM_1F,8,7,wall,False,
PEWTER_MUSEUM_1F,9,7,path,True,
PEWTER_MUSEUM_1F,10,6,path,True,
PEWTER_MUSEUM_1F,11,6,path,True,
PEWTER_MUSEUM_1F,10,7,path,True,
PEWTER_MUSEUM_1F,11,7,path,True,
PEWTER_MUSEUM_1F,12,6,path,True,
PEWTER_MUSEUM_1F,13,6,wall,False,
PEWTER_MUSEUM_1F,12,7,path,True,
PEWTER_MUSEUM_1F,13,7,wall,False,
PEWTER_MUSEUM_1F,14,6,wall,False,
PEWTER_MUSEUM_1F,15,6,path,True,
PEWTER_MUSEUM_1F,14,7,wall,False,
PEWTER_MUSEUM_1F,15,7,path,True,
PEWTER_MUSEUM_1F,16,6,path,True,
PEWTER_MUSEUM_1F,17,6,path,True,
PEWTER_MUSEUM_1F,16,7,path,True,
PEWTER_MUSEUM_1F,17,7,path,True,
PEWTER_MUSEUM_1F,18,6,path,True,
PEWTER_MUSEUM_1F,19,6,wall,False,
PEWTER_MUSEUM_1F,18,7,path,True,
PEWTER_MUSEUM_1F,19,7,wall,False,
PEWTER_MUSEUM_2F,0,0,wall,False,
PEWTER_MUSEUM_2F,1,0,wall,False,
PEWTER_MUSEUM_2F,0,1,path,True,
PEWTER_MUSEUM_2F,1,1,path,True,
PEWTER_MUSEUM_2F,2,0,wall,False,
PEWTER_MUSEUM_2F,3,0,wall,False,
PEWTER_MUSEUM_2F,2,1,path,True,
PEWTER_MUSEUM_2F,3,1,path,True,
PEWTER_MUSEUM_2F,4,0,wall,False,
PEWTER_MUSEUM_2F,5,0,wall,False,
PEWTER_MUSEUM_2F,4,1,path,True,
PEWTER_MUSEUM_2F,5,1,path,True,
PEWTER_MUSEUM_2F,6,0,wall,False,
PEWTER_MUSEUM_2F,7,0,wall,False,
PEWTER_MUSEUM_2F,6,1,path,True,
PEWTER_MUSEUM_2F,7,1,path,True,
PEWTER_MUSEUM_2F,8,0,wall,False,
PEWTER_MUSEUM_2F,9,0,wall,False,
PEWTER_MUSEUM_2F,8,1,path,True,
PEWTER_MUSEUM_2F,9,1,path,True,
PEWTER_MUSEUM_2F,10,0,wall,False,
PEWTER_MUSEUM_2F,11,0,wall,False,
PEWTER_MUSEUM_2F,10,1,wall,False,
PEWTER_MUSEUM_2F,11,1,wall,False,
PEWTER_MUSEUM_2F,12,0,wall,False,
PEWTER_MUSEUM_2F,13,0,wall,False,
PEWTER_MUSEUM_2F,12,1,wall,False,
PEWTER_MUSEUM_2F,13,1,path,True,
PEWTER_MUSEUM_2F,0,2,path,True,
PEWTER_MUSEUM_2F,1,2,path,True,
PEWTER_MUSEUM_2F,0,3,path,True,
PEWTER_MUSEUM_2F,1,3,path,True,
PEWTER_MUSEUM_2F,2,2,path,True,
PEWTER_MUSEUM_2F,3,2,path,True,
PEWTER_MUSEUM_2F,2,3,path,True,
PEWTER_MUSEUM_2F,3,3,path,True,
PEWTER_MUSEUM_2F,4,2,path,True,
PEWTER_MUSEUM_2F,5,2,path,True,
PEWTER_MUSEUM_2F,4,3,path,True,
PEWTER_MUSEUM_2F,5,3,path,True,
PEWTER_MUSEUM_2F,6,2,path,True,
PEWTER_MUSEUM_2F,7,2,path,True,
PEWTER_MUSEUM_2F,6,3,path,True,
PEWTER_MUSEUM_2F,7,3,path,True,
PEWTER_MUSEUM_2F,8,2,path,True,
PEWTER_MUSEUM_2F,9,2,path,True,
PEWTER_MUSEUM_2F,8,3,path,True,
PEWTER_MUSEUM_2F,9,3,path,True,
PEWTER_MUSEUM_2F,10,2,wall,False,
PEWTER_MUSEUM_2F,11,2,wall,False,
PEWTER_MUSEUM_2F,10,3,path,True,
PEWTER_MUSEUM_2F,11,3,path,True,
PEWTER_MUSEUM_2F,12,2,wall,False,
PEWTER_MUSEUM_2F,13,2,path,True,
PEWTER_MUSEUM_2F,12,3,path,True,
PEWTER_MUSEUM_2F,13,3,path,True,
PEWTER_MUSEUM_2F,0,4,path,True,
PEWTER_MUSEUM_2F,1,4,wall,False,
PEWTER_MUSEUM_2F,0,5,path,True,
PEWTER_MUSEUM_2F,1,5,wall,False,
PEWTER_MUSEUM_2F,2,4,wall,False,
PEWTER_MUSEUM_2F,3,4,wall,False,
PEWTER_MUSEUM_2F,2,5,wall,False,
PEWTER_MUSEUM_2F,3,5,wall,False,
PEWTER_MUSEUM_2F,4,4,wall,False,
PEWTER_MUSEUM_2F,5,4,path,True,
PEWTER_MUSEUM_2F,4,5,wall,False,
PEWTER_MUSEUM_2F,5,5,path,True,
PEWTER_MUSEUM_2F,6,4,path,True,
PEWTER_MUSEUM_2F,7,4,path,True,
PEWTER_MUSEUM_2F,6,5,path,True,
PEWTER_MUSEUM_2F,7,5,path,True,
PEWTER_MUSEUM_2F,8,4,path,True,
PEWTER_MUSEUM_2F,9,4,path,True,
PEWTER_MUSEUM_2F,8,5,wall,False,
PEWTER_MUSEUM_2F,9,5,path,True,
PEWTER_MUSEUM_2F,10,4,path,True,
PEWTER_MUSEUM_2F,11,4,path,True,
PEWTER_MUSEUM_2F,10,5,path,True,
PEWTER_MUSEUM_2F,11,5,path,True,
PEWTER_MUSEUM_2F,12,4,path,True,
PEWTER_MUSEUM_2F,13,4,path,True,
PEWTER_MUSEUM_2F,12,5,path,True,
PEWTER_MUSEUM_2F,13,5,path,True,
PEWTER_MUSEUM_2F,0,6,path,True,
PEWTER_MUSEUM_2F,1,6,path,True,
PEWTER_MUSEUM_2F,0,7,path,True,
PEWTER_MUSEUM_2F,1,7,path,True,
PEWTER_MUSEUM_2F,2,6,path,True,
PEWTER_MUSEUM_2F,3,6,path,True,
PEWTER_MUSEUM_2F,2,7,path,True,
PEWTER_MUSEUM_2F,3,7,path,True,
PEWTER_MUSEUM_2F,4,6,path,True,
PEWTER_MUSEUM_2F,5,6,path,True,
PEWTER_MUSEUM_2F,4,7,path,True,
PEWTER_MUSEUM_2F,5,7,path,True,
PEWTER_MUSEUM_2F,6,6,path,True,
PEWTER_MUSEUM_2F,7,6,path,True,
PEWTER_MUSEUM_2F,6,7,path,True,
PEWTER_MUSEUM_2F,7,7,path,True,
PEWTER_MUSEUM_2F,8,6,wall,False,
PEWTER_MUSEUM_2F,9,6,path,True,
PEWTER_MUSEUM_2F,8,7,wall,False,
PEWTER_MUSEUM_2F,9,7,path,True,
PEWTER_MUSEUM_2F,10,6,path,True,
PEWTER_MUSEUM_2F,11,6,path,True,
PEWTER_MUSEUM_2F,10,7,path,True,
PEWTER_MUSEUM_2F,11,7,path,True,
PEWTER_MUSEUM_2F,12,6,path,True,
PEWTER_MUSEUM_2F,13,6,path,True,
PEWTER_MUSEUM_2F,12,7,path,True,
PEWTER_MUSEUM_2F,13,7,path,True,
ROUTE_2_HOUSE,0,0,wall,False,
ROUTE_2_HOUSE,1,0,wall,False,
ROUTE_2_HOUSE,0,1,wall,False,
ROUTE_2_HOUSE,1,1,wall,False,
ROUTE_2_HOUSE,2,0,wall,False,
ROUTE_2_HOUSE,3,0,wall,False,
ROUTE_2_HOUSE,2,1,path,True,
ROUTE_2_HOUSE,3,1,path,True,
ROUTE_2_HOUSE,4,0,wall,False,
ROUTE_2_HOUSE,5,0,wall,False,
ROUTE_2_HOUSE,4,1,path,True,
ROUTE_2_HOUSE,5,1,path,True,
ROUTE_2_HOUSE,6,0,wall,False,
ROUTE_2_HOUSE,7,0,wall,False,
ROUTE_2_HOUSE,6,1,path,True,
ROUTE_2_HOUSE,7,1,wall,False,
ROUTE_2_HOUSE,0,2,path,True,
ROUTE_2_HOUSE,1,2,path,True,
ROUTE_2_HOUSE,0,3,path,True,
ROUTE_2_HOUSE,1,3,path,True,
ROUTE_2_HOUSE,2,2,path,True,
ROUTE_2_HOUSE,3,2,path,True,
ROUTE_2_HOUSE,2,3,path,True,
ROUTE_2_HOUSE,3,3,wall,False,
ROUTE_2_HOUSE,4,2,path,True,
ROUTE_2_HOUSE,5,2,path,True,
ROUTE_2_HOUSE,4,3,wall,False,
ROUTE_2_HOUSE,5,3,path,True,
ROUTE_2_HOUSE,6,2,path,True,
ROUTE_2_HOUSE,7,2,path,True,
ROUTE_2_HOUSE,6,3,path,True,
ROUTE_2_HOUSE,7,3,path,True,
ROUTE_2_HOUSE,0,4,path,True,
ROUTE_2_HOUSE,1,4,path,True,
ROUTE_2_HOUSE,0,5,path,True,
ROUTE_2_HOUSE,1,5,path,True,
ROUTE_2_HOUSE,2,4,path,True,
ROUTE_2_HOUSE,3,4,wall,False,
ROUTE_2_HOUSE,2,5,path,True,
ROUTE_2_HOUSE,3,5,path,True,
ROUTE_2_HOUSE,4,4,wall,False,
ROUTE_2_HOUSE,5,4,path,True,
ROUTE_2_HOUSE,4,5,path,True,
ROUTE_2_HOUSE,5,5,path,True,
ROUTE_2_HOUSE,6,4,path,True,
ROUTE_2_HOUSE,7,4,path,True,
ROUTE_2_HOUSE,6,5,path,True,
ROUTE_2_HOUSE,7,5,path,True,
ROUTE_2_HOUSE,0,6,wall,False,
ROUTE_2_HOUSE,1,6,path,True,
ROUTE_2_HOUSE,0,7,wall,False,
ROUTE_2_HOUSE,1,7,path,True,
ROUTE_2_HOUSE,2,6,path,True,
ROUTE_2_HOUSE,3,6,path,True,
ROUTE_2_HOUSE,2,7,path,True,
ROUTE_2_HOUSE,3,7,path,True,
ROUTE_2_HOUSE,4,6,path,True,
ROUTE_2_HOUSE,5,6,path,True,
ROUTE_2_HOUSE,4,7,path,True,
ROUTE_2_HOUSE,5,7,path,True,
ROUTE_2_HOUSE,6,6,path,True,
ROUTE_2_HOUSE,7,6,wall,False,
ROUTE_2_HOUSE,6,7,path,True,
ROUTE_2_HOUSE,7,7,wall,False,
ROUTE_22_GATE,0,0,wall,False,
ROUTE_22_GATE,1,0,wall,False,
ROUTE_22_GATE,0,1,path,True,
ROUTE_22_GATE,1,1,path,True,
ROUTE_22_GATE,2,0,wall,False,
ROUTE_22_GATE,3,0,wall,False,
ROUTE_22_GATE,2,1,path,True,
ROUTE_22_GATE,3,1,wall,False,
ROUTE_22_GATE,4,0,path,True,
ROUTE_22_GATE,5,0,path,True,
ROUTE_22_GATE,4,1,path,True,
ROUTE_22_GATE,5,1,path,True,
ROUTE_22_GATE,6,0,wall,False,
ROUTE_22_GATE,7,0,wall,False,
ROUTE_22_GATE,6,1,wall,False,
ROUTE_22_GATE,7,1,path,True,
ROUTE_22_GATE,8,0,wall,False,
ROUTE_22_GATE,9,0,wall,False,
ROUTE_22_GATE,8,1,path,True,
ROUTE_22_GATE,9,1,path,True,
ROUTE_22_GATE,0,2,path,True,
ROUTE_22_GATE,1,2,path,True,
ROUTE_22_GATE,0,3,path,True,
ROUTE_22_GATE,1,3,path,True,
ROUTE_22_GATE,2,2,path,True,
ROUTE_22_GATE,3,2,path,True,
ROUTE_22_GATE,2,3,path,True,
ROUTE_22_GATE,3,3,path,True,
ROUTE_22_GATE,4,2,path,True,
ROUTE_22_GATE,5,2,path,True,
ROUTE_22_GATE,4,3,path,True,
ROUTE_22_GATE,5,3,path,True,
ROUTE_22_GATE,6,2,path,True,
ROUTE_22_GATE,7,2,path,True,
ROUTE_22_GATE,6,3,path,True,
ROUTE_22_GATE,7,3,path,True,
ROUTE_22_GATE,8,2,path,True,
ROUTE_22_GATE,9,2,path,True,
ROUTE_22_GATE,8,3,path,True,
ROUTE_22_GATE,9,3,path,True,
ROUTE_22_GATE,0,4,path,True,
ROUTE_22_GATE,1,4,path,True,
ROUTE_22_GATE,0,5,path,True,
ROUTE_22_GATE,1,5,path,True,
ROUTE_22_GATE,2,4,path,True,
ROUTE_22_GATE,3,4,path,True,
ROUTE_22_GATE,2,5,path,True,
ROUTE_22_GATE,3,5,path,True,
ROUTE_22_GATE,4,4,path,True,
ROUTE_22_GATE,5,4,path,True,
ROUTE_22_GATE,4,5,path,True,
ROUTE_22_GATE,5,5,path,True,
ROUTE_22_GATE,6,4,path,True,
ROUTE_22_GATE,7,4,path,True,
ROUTE_22_GATE,6,5,path,True,
ROUTE_22_GATE,7,5,path,True,
ROUTE_22_GATE,8,4,path,True,
ROUTE_22_GATE,9,4,path,True,
ROUTE_22_GATE,8,5,path,True,
ROUTE_22_GATE,9,5,path,True,
ROUTE_22_GATE,0,6,path,True,
ROUTE_22_GATE,1,6,path,True,
ROUTE_22_GATE,0,7,path,True,
ROUTE_22_GATE,1,7,path,True,
ROUTE_22_GATE,2,6,path,True,
ROUTE_22_GATE,3,6,wall,False,
ROUTE_22_GATE,2,7,path,True,
ROUTE_22_GATE,3,7,wall,False,
ROUTE_22_GATE,4,6,path,True,
ROUTE_22_GATE,5,6,path,True,
ROUTE_22_GATE,4,7,path,True,
ROUTE_22_GATE,5,7,path,True,
ROUTE_22_GATE,6,6,wall,False,
ROUTE_22_GATE,7,6,path,True,
ROUTE_22_GATE,6,7,wall,False,
ROUTE_22_GATE,7,7,path,True,
ROUTE_22_GATE,8,6,path,True,
ROUTE_22_GATE,9,6,path,True,
ROUTE_22_GATE,8,7,path,True,
ROUTE_22_GATE,9,7,path,True,
