trainer,pkmn_id,map,nearest_route,pokemon,moves,game_stage,notes,pkmn_level
ViridianForest_Lass_1,ViridianForest_Lass_1_Nidoran_f_1,VIRIDIAN_FOREST,VIRIDIAN_FOREST,Nidoran_f,Growl,Badge_1,,6
ViridianForest_Lass_1,ViridianForest_Lass_1_Nidoran_f_1,VIRIDIAN_FOREST,VIRIDIAN_FOREST,Nidoran_f,Tackle,Badge_1,,6
ViridianForest_Lass_1,ViridianForest_Lass_1_Nidoran_f_1,VIRIDIAN_FOREST,VIRIDIAN_FOREST,Nidoran_f,Poison Sting,Badge_1,,6
ViridianForest_Lass_1,ViridianForest_Lass_1_Nidoran_m_2,VIRIDIAN_FOREST,VIRIDIAN_FOREST,Nidoran_m,Leer,Badge_1,,6
ViridianForest_Lass_1,ViridianForest_Lass_1_Nidoran_m_2,VIRIDIAN_FOREST,VIRIDIAN_FOREST,Nidoran_m,Tackle,Badge_1,,6
ViridianForest_Lass_1,ViridianForest_Lass_1_Nidoran_m_2,VIRIDIAN_FOREST,VIRIDIAN_FOREST,Nidoran_m,Poison Sting,Badge_1,,6
ViridianForest_Bug_Catcher_1,ViridianForest_Bug_Catcher_1_Caterpie_1,VIRIDIAN_FOREST,VIRIDIAN_FOREST,Caterpie,Tackle,Badge_1,,6
ViridianForest_Bug_Catcher_1,ViridianForest_Bug_Catcher_1_Caterpie_1,VIRIDIAN_FOREST,VIRIDIAN_FOREST,Caterpie,String Shot,Badge_1,,6
ViridianForest_Bug_Catcher_1,ViridianForest_Bug_Catcher_1_Weedle_2,VIRIDIAN_FOREST,VIRIDIAN_FOREST,Weedle,Poison Sting,Badge_1,,6
ViridianForest_Bug_Catcher_1,ViridianForest_Bug_Catcher_1_Weedle_2,VIRIDIAN_FOREST,VIRIDIAN_FOREST,Weedle,String Shot,Badge_1,,6
ViridianForest_Bug_Catcher_1,ViridianForest_Bug_Catcher_1_Caterpie_2,VIRIDIAN_FOREST,VIRIDIAN_FOREST,Caterpie,Tackle,Badge_1,,6
ViridianForest_Bug_Catcher_1,ViridianForest_Bug_Catcher_1_Caterpie_2,VIRIDIAN_FOREST,VIRIDIAN_FOREST,Caterpie,String Shot,Badge_1,,6
ViridianForest_Bug_Catcher_2,ViridianForest_Bug_Catcher_2_Metapod_1,VIRIDIAN_FOREST,VIRIDIAN_FOREST,Metapod,Tackle,Badge_1,,7
ViridianForest_Bug_Catcher_2,ViridianForest_Bug_Catcher_2_Metapod_1,VIRIDIAN_FOREST,VIRIDIAN_FOREST,Metapod,Harden,Badge_1,,7
ViridianForest_Bug_Catcher_2,ViridianForest_Bug_Catcher_2_Metapod_1,VIRIDIAN_FOREST,VIRIDIAN_FOREST,Metapod,String Shot,Badge_1,,7
ViridianForest_Bug_Catcher_2,ViridianForest_Bug_Catcher_2_Caterpie_2,VIRIDIAN_FOREST,VIRIDIAN_FOREST,Caterpie,Tackle,Badge_1,,6
ViridianForest_Bug_Catcher_2,ViridianForest_Bug_Catcher_2_Caterpie_2,VIRIDIAN_FOREST,VIRIDIAN_FOREST,Caterpie,String Shot,Badge_1,,6
ViridianForest_Bug_Catcher_2,ViridianForest_Bug_Catcher_2_Kakuna_3,VIRIDIAN_FOREST,VIRIDIAN_FOREST,Kakuna,Poison Sting,Badge_1,,7
ViridianForest_Bug_Catcher_2,ViridianForest_Bug_Catcher_2_Kakuna_3,VIRIDIAN_FOREST,VIRIDIAN_FOREST,Kakuna,String Shot,Badge_1,,7
ViridianForest_Bug_Catcher_2,ViridianForest_Bug_Catcher_2_Kakuna_3,VIRIDIAN_FOREST,VIRIDIAN_FOREST,Kakuna,Harden,Badge_1,,7
ViridianForest_Bug_Catcher_3,ViridianForest_Bug_Catcher_3_Caterpie_1,VIRIDIAN_FOREST,VIRIDIAN_FOREST,Caterpie,Tackle,Badge_1,,6
ViridianForest_Bug_Catcher_3,ViridianForest_Bug_Catcher_3_Caterpie_1,VIRIDIAN_FOREST,VIRIDIAN_FOREST,Caterpie,String Shot,Badge_1,,6
ViridianForest_Bug_Catcher_3,ViridianForest_Bug_Catcher_3_Metapod_2,VIRIDIAN_FOREST,VIRIDIAN_FOREST,Metapod,Tackle,Badge_1,,6
ViridianForest_Bug_Catcher_3,ViridianForest_Bug_Catcher_3_Metapod_2,VIRIDIAN_FOREST,VIRIDIAN_FOREST,Metapod,Harden,Badge_1,,6
ViridianForest_Bug_Catcher_3,ViridianForest_Bug_Catcher_3_Metapod_2,VIRIDIAN_FOREST,VIRIDIAN_FOREST,Metapod,String Shot,Badge_1,,6
PewterCity_Jr_Trainer_1,PewterCity_Jr_Trainer_1_Jigglypuff_1,PEWTER_CITY,VIRIDIAN_FOREST,Jigglypuff,Sing,Badge_1,,9
PewterCity_Jr_Trainer_1,PewterCity_Jr_Trainer_1_Jigglypuff_1,PEWTER_CITY,VIRIDIAN_FOREST,Jigglypuff,Pound,Badge_1,,9
PewterCity_Jr_Trainer_1,PewterCity_Jr_Trainer_1_Jigglypuff_1,PEWTER_CITY,VIRIDIAN_FOREST,Jigglypuff,Defense Curl,Badge_1,,9
PewterCity_Jr_Trainer_1,PewterCity_Jr_Trainer_1_Sandshrew_2,PEWTER_CITY,VIRIDIAN_FOREST,Sandshrew,Scratch,Badge_1,,9
PewterCity_Jr_Trainer_1,PewterCity_Jr_Trainer_1_Sandshrew_2,PEWTER_CITY,VIRIDIAN_FOREST,Sandshrew,Poison Sting,Badge_1,,9
PewterCity_Jr_Trainer_1,PewterCity_Jr_Trainer_1_Sandshrew_2,PEWTER_CITY,VIRIDIAN_FOREST,Sandshrew,Fury Swipes,Badge_1,,9
Route3_Lass_1,Route3_Lass_1_Pidgey_1,ROUTE_3,ROUTE_3,Pidgey,Gust,Badge_2,,9
Route3_Lass_1,Route3_Lass_1_Pidgey_1,ROUTE_3,ROUTE_3,Pidgey,Sand Attack,Badge_2,,9
Route3_Lass_1,Route3_Lass_1_Pidgey_2,ROUTE_3,ROUTE_3,Pidgey,Gust,Badge_2,,9
Route3_Lass_1,Route3_Lass_1_Pidgey_2,ROUTE_3,ROUTE_3,Pidgey,Sand Attack,Badge_2,,9
Route3_Bug_Catcher_2,Route3_Bug_Catcher_2_Weedle_1,ROUTE_3,ROUTE_3,Weedle,Poison Sting,Badge_2,,9
Route3_Bug_Catcher_2,Route3_Bug_Catcher_2_Weedle_1,ROUTE_3,ROUTE_3,Weedle,String Shot,Badge_2,,9
Route3_Bug_Catcher_2,Route3_Bug_Catcher_2_Kakuna_2,ROUTE_3,ROUTE_3,Kakuna,Poison Sting,Badge_2,,9
Route3_Bug_Catcher_2,Route3_Bug_Catcher_2_Kakuna_2,ROUTE_3,ROUTE_3,Kakuna,String Shot,Badge_2,,9
Route3_Bug_Catcher_2,Route3_Bug_Catcher_2_Kakuna_2,ROUTE_3,ROUTE_3,Kakuna,Harden,Badge_2,,9
Route3_Bug_Catcher_2,Route3_Bug_Catcher_2_Caterpie_3,ROUTE_3,ROUTE_3,Caterpie,Tackle,Badge_2,,9
Route3_Bug_Catcher_2,Route3_Bug_Catcher_2_Caterpie_3,ROUTE_3,ROUTE_3,Caterpie,String Shot,Badge_2,,9
Route3_Bug_Catcher_2,Route3_Bug_Catcher_2_Metapod_4,ROUTE_3,ROUTE_3,Metapod,Tackle,Badge_2,,9
Route3_Bug_Catcher_2,Route3_Bug_Catcher_2_Metapod_4,ROUTE_3,ROUTE_3,Metapod,Harden,Badge_2,,9
Route3_Bug_Catcher_2,Route3_Bug_Catcher_2_Metapod_4,ROUTE_3,ROUTE_3,Metapod,String Shot,Badge_2,,9
Route3_Youngster_2,Route3_Youngster_2_Spearow_1,ROUTE_3,ROUTE_3,Spearow,Growl,Badge_2,,14
Route3_Youngster_2,Route3_Youngster_2_Spearow_1,ROUTE_3,ROUTE_3,Spearow,Leer,Badge_2,,14
Route3_Youngster_2,Route3_Youngster_2_Spearow_1,ROUTE_3,ROUTE_3,Spearow,Fury Attack,Badge_2,,14
Route3_Youngster_2,Route3_Youngster_2_Spearow_1,ROUTE_3,ROUTE_3,Spearow,Focus Energy,Badge_2,,14
Route3_Lass_3,Route3_Lass_3_Jigglypuff_1,ROUTE_3,ROUTE_3,Jigglypuff,Sing,Badge_2,,14
Route3_Lass_3,Route3_Lass_3_Jigglypuff_1,ROUTE_3,ROUTE_3,Jigglypuff,Pound,Badge_2,,14
Route3_Lass_3,Route3_Lass_3_Jigglypuff_1,ROUTE_3,ROUTE_3,Jigglypuff,Defense Curl,Badge_2,,14
Route3_Lass_3,Route3_Lass_3_Jigglypuff_1,ROUTE_3,ROUTE_3,Jigglypuff,Disable,Badge_2,,14
MtMoon1F_Lass_1,MtMoon1F_Lass_1_Cubone_1,MT_MOON_1F,MT_MOON_1F,Cubone,Growl,Badge_2,,14
MtMoon1F_Lass_1,MtMoon1F_Lass_1_Cubone_1,MT_MOON_1F,MT_MOON_1F,Cubone,Leer,Badge_2,,14
MtMoon1F_Lass_1,MtMoon1F_Lass_1_Cubone_1,MT_MOON_1F,MT_MOON_1F,Cubone,Bone Club,Badge_2,,14
MtMoon1F_Lass_1,MtMoon1F_Lass_1_Cubone_1,MT_MOON_1F,MT_MOON_1F,Cubone,Tail Whip,Badge_2,,14
MtMoon1F_Bug_Catcher_1,MtMoon1F_Bug_Catcher_1_Weedle_1,MT_MOON_1F,MT_MOON_1F,Weedle,Poison Sting,Badge_2,,10
MtMoon1F_Bug_Catcher_1,MtMoon1F_Bug_Catcher_1_Weedle_1,MT_MOON_1F,MT_MOON_1F,Weedle,String Shot,Badge_2,,10
MtMoon1F_Bug_Catcher_1,MtMoon1F_Bug_Catcher_1_Beedrill_2,MT_MOON_1F,MT_MOON_1F,Beedrill,String Shot,Badge_2,,10
MtMoon1F_Bug_Catcher_1,MtMoon1F_Bug_Catcher_1_Beedrill_2,MT_MOON_1F,MT_MOON_1F,Beedrill,Harden,Badge_2,,10
MtMoon1F_Bug_Catcher_1,MtMoon1F_Bug_Catcher_1_Beedrill_2,MT_MOON_1F,MT_MOON_1F,Beedrill,Poison Sting,Badge_2,,10
MtMoon1F_Bug_Catcher_1,MtMoon1F_Bug_Catcher_1_Beedrill_2,MT_MOON_1F,MT_MOON_1F,Beedrill,Pin Missile,Badge_2,,10
MtMoon1F_Super_Nerd_1,MtMoon1F_Super_Nerd_1_Shellder_1,MT_MOON_1F,MT_MOON_1F,Shellder,Tackle,Badge_2,,11
MtMoon1F_Super_Nerd_1,MtMoon1F_Super_Nerd_1_Shellder_1,MT_MOON_1F,MT_MOON_1F,Shellder,Withdraw,Badge_2,,11
MtMoon1F_Super_Nerd_1,MtMoon1F_Super_Nerd_1_Shellder_1,MT_MOON_1F,MT_MOON_1F,Shellder,Water Gun,Badge_2,,11
MtMoon1F_Super_Nerd_1,MtMoon1F_Super_Nerd_1_Ekans_2,MT_MOON_1F,MT_MOON_1F,Ekans,Leer,Badge_2,,11
MtMoon1F_Super_Nerd_1,MtMoon1F_Super_Nerd_1_Ekans_2,MT_MOON_1F,MT_MOON_1F,Ekans,Poison Sting,Badge_2,,11
MtMoon1F_Bug_Catcher_2,MtMoon1F_Bug_Catcher_2_Caterpie_1,MT_MOON_1F,MT_MOON_1F,Caterpie,Tackle,Badge_2,,10
MtMoon1F_Bug_Catcher_2,MtMoon1F_Bug_Catcher_2_Caterpie_1,MT_MOON_1F,MT_MOON_1F,Caterpie,String Shot,Badge_2,,10
MtMoon1F_Bug_Catcher_2,MtMoon1F_Bug_Catcher_2_Butterfree_2,MT_MOON_1F,MT_MOON_1F,Butterfree,Tackle,Badge_2,,10
MtMoon1F_Bug_Catcher_2,MtMoon1F_Bug_Catcher_2_Butterfree_2,MT_MOON_1F,MT_MOON_1F,Butterfree,Harden,Badge_2,,10
MtMoon1F_Bug_Catcher_2,MtMoon1F_Bug_Catcher_2_Butterfree_2,MT_MOON_1F,MT_MOON_1F,Butterfree,String Shot,Badge_2,,10
MtMoon1F_Bug_Catcher_2,MtMoon1F_Bug_Catcher_2_Butterfree_2,MT_MOON_1F,MT_MOON_1F,Butterfree,Confusion,Badge_2,,10
MtMoon1F_Lass_2,MtMoon1F_Lass_2_Oddish_1,MT_MOON_1F,MT_MOON_1F,Oddish,Tackle,Badge_2,,11
MtMoon1F_Lass_2,MtMoon1F_Lass_2_Oddish_1,MT_MOON_1F,MT_MOON_1F,Oddish,Poisonpowder,Badge_2,,11
MtMoon1F_Lass_2,MtMoon1F_Lass_2_Oddish_1,MT_MOON_1F,MT_MOON_1F,Oddish,Leech Seed,Badge_2,,11
MtMoon1F_Lass_2,MtMoon1F_Lass_2_Bellsprout_2,MT_MOON_1F,MT_MOON_1F,Bellsprout,Growth,Badge_2,,11
MtMoon1F_Lass_2,MtMoon1F_Lass_2_Bellsprout_2,MT_MOON_1F,MT_MOON_1F,Bellsprout,Vine Whip,Badge_2,,11
MtMoon1F_Youngster_1,MtMoon1F_Youngster_1_Rattata_1,MT_MOON_1F,MT_MOON_1F,Rattata,Tackle,Badge_2,,10
MtMoon1F_Youngster_1,MtMoon1F_Youngster_1_Rattata_1,MT_MOON_1F,MT_MOON_1F,Rattata,Tail Whip,Badge_2,,10
MtMoon1F_Youngster_1,MtMoon1F_Youngster_1_Rattata_1,MT_MOON_1F,MT_MOON_1F,Rattata,Quick Attack,Badge_2,,10
MtMoon1F_Youngster_1,MtMoon1F_Youngster_1_Rattata_1,MT_MOON_1F,MT_MOON_1F,Rattata,Bite,Badge_2,,10
MtMoon1F_Youngster_1,MtMoon1F_Youngster_1_Sandshrew_2,MT_MOON_1F,MT_MOON_1F,Sandshrew,Scratch,Badge_2,,10
MtMoon1F_Youngster_1,MtMoon1F_Youngster_1_Sandshrew_2,MT_MOON_1F,MT_MOON_1F,Sandshrew,Poison Sting,Badge_2,,10
MtMoon1F_Youngster_1,MtMoon1F_Youngster_1_Sandshrew_2,MT_MOON_1F,MT_MOON_1F,Sandshrew,Fury Swipes,Badge_2,,10
MtMoon1F_Youngster_1,MtMoon1F_Youngster_1_Sandshrew_2,MT_MOON_1F,MT_MOON_1F,Sandshrew,Sand Attack,Badge_2,,10
MtMoon1F_Youngster_1,MtMoon1F_Youngster_1_Zubat_3,MT_MOON_1F,MT_MOON_1F,Zubat,Leech Life,Badge_2,,10
MtMoon1F_Youngster_1,MtMoon1F_Youngster_1_Zubat_3,MT_MOON_1F,MT_MOON_1F,Zubat,Supersonic,Badge_2,,10
MtMoon1F_Youngster_1,MtMoon1F_Youngster_1_Zubat_3,MT_MOON_1F,MT_MOON_1F,Zubat,Gust,Badge_2,,10
MtMoon1F_Hiker_1,MtMoon1F_Hiker_1_Geodude_1,MT_MOON_1F,MT_MOON_1F,Geodude,Tackle,Badge_2,,10
MtMoon1F_Hiker_1,MtMoon1F_Hiker_1_Geodude_1,MT_MOON_1F,MT_MOON_1F,Geodude,Defense Curl,Badge_2,,10
MtMoon1F_Hiker_1,MtMoon1F_Hiker_1_Geodude_2,MT_MOON_1F,MT_MOON_1F,Geodude,Tackle,Badge_2,,10
MtMoon1F_Hiker_1,MtMoon1F_Hiker_1_Geodude_2,MT_MOON_1F,MT_MOON_1F,Geodude,Defense Curl,Badge_2,,10
MtMoon1F_Hiker_1,MtMoon1F_Hiker_1_Onix_3,MT_MOON_1F,MT_MOON_1F,Onix,Tackle,Badge_2,,10
MtMoon1F_Hiker_1,MtMoon1F_Hiker_1_Onix_3,MT_MOON_1F,MT_MOON_1F,Onix,Screech,Badge_2,,10
MtMoonB2F_Rocket_1,MtMoonB2F_Rocket_1_Sandshrew_1,MT_MOON_B2F,MT_MOON_B2F,Sandshrew,Scratch,Badge_2,,11
MtMoonB2F_Rocket_1,MtMoonB2F_Rocket_1_Sandshrew_1,MT_MOON_B2F,MT_MOON_B2F,Sandshrew,Poison Sting,Badge_2,,11
MtMoonB2F_Rocket_1,MtMoonB2F_Rocket_1_Sandshrew_1,MT_MOON_B2F,MT_MOON_B2F,Sandshrew,Fury Swipes,Badge_2,,11
MtMoonB2F_Rocket_1,MtMoonB2F_Rocket_1_Sandshrew_1,MT_MOON_B2F,MT_MOON_B2F,Sandshrew,Sand Attack,Badge_2,,11
MtMoonB2F_Rocket_1,MtMoonB2F_Rocket_1_Rattata_2,MT_MOON_B2F,MT_MOON_B2F,Rattata,Tackle,Badge_2,,11
MtMoonB2F_Rocket_1,MtMoonB2F_Rocket_1_Rattata_2,MT_MOON_B2F,MT_MOON_B2F,Rattata,Tail Whip,Badge_2,,11
MtMoonB2F_Rocket_1,MtMoonB2F_Rocket_1_Rattata_2,MT_MOON_B2F,MT_MOON_B2F,Rattata,Quick Attack,Badge_2,,11
MtMoonB2F_Rocket_1,MtMoonB2F_Rocket_1_Rattata_2,MT_MOON_B2F,MT_MOON_B2F,Rattata,Bite,Badge_2,,11
MtMoonB2F_Rocket_1,MtMoonB2F_Rocket_1_Zubat_3,MT_MOON_B2F,MT_MOON_B2F,Zubat,Leech Life,Badge_2,,11
MtMoonB2F_Rocket_1,MtMoonB2F_Rocket_1_Zubat_3,MT_MOON_B2F,MT_MOON_B2F,Zubat,Supersonic,Badge_2,,11
MtMoonB2F_Rocket_1,MtMoonB2F_Rocket_1_Zubat_3,MT_MOON_B2F,MT_MOON_B2F,Zubat,Gust,Badge_2,,11
MtMoonB2F_Rocket_2,MtMoonB2F_Rocket_2_Zubat_1,MT_MOON_B2F,MT_MOON_B2F,Zubat,Leech Life,Badge_2,,12
MtMoonB2F_Rocket_2,MtMoonB2F_Rocket_2_Zubat_1,MT_MOON_B2F,MT_MOON_B2F,Zubat,Supersonic,Badge_2,,12
MtMoonB2F_Rocket_2,MtMoonB2F_Rocket_2_Zubat_1,MT_MOON_B2F,MT_MOON_B2F,Zubat,Gust,Badge_2,,12
MtMoonB2F_Rocket_2,MtMoonB2F_Rocket_2_Zubat_1,MT_MOON_B2F,MT_MOON_B2F,Zubat,Bite,Badge_2,,12
MtMoonB2F_Rocket_2,MtMoonB2F_Rocket_2_Ekans_2,MT_MOON_B2F,MT_MOON_B2F,Ekans,Leer,Badge_2,,12
MtMoonB2F_Rocket_2,MtMoonB2F_Rocket_2_Ekans_2,MT_MOON_B2F,MT_MOON_B2F,Ekans,Poison Sting,Badge_2,,12
MtMoonB2F_Rocket_2,MtMoonB2F_Rocket_2_Ekans_2,MT_MOON_B2F,MT_MOON_B2F,Ekans,Bite,Badge_2,,12
MtMoonB2F_Lass_1,MtMoonB2F_Lass_1_Parasect_1,MT_MOON_B2F,MT_MOON_B2F,Parasect,Poisonpowder,Badge_2,,30
MtMoonB2F_Lass_1,MtMoonB2F_Lass_1_Parasect_1,MT_MOON_B2F,MT_MOON_B2F,Parasect,Spore,Badge_2,,30
MtMoonB2F_Lass_1,MtMoonB2F_Lass_1_Parasect_1,MT_MOON_B2F,MT_MOON_B2F,Parasect,Mega Drain,Badge_2,,30
MtMoonB2F_Lass_1,MtMoonB2F_Lass_1_Parasect_1,MT_MOON_B2F,MT_MOON_B2F,Parasect,Slash,Badge_2,,30
MtMoonB2F_Lass_1,MtMoonB2F_Lass_1_Gloom_2,MT_MOON_B2F,MT_MOON_B2F,Gloom,Absorb,Badge_2,,30
MtMoonB2F_Lass_1,MtMoonB2F_Lass_1_Gloom_2,MT_MOON_B2F,MT_MOON_B2F,Gloom,Acid,Badge_2,,30
MtMoonB2F_Lass_1,MtMoonB2F_Lass_1_Gloom_2,MT_MOON_B2F,MT_MOON_B2F,Gloom,Mega Drain,Badge_2,,30
MtMoonB2F_Lass_1,MtMoonB2F_Lass_1_Gloom_2,MT_MOON_B2F,MT_MOON_B2F,Gloom,Sleep Powder,Badge_2,,30
MtMoonB2F_Lass_1,MtMoonB2F_Lass_1_Parasect_2,MT_MOON_B2F,MT_MOON_B2F,Parasect,Poisonpowder,Badge_2,,30
MtMoonB2F_Lass_1,MtMoonB2F_Lass_1_Parasect_2,MT_MOON_B2F,MT_MOON_B2F,Parasect,Spore,Badge_2,,30
MtMoonB2F_Lass_1,MtMoonB2F_Lass_1_Parasect_2,MT_MOON_B2F,MT_MOON_B2F,Parasect,Mega Drain,Badge_2,,30
MtMoonB2F_Lass_1,MtMoonB2F_Lass_1_Parasect_2,MT_MOON_B2F,MT_MOON_B2F,Parasect,Slash,Badge_2,,30
CeruleanCity_Swimmer_1,CeruleanCity_Swimmer_1_Horsea_1,CERULEAN_CITY,ROUTE_25,Horsea,Bubble,Badge_2,,16
CeruleanCity_Swimmer_1,CeruleanCity_Swimmer_1_Horsea_1,CERULEAN_CITY,ROUTE_25,Horsea,Water Gun,Badge_2,,16
CeruleanCity_Swimmer_1,CeruleanCity_Swimmer_1_Horsea_1,CERULEAN_CITY,ROUTE_25,Horsea,Smokescreen,Badge_2,,16
CeruleanCity_Swimmer_1,CeruleanCity_Swimmer_1_Magnemite_2,CERULEAN_CITY,ROUTE_25,Magnemite,Tackle,Badge_2,,16
CeruleanCity_Swimmer_1,CeruleanCity_Swimmer_1_Magnemite_2,CERULEAN_CITY,ROUTE_25,Magnemite,Thundershock,Badge_2,,16
CeruleanCity_Swimmer_1,CeruleanCity_Swimmer_1_Magnemite_2,CERULEAN_CITY,ROUTE_25,Magnemite,Supersonic,Badge_2,,16
CeruleanCity_Swimmer_1,CeruleanCity_Swimmer_1_Magnemite_2,CERULEAN_CITY,ROUTE_25,Magnemite,Sonicboom,Badge_2,,16
CeruleanCity_Jr_Trainer_1,CeruleanCity_Jr_Trainer_1_Seel_1,CERULEAN_CITY,ROUTE_25,Seel,Headbutt,Badge_2,,19
CeruleanCity_Jr_Trainer_1,CeruleanCity_Jr_Trainer_1_Seel_1,CERULEAN_CITY,ROUTE_25,Seel,Growl,Badge_2,,19
CeruleanCity_Jr_Trainer_1,CeruleanCity_Jr_Trainer_1_Seel_1,CERULEAN_CITY,ROUTE_25,Seel,Water Gun,Badge_2,,19
CeruleanCity_Jr_Trainer_1,CeruleanCity_Jr_Trainer_1_Seel_1,CERULEAN_CITY,ROUTE_25,Seel,Aurora Beam,Badge_2,,19
CeruleanCity_Bug_Catcher_1,CeruleanCity_Bug_Catcher_1_Butterfree_1,CERULEAN_CITY,ROUTE_25,Butterfree,String Shot,Badge_2,,13
CeruleanCity_Bug_Catcher_1,CeruleanCity_Bug_Catcher_1_Butterfree_1,CERULEAN_CITY,ROUTE_25,Butterfree,Confusion,Badge_2,,13
CeruleanCity_Bug_Catcher_1,CeruleanCity_Bug_Catcher_1_Butterfree_1,CERULEAN_CITY,ROUTE_25,Butterfree,Leech Life,Badge_2,,13
CeruleanCity_Bug_Catcher_1,CeruleanCity_Bug_Catcher_1_Butterfree_1,CERULEAN_CITY,ROUTE_25,Butterfree,Poisonpowder,Badge_2,,13
CeruleanCity_Bug_Catcher_1,CeruleanCity_Bug_Catcher_1_Beedrill_2,CERULEAN_CITY,ROUTE_25,Beedrill,Harden,Badge_2,,13
CeruleanCity_Bug_Catcher_1,CeruleanCity_Bug_Catcher_1_Beedrill_2,CERULEAN_CITY,ROUTE_25,Beedrill,Poison Sting,Badge_2,,13
CeruleanCity_Bug_Catcher_1,CeruleanCity_Bug_Catcher_1_Beedrill_2,CERULEAN_CITY,ROUTE_25,Beedrill,Pin Missile,Badge_2,,13
CeruleanCity_Bug_Catcher_1,CeruleanCity_Bug_Catcher_1_Beedrill_2,CERULEAN_CITY,ROUTE_25,Beedrill,Rage,Badge_2,,13
CeruleanCity_Lass_1,CeruleanCity_Lass_1_Jigglypuff_1,CERULEAN_CITY,ROUTE_25,Jigglypuff,Sing,Badge_2,,15
CeruleanCity_Lass_1,CeruleanCity_Lass_1_Jigglypuff_1,CERULEAN_CITY,ROUTE_25,Jigglypuff,Pound,Badge_2,,15
CeruleanCity_Lass_1,CeruleanCity_Lass_1_Jigglypuff_1,CERULEAN_CITY,ROUTE_25,Jigglypuff,Defense Curl,Badge_2,,15
CeruleanCity_Lass_1,CeruleanCity_Lass_1_Jigglypuff_1,CERULEAN_CITY,ROUTE_25,Jigglypuff,Disable,Badge_2,,15
CeruleanCity_Lass_1,CeruleanCity_Lass_1_Oddish_2,CERULEAN_CITY,ROUTE_25,Oddish,Tackle,Badge_2,,15
CeruleanCity_Lass_1,CeruleanCity_Lass_1_Oddish_2,CERULEAN_CITY,ROUTE_25,Oddish,Poisonpowder,Badge_2,,15
CeruleanCity_Lass_1,CeruleanCity_Lass_1_Oddish_2,CERULEAN_CITY,ROUTE_25,Oddish,Leech Seed,Badge_2,,15
CeruleanCity_Lass_1,CeruleanCity_Lass_1_Oddish_2,CERULEAN_CITY,ROUTE_25,Oddish,Absorb,Badge_2,,15
CeruleanCity_Youngster_1,CeruleanCity_Youngster_1_Rattata_1,CERULEAN_CITY,ROUTE_25,Rattata,Tail Whip,Badge_2,,14
CeruleanCity_Youngster_1,CeruleanCity_Youngster_1_Rattata_1,CERULEAN_CITY,ROUTE_25,Rattata,Quick Attack,Badge_2,,14
CeruleanCity_Youngster_1,CeruleanCity_Youngster_1_Rattata_1,CERULEAN_CITY,ROUTE_25,Rattata,Bite,Badge_2,,14
CeruleanCity_Youngster_1,CeruleanCity_Youngster_1_Rattata_1,CERULEAN_CITY,ROUTE_25,Rattata,Hyper Fang,Badge_2,,14
CeruleanCity_Youngster_1,CeruleanCity_Youngster_1_Ekans_2,CERULEAN_CITY,ROUTE_25,Ekans,Leer,Badge_2,,14
CeruleanCity_Youngster_1,CeruleanCity_Youngster_1_Ekans_2,CERULEAN_CITY,ROUTE_25,Ekans,Poison Sting,Badge_2,,14
CeruleanCity_Youngster_1,CeruleanCity_Youngster_1_Ekans_2,CERULEAN_CITY,ROUTE_25,Ekans,Bite,Badge_2,,14
CeruleanCity_Youngster_1,CeruleanCity_Youngster_1_Zubat_3,CERULEAN_CITY,ROUTE_25,Zubat,Leech Life,Badge_2,,14
CeruleanCity_Youngster_1,CeruleanCity_Youngster_1_Zubat_3,CERULEAN_CITY,ROUTE_25,Zubat,Supersonic,Badge_2,,14
CeruleanCity_Youngster_1,CeruleanCity_Youngster_1_Zubat_3,CERULEAN_CITY,ROUTE_25,Zubat,Gust,Badge_2,,14
CeruleanCity_Youngster_1,CeruleanCity_Youngster_1_Zubat_3,CERULEAN_CITY,ROUTE_25,Zubat,Bite,Badge_2,,14
CeruleanCity_Lass_2,CeruleanCity_Lass_2_Pidgey_1,CERULEAN_CITY,ROUTE_25,Pidgey,Gust,Badge_2,,16
CeruleanCity_Lass_2,CeruleanCity_Lass_2_Pidgey_1,CERULEAN_CITY,ROUTE_25,Pidgey,Sand Attack,Badge_2,,16
CeruleanCity_Lass_2,CeruleanCity_Lass_2_Pidgey_1,CERULEAN_CITY,ROUTE_25,Pidgey,Quick Attack,Badge_2,,16
CeruleanCity_Lass_2,CeruleanCity_Lass_2_Nidoran_f_2,CERULEAN_CITY,ROUTE_25,Nidoran_f,Tackle,Badge_2,,16
CeruleanCity_Lass_2,CeruleanCity_Lass_2_Nidoran_f_2,CERULEAN_CITY,ROUTE_25,Nidoran_f,Poison Sting,Badge_2,,16
CeruleanCity_Lass_2,CeruleanCity_Lass_2_Nidoran_f_2,CERULEAN_CITY,ROUTE_25,Nidoran_f,Bite,Badge_2,,16
CeruleanCity_Lass_2,CeruleanCity_Lass_2_Nidoran_f_2,CERULEAN_CITY,ROUTE_25,Nidoran_f,Double Kick,Badge_2,,16
CeruleanCity_Jr_Trainer_1,CeruleanCity_Jr_Trainer_1_Mankey_1,CERULEAN_CITY,ROUTE_25,Mankey,Scratch,Badge_2,,18
CeruleanCity_Jr_Trainer_1,CeruleanCity_Jr_Trainer_1_Mankey_1,CERULEAN_CITY,ROUTE_25,Mankey,Leer,Badge_2,,18
CeruleanCity_Jr_Trainer_1,CeruleanCity_Jr_Trainer_1_Mankey_1,CERULEAN_CITY,ROUTE_25,Mankey,Low Kick,Badge_2,,18
CeruleanCity_Jr_Trainer_1,CeruleanCity_Jr_Trainer_1_Mankey_1,CERULEAN_CITY,ROUTE_25,Mankey,Fury Swipes,Badge_2,,18
CeruleanCity_Nugget_Rocket,CeruleanCity_Nugget_Rocket_Ekans_1,CERULEAN_CITY,ROUTE_25,Ekans,Leer,Badge_2,,15
CeruleanCity_Nugget_Rocket,CeruleanCity_Nugget_Rocket_Ekans_1,CERULEAN_CITY,ROUTE_25,Ekans,Poison Sting,Badge_2,,15
CeruleanCity_Nugget_Rocket,CeruleanCity_Nugget_Rocket_Ekans_1,CERULEAN_CITY,ROUTE_25,Ekans,Bite,Badge_2,,15
CeruleanCity_Nugget_Rocket,CeruleanCity_Nugget_Rocket_Ekans_1,CERULEAN_CITY,ROUTE_25,Ekans,Acid,Badge_2,,15
CeruleanCity_Nugget_Rocket,CeruleanCity_Nugget_Rocket_Zubat_2,CERULEAN_CITY,ROUTE_25,Zubat,Leech Life,Badge_2,,15
CeruleanCity_Nugget_Rocket,CeruleanCity_Nugget_Rocket_Zubat_2,CERULEAN_CITY,ROUTE_25,Zubat,Supersonic,Badge_2,,15
CeruleanCity_Nugget_Rocket,CeruleanCity_Nugget_Rocket_Zubat_2,CERULEAN_CITY,ROUTE_25,Zubat,Gust,Badge_2,,15
CeruleanCity_Nugget_Rocket,CeruleanCity_Nugget_Rocket_Zubat_2,CERULEAN_CITY,ROUTE_25,Zubat,Bite,Badge_2,,15
CeruleanCity_Jr_Trainer_2,CeruleanCity_Jr_Trainer_2_Jigglypuff_1,CERULEAN_CITY,ROUTE_25,Jigglypuff,Sing,Badge_2,,15
CeruleanCity_Jr_Trainer_2,CeruleanCity_Jr_Trainer_2_Jigglypuff_1,CERULEAN_CITY,ROUTE_25,Jigglypuff,Pound,Badge_2,,15
CeruleanCity_Jr_Trainer_2,CeruleanCity_Jr_Trainer_2_Jigglypuff_1,CERULEAN_CITY,ROUTE_25,Jigglypuff,Defense Curl,Badge_2,,15
CeruleanCity_Jr_Trainer_2,CeruleanCity_Jr_Trainer_2_Jigglypuff_1,CERULEAN_CITY,ROUTE_25,Jigglypuff,Disable,Badge_2,,15
CeruleanCity_Jr_Trainer_2,CeruleanCity_Jr_Trainer_2_Psyduck_2,CERULEAN_CITY,ROUTE_25,Psyduck,Scratch,Badge_2,,15
CeruleanCity_Jr_Trainer_2,CeruleanCity_Jr_Trainer_2_Psyduck_2,CERULEAN_CITY,ROUTE_25,Psyduck,Disable,Badge_2,,15
CeruleanCity_Jr_Trainer_2,CeruleanCity_Jr_Trainer_2_Psyduck_2,CERULEAN_CITY,ROUTE_25,Psyduck,Confusion,Badge_2,,15
Route25_Hiker_1,Route25_Hiker_1_Machop_1,ROUTE_25,ROUTE_25,Machop,Low Kick,Badge_2,,16
Route25_Hiker_1,Route25_Hiker_1_Machop_1,ROUTE_25,ROUTE_25,Machop,Leer,Badge_2,,16
Route25_Hiker_1,Route25_Hiker_1_Machop_1,ROUTE_25,ROUTE_25,Machop,Focus Energy,Badge_2,,16
Route25_Hiker_1,Route25_Hiker_1_Geodude_2,ROUTE_25,ROUTE_25,Geodude,Tackle,Badge_2,,16
Route25_Hiker_1,Route25_Hiker_1_Geodude_2,ROUTE_25,ROUTE_25,Geodude,Defense Curl,Badge_2,,16
Route25_Hiker_1,Route25_Hiker_1_Geodude_2,ROUTE_25,ROUTE_25,Geodude,Rock Throw,Badge_2,,16
Route25_Youngster_1,Route25_Youngster_1_Rattata_1,ROUTE_25,ROUTE_25,Rattata,Tail Whip,Badge_2,,16
Route25_Youngster_1,Route25_Youngster_1_Rattata_1,ROUTE_25,ROUTE_25,Rattata,Quick Attack,Badge_2,,16
Route25_Youngster_1,Route25_Youngster_1_Rattata_1,ROUTE_25,ROUTE_25,Rattata,Bite,Badge_2,,16
Route25_Youngster_1,Route25_Youngster_1_Rattata_1,ROUTE_25,ROUTE_25,Rattata,Hyper Fang,Badge_2,,16
Route25_Youngster_1,Route25_Youngster_1_Spearow_2,ROUTE_25,ROUTE_25,Spearow,Growl,Badge_2,,16
Route25_Youngster_1,Route25_Youngster_1_Spearow_2,ROUTE_25,ROUTE_25,Spearow,Leer,Badge_2,,16
Route25_Youngster_1,Route25_Youngster_1_Spearow_2,ROUTE_25,ROUTE_25,Spearow,Fury Attack,Badge_2,,16
Route25_Youngster_1,Route25_Youngster_1_Spearow_2,ROUTE_25,ROUTE_25,Spearow,Focus Energy,Badge_2,,16
Route25_Youngster_2,Route25_Youngster_2_Slowpoke_1,ROUTE_25,ROUTE_25,Slowpoke,Tackle,Badge_2,,17
Route25_Youngster_2,Route25_Youngster_2_Slowpoke_1,ROUTE_25,ROUTE_25,Slowpoke,Growl,Badge_2,,17
Route25_Youngster_2,Route25_Youngster_2_Slowpoke_1,ROUTE_25,ROUTE_25,Slowpoke,Water Gun,Badge_2,,17
Route25_Youngster_2,Route25_Youngster_2_Slowpoke_1,ROUTE_25,ROUTE_25,Slowpoke,Confusion,Badge_2,,17
Route25_Hiker_3,Route25_Hiker_3_Geodude_1,ROUTE_25,ROUTE_25,Geodude,Tackle,Badge_2,,15
Route25_Hiker_3,Route25_Hiker_3_Geodude_1,ROUTE_25,ROUTE_25,Geodude,Defense Curl,Badge_2,,15
Route25_Hiker_3,Route25_Hiker_3_Geodude_1,ROUTE_25,ROUTE_25,Geodude,Rock Throw,Badge_2,,15
Route25_Hiker_3,Route25_Hiker_3_Zubat_2,ROUTE_25,ROUTE_25,Zubat,Leech Life,Badge_2,,15
Route25_Hiker_3,Route25_Hiker_3_Zubat_2,ROUTE_25,ROUTE_25,Zubat,Supersonic,Badge_2,,15
Route25_Hiker_3,Route25_Hiker_3_Zubat_2,ROUTE_25,ROUTE_25,Zubat,Gust,Badge_2,,15
Route25_Hiker_3,Route25_Hiker_3_Zubat_2,ROUTE_25,ROUTE_25,Zubat,Bite,Badge_2,,15
Route25_Hiker_3,Route25_Hiker_3_Machop_3,ROUTE_25,ROUTE_25,Machop,Low Kick,Badge_2,,15
Route25_Hiker_3,Route25_Hiker_3_Machop_3,ROUTE_25,ROUTE_25,Machop,Leer,Badge_2,,15
Route25_Hiker_3,Route25_Hiker_3_Machop_3,ROUTE_25,ROUTE_25,Machop,Focus Energy,Badge_2,,15
Route25_Hiker_3,Route25_Hiker_3_Geodude_2,ROUTE_25,ROUTE_25,Geodude,Tackle,Badge_2,,15
Route25_Hiker_3,Route25_Hiker_3_Geodude_2,ROUTE_25,ROUTE_25,Geodude,Defense Curl,Badge_2,,15
Route25_Hiker_3,Route25_Hiker_3_Geodude_2,ROUTE_25,ROUTE_25,Geodude,Rock Throw,Badge_2,,15
Route25_Jr_Trainer_1,Route25_Jr_Trainer_1_Jigglypuff_1,ROUTE_25,ROUTE_25,Jigglypuff,Sing,Badge_2,,15
Route25_Jr_Trainer_1,Route25_Jr_Trainer_1_Jigglypuff_1,ROUTE_25,ROUTE_25,Jigglypuff,Pound,Badge_2,,15
Route25_Jr_Trainer_1,Route25_Jr_Trainer_1_Jigglypuff_1,ROUTE_25,ROUTE_25,Jigglypuff,Defense Curl,Badge_2,,15
Route25_Jr_Trainer_1,Route25_Jr_Trainer_1_Jigglypuff_1,ROUTE_25,ROUTE_25,Jigglypuff,Disable,Badge_2,,15
Route25_Jr_Trainer_1,Route25_Jr_Trainer_1_Psyduck_2,ROUTE_25,ROUTE_25,Psyduck,Scratch,Badge_2,,15
Route25_Jr_Trainer_1,Route25_Jr_Trainer_1_Psyduck_2,ROUTE_25,ROUTE_25,Psyduck,Disable,Badge_2,,15
Route25_Jr_Trainer_1,Route25_Jr_Trainer_1_Psyduck_2,ROUTE_25,ROUTE_25,Psyduck,Confusion,Badge_2,,15
Route25_Youngster_3,Route25_Youngster_3_Ekans_1,ROUTE_25,ROUTE_25,Ekans,Leer,Badge_2,,16
Route25_Youngster_3,Route25_Youngster_3_Ekans_1,ROUTE_25,ROUTE_25,Ekans,Poison Sting,Badge_2,,16
Route25_Youngster_3,Route25_Youngster_3_Ekans_1,ROUTE_25,ROUTE_25,Ekans,Bite,Badge_2,,16
Route25_Youngster_3,Route25_Youngster_3_Ekans_1,ROUTE_25,ROUTE_25,Ekans,Acid,Badge_2,,16
Route25_Youngster_3,Route25_Youngster_3_Sandshrew_2,ROUTE_25,ROUTE_25,Sandshrew,Poison Sting,Badge_2,,16
Route25_Youngster_3,Route25_Youngster_3_Sandshrew_2,ROUTE_25,ROUTE_25,Sandshrew,Fury Swipes,Badge_2,,16
Route25_Youngster_3,Route25_Youngster_3_Sandshrew_2,ROUTE_25,ROUTE_25,Sandshrew,Sand Attack,Badge_2,,16
Route25_Youngster_3,Route25_Youngster_3_Sandshrew_2,ROUTE_25,ROUTE_25,Sandshrew,Dig,Badge_2,,16
Route25_Lass_2,Route25_Lass_2_Oddish_1,ROUTE_25,ROUTE_25,Oddish,Poisonpowder,Badge_2,,16
Route25_Lass_2,Route25_Lass_2_Oddish_1,ROUTE_25,ROUTE_25,Oddish,Leech Seed,Badge_2,,16
Route25_Lass_2,Route25_Lass_2_Oddish_1,ROUTE_25,ROUTE_25,Oddish,Absorb,Badge_2,,16
Route25_Lass_2,Route25_Lass_2_Oddish_1,ROUTE_25,ROUTE_25,Oddish,Stun Spore,Badge_2,,16
Route25_Lass_2,Route25_Lass_2_Pidgey_2,ROUTE_25,ROUTE_25,Pidgey,Gust,Badge_2,,16
Route25_Lass_2,Route25_Lass_2_Pidgey_2,ROUTE_25,ROUTE_25,Pidgey,Sand Attack,Badge_2,,16
Route25_Lass_2,Route25_Lass_2_Pidgey_2,ROUTE_25,ROUTE_25,Pidgey,Quick Attack,Badge_2,,16
Route25_Lass_2,Route25_Lass_2_Oddish_2,ROUTE_25,ROUTE_25,Oddish,Poisonpowder,Badge_2,,16
Route25_Lass_2,Route25_Lass_2_Oddish_2,ROUTE_25,ROUTE_25,Oddish,Leech Seed,Badge_2,,16
Route25_Lass_2,Route25_Lass_2_Oddish_2,ROUTE_25,ROUTE_25,Oddish,Absorb,Badge_2,,16
Route25_Lass_2,Route25_Lass_2_Oddish_2,ROUTE_25,ROUTE_25,Oddish,Stun Spore,Badge_2,,16
Route6_Bug_Catcher_1,Route6_Bug_Catcher_1_Butterfree_1,ROUTE_6,ROUTE_6,Butterfree,Poisonpowder,Badge_3,,18
Route6_Bug_Catcher_1,Route6_Bug_Catcher_1_Butterfree_1,ROUTE_6,ROUTE_6,Butterfree,Stun Spore,Badge_3,,18
Route6_Bug_Catcher_1,Route6_Bug_Catcher_1_Butterfree_1,ROUTE_6,ROUTE_6,Butterfree,Sleep Powder,Badge_3,,18
Route6_Bug_Catcher_1,Route6_Bug_Catcher_1_Butterfree_1,ROUTE_6,ROUTE_6,Butterfree,Supersonic,Badge_3,,18
Route6_Bug_Catcher_1,Route6_Bug_Catcher_1_Beedrill_2,ROUTE_6,ROUTE_6,Beedrill,Pin Missile,Badge_3,,18
Route6_Bug_Catcher_1,Route6_Bug_Catcher_1_Beedrill_2,ROUTE_6,ROUTE_6,Beedrill,Rage,Badge_3,,18
Route6_Bug_Catcher_1,Route6_Bug_Catcher_1_Beedrill_2,ROUTE_6,ROUTE_6,Beedrill,Focus Energy,Badge_3,,18
Route6_Bug_Catcher_1,Route6_Bug_Catcher_1_Beedrill_2,ROUTE_6,ROUTE_6,Beedrill,Fury Attack,Badge_3,,18
Route6_Jr_Trainer_1,Route6_Jr_Trainer_1_Horsea_1,ROUTE_6,ROUTE_6,Horsea,Bubble,Badge_3,,16
Route6_Jr_Trainer_1,Route6_Jr_Trainer_1_Horsea_1,ROUTE_6,ROUTE_6,Horsea,Water Gun,Badge_3,,16
Route6_Jr_Trainer_1,Route6_Jr_Trainer_1_Horsea_1,ROUTE_6,ROUTE_6,Horsea,Smokescreen,Badge_3,,16
Route6_Jr_Trainer_1,Route6_Jr_Trainer_1_Bellsprout_2,ROUTE_6,ROUTE_6,Bellsprout,Growth,Badge_3,,16
Route6_Jr_Trainer_1,Route6_Jr_Trainer_1_Bellsprout_2,ROUTE_6,ROUTE_6,Bellsprout,Vine Whip,Badge_3,,16
Route6_Jr_Trainer_1,Route6_Jr_Trainer_1_Bellsprout_2,ROUTE_6,ROUTE_6,Bellsprout,Poisonpowder,Badge_3,,16
Route6_Jr_Trainer_2,Route6_Jr_Trainer_2_Seel_1,ROUTE_6,ROUTE_6,Seel,Headbutt,Badge_3,,19
Route6_Jr_Trainer_2,Route6_Jr_Trainer_2_Seel_1,ROUTE_6,ROUTE_6,Seel,Growl,Badge_3,,19
Route6_Jr_Trainer_2,Route6_Jr_Trainer_2_Seel_1,ROUTE_6,ROUTE_6,Seel,Water Gun,Badge_3,,19
Route6_Jr_Trainer_2,Route6_Jr_Trainer_2_Seel_1,ROUTE_6,ROUTE_6,Seel,Aurora Beam,Badge_3,,19
Route6_Bug_Catcher_2,Route6_Bug_Catcher_2_Venonat_1,ROUTE_6,ROUTE_6,Venonat,Disable,Badge_3,,18
Route6_Bug_Catcher_2,Route6_Bug_Catcher_2_Venonat_1,ROUTE_6,ROUTE_6,Venonat,Supersonic,Badge_3,,18
Route6_Bug_Catcher_2,Route6_Bug_Catcher_2_Venonat_1,ROUTE_6,ROUTE_6,Venonat,Leech Life,Badge_3,,18
Route6_Bug_Catcher_2,Route6_Bug_Catcher_2_Venonat_1,ROUTE_6,ROUTE_6,Venonat,Confusion,Badge_3,,18
Route6_Bug_Catcher_2,Route6_Bug_Catcher_2_Scyther_2,ROUTE_6,ROUTE_6,Scyther,Quick Attack,Badge_3,,18
Route6_Bug_Catcher_2,Route6_Bug_Catcher_2_Scyther_2,ROUTE_6,ROUTE_6,Scyther,Leer,Badge_3,,18
Route6_Bug_Catcher_2,Route6_Bug_Catcher_2_Scyther_2,ROUTE_6,ROUTE_6,Scyther,Focus Energy,Badge_3,,18
Route6_Bug_Catcher_2,Route6_Bug_Catcher_2_Scyther_2,ROUTE_6,ROUTE_6,Scyther,Cut,Badge_3,,18
Route6_Jr_Trainer_3,Route6_Jr_Trainer_3_Pidgey_1,ROUTE_6,ROUTE_6,Pidgey,Gust,Badge_3,,16
Route6_Jr_Trainer_3,Route6_Jr_Trainer_3_Pidgey_1,ROUTE_6,ROUTE_6,Pidgey,Sand Attack,Badge_3,,16
Route6_Jr_Trainer_3,Route6_Jr_Trainer_3_Pidgey_1,ROUTE_6,ROUTE_6,Pidgey,Quick Attack,Badge_3,,16
Route6_Jr_Trainer_3,Route6_Jr_Trainer_3_Spearow_2,ROUTE_6,ROUTE_6,Spearow,Growl,Badge_3,,16
Route6_Jr_Trainer_3,Route6_Jr_Trainer_3_Spearow_2,ROUTE_6,ROUTE_6,Spearow,Leer,Badge_3,,16
Route6_Jr_Trainer_3,Route6_Jr_Trainer_3_Spearow_2,ROUTE_6,ROUTE_6,Spearow,Fury Attack,Badge_3,,16
Route6_Jr_Trainer_3,Route6_Jr_Trainer_3_Spearow_2,ROUTE_6,ROUTE_6,Spearow,Focus Energy,Badge_3,,16
Route6_Jr_Trainer_3,Route6_Jr_Trainer_3_Pidgey_2,ROUTE_6,ROUTE_6,Pidgey,Gust,Badge_3,,16
Route6_Jr_Trainer_3,Route6_Jr_Trainer_3_Pidgey_2,ROUTE_6,ROUTE_6,Pidgey,Sand Attack,Badge_3,,16
Route6_Jr_Trainer_3,Route6_Jr_Trainer_3_Pidgey_2,ROUTE_6,ROUTE_6,Pidgey,Quick Attack,Badge_3,,16
Route6_Jr_Trainer_2,Route6_Jr_Trainer_2_Mankey_1,ROUTE_6,ROUTE_6,Mankey,Scratch,Badge_3,,17
Route6_Jr_Trainer_2,Route6_Jr_Trainer_2_Mankey_1,ROUTE_6,ROUTE_6,Mankey,Leer,Badge_3,,17
Route6_Jr_Trainer_2,Route6_Jr_Trainer_2_Mankey_1,ROUTE_6,ROUTE_6,Mankey,Low Kick,Badge_3,,17
Route6_Jr_Trainer_2,Route6_Jr_Trainer_2_Mankey_1,ROUTE_6,ROUTE_6,Mankey,Fury Swipes,Badge_3,,17
Route6_Jr_Trainer_2,Route6_Jr_Trainer_2_Raticate_2,ROUTE_6,ROUTE_6,Raticate,Tail Whip,Badge_3,,17
Route6_Jr_Trainer_2,Route6_Jr_Trainer_2_Raticate_2,ROUTE_6,ROUTE_6,Raticate,Quick Attack,Badge_3,,17
Route6_Jr_Trainer_2,Route6_Jr_Trainer_2_Raticate_2,ROUTE_6,ROUTE_6,Raticate,Bite,Badge_3,,17
Route6_Jr_Trainer_2,Route6_Jr_Trainer_2_Raticate_2,ROUTE_6,ROUTE_6,Raticate,Hyper Fang,Badge_3,,17
SSAnne1F_Gentlemen_1,SSAnne1F_Gentlemen_1_Magnemite_1,SS_ANNE_1F,ROUTE_6,Magnemite,Tackle,Badge_3,,18
SSAnne1F_Gentlemen_1,SSAnne1F_Gentlemen_1_Magnemite_1,SS_ANNE_1F,ROUTE_6,Magnemite,Thundershock,Badge_3,,18
SSAnne1F_Gentlemen_1,SSAnne1F_Gentlemen_1_Magnemite_1,SS_ANNE_1F,ROUTE_6,Magnemite,Supersonic,Badge_3,,18
SSAnne1F_Gentlemen_1,SSAnne1F_Gentlemen_1_Magnemite_1,SS_ANNE_1F,ROUTE_6,Magnemite,Sonicboom,Badge_3,,18
SSAnne1F_Gentlemen_1,SSAnne1F_Gentlemen_1_Magnemite_2,SS_ANNE_1F,ROUTE_6,Magnemite,Tackle,Badge_3,,18
SSAnne1F_Gentlemen_1,SSAnne1F_Gentlemen_1_Magnemite_2,SS_ANNE_1F,ROUTE_6,Magnemite,Thundershock,Badge_3,,18
SSAnne1F_Gentlemen_1,SSAnne1F_Gentlemen_1_Magnemite_2,SS_ANNE_1F,ROUTE_6,Magnemite,Supersonic,Badge_3,,18
SSAnne1F_Gentlemen_1,SSAnne1F_Gentlemen_1_Magnemite_2,SS_ANNE_1F,ROUTE_6,Magnemite,Sonicboom,Badge_3,,18
SSAnne1F_Gentlemen_2,SSAnne1F_Gentlemen_2_Nidoran_m_1,SS_ANNE_1F,ROUTE_6,Nidoran_m,Tackle,Badge_3,,19
SSAnne1F_Gentlemen_2,SSAnne1F_Gentlemen_2_Nidoran_m_1,SS_ANNE_1F,ROUTE_6,Nidoran_m,Poison Sting,Badge_3,,19
SSAnne1F_Gentlemen_2,SSAnne1F_Gentlemen_2_Nidoran_m_1,SS_ANNE_1F,ROUTE_6,Nidoran_m,Horn Attack,Badge_3,,19
SSAnne1F_Gentlemen_2,SSAnne1F_Gentlemen_2_Nidoran_m_1,SS_ANNE_1F,ROUTE_6,Nidoran_m,Double Kick,Badge_3,,19
SSAnne1F_Gentlemen_2,SSAnne1F_Gentlemen_2_Nidoran_f_2,SS_ANNE_1F,ROUTE_6,Nidoran_f,Tackle,Badge_3,,19
SSAnne1F_Gentlemen_2,SSAnne1F_Gentlemen_2_Nidoran_f_2,SS_ANNE_1F,ROUTE_6,Nidoran_f,Poison Sting,Badge_3,,19
SSAnne1F_Gentlemen_2,SSAnne1F_Gentlemen_2_Nidoran_f_2,SS_ANNE_1F,ROUTE_6,Nidoran_f,Bite,Badge_3,,19
SSAnne1F_Gentlemen_2,SSAnne1F_Gentlemen_2_Nidoran_f_2,SS_ANNE_1F,ROUTE_6,Nidoran_f,Double Kick,Badge_3,,19
SSAnne1F_Lass_1,SSAnne1F_Lass_1_Pidgey_1,SS_ANNE_1F,ROUTE_6,Pidgey,Gust,Badge_3,,18
SSAnne1F_Lass_1,SSAnne1F_Lass_1_Pidgey_1,SS_ANNE_1F,ROUTE_6,Pidgey,Sand Attack,Badge_3,,18
SSAnne1F_Lass_1,SSAnne1F_Lass_1_Pidgey_1,SS_ANNE_1F,ROUTE_6,Pidgey,Quick Attack,Badge_3,,18
SSAnne1F_Lass_1,SSAnne1F_Lass_1_Nidorina_2,SS_ANNE_1F,ROUTE_6,Nidorina,Scratch,Badge_3,,18
SSAnne1F_Lass_1,SSAnne1F_Lass_1_Nidorina_2,SS_ANNE_1F,ROUTE_6,Nidorina,Poison Sting,Badge_3,,18
SSAnne1F_Lass_1,SSAnne1F_Lass_1_Nidorina_2,SS_ANNE_1F,ROUTE_6,Nidorina,Bite,Badge_3,,18
SSAnne1F_Lass_1,SSAnne1F_Lass_1_Nidorina_2,SS_ANNE_1F,ROUTE_6,Nidorina,Double Kick,Badge_3,,18
SSAnne1F_Youngster_1,SSAnne1F_Youngster_1_Nidorino_1,SS_ANNE_1F,ROUTE_6,Nidorino,Horn Attack,Badge_3,,21
SSAnne1F_Youngster_1,SSAnne1F_Youngster_1_Nidorino_1,SS_ANNE_1F,ROUTE_6,Nidorino,Double Kick,Badge_3,,21
SSAnne1F_Youngster_1,SSAnne1F_Youngster_1_Nidorino_1,SS_ANNE_1F,ROUTE_6,Nidorino,Poison Sting,Badge_3,,21
SSAnne1F_Youngster_1,SSAnne1F_Youngster_1_Nidorino_1,SS_ANNE_1F,ROUTE_6,Nidorino,Bite,Badge_3,,21
SSAnneB1F_Sailor_1,SSAnneB1F_Sailor_1_Horsea_1,SS_ANNE_B1F,ROUTE_6,Horsea,Bubble,Badge_3,,18
SSAnneB1F_Sailor_1,SSAnneB1F_Sailor_1_Horsea_1,SS_ANNE_B1F,ROUTE_6,Horsea,Water Gun,Badge_3,,18
SSAnneB1F_Sailor_1,SSAnneB1F_Sailor_1_Horsea_1,SS_ANNE_B1F,ROUTE_6,Horsea,Smokescreen,Badge_3,,18
SSAnneB1F_Sailor_1,SSAnneB1F_Sailor_1_Horsea_1,SS_ANNE_B1F,ROUTE_6,Horsea,Leer,Badge_3,,18
SSAnneB1F_Sailor_1,SSAnneB1F_Sailor_1_Magnemite_2,SS_ANNE_B1F,ROUTE_6,Magnemite,Tackle,Badge_3,,18
SSAnneB1F_Sailor_1,SSAnneB1F_Sailor_1_Magnemite_2,SS_ANNE_B1F,ROUTE_6,Magnemite,Thundershock,Badge_3,,18
SSAnneB1F_Sailor_1,SSAnneB1F_Sailor_1_Magnemite_2,SS_ANNE_B1F,ROUTE_6,Magnemite,Supersonic,Badge_3,,18
SSAnneB1F_Sailor_1,SSAnneB1F_Sailor_1_Magnemite_2,SS_ANNE_B1F,ROUTE_6,Magnemite,Sonicboom,Badge_3,,18
SSAnneB1F_Sailor_1,SSAnneB1F_Sailor_1_Tentacool_3,SS_ANNE_B1F,ROUTE_6,Tentacool,Bubble,Badge_3,,18
SSAnneB1F_Sailor_1,SSAnneB1F_Sailor_1_Tentacool_3,SS_ANNE_B1F,ROUTE_6,Tentacool,Supersonic,Badge_3,,18
SSAnneB1F_Sailor_1,SSAnneB1F_Sailor_1_Tentacool_3,SS_ANNE_B1F,ROUTE_6,Tentacool,Water Gun,Badge_3,,18
SSAnneB1F_Sailor_1,SSAnneB1F_Sailor_1_Tentacool_3,SS_ANNE_B1F,ROUTE_6,Tentacool,Acid,Badge_3,,18
SSAnneB1F_Sailor_2,SSAnneB1F_Sailor_2_Magnemite_1,SS_ANNE_B1F,ROUTE_6,Magnemite,Thundershock,Badge_3,,21
SSAnneB1F_Sailor_2,SSAnneB1F_Sailor_2_Magnemite_1,SS_ANNE_B1F,ROUTE_6,Magnemite,Supersonic,Badge_3,,21
SSAnneB1F_Sailor_2,SSAnneB1F_Sailor_2_Magnemite_1,SS_ANNE_B1F,ROUTE_6,Magnemite,Sonicboom,Badge_3,,21
SSAnneB1F_Sailor_2,SSAnneB1F_Sailor_2_Magnemite_1,SS_ANNE_B1F,ROUTE_6,Magnemite,Thunder Wave,Badge_3,,21
SSAnneB1F_Sailor_3,SSAnneB1F_Sailor_3_Horsea_1,SS_ANNE_B1F,ROUTE_6,Horsea,Bubble,Badge_3,,18
SSAnneB1F_Sailor_3,SSAnneB1F_Sailor_3_Horsea_1,SS_ANNE_B1F,ROUTE_6,Horsea,Water Gun,Badge_3,,18
SSAnneB1F_Sailor_3,SSAnneB1F_Sailor_3_Horsea_1,SS_ANNE_B1F,ROUTE_6,Horsea,Smokescreen,Badge_3,,18
SSAnneB1F_Sailor_3,SSAnneB1F_Sailor_3_Horsea_1,SS_ANNE_B1F,ROUTE_6,Horsea,Leer,Badge_3,,18
SSAnneB1F_Sailor_3,SSAnneB1F_Sailor_3_Staryu_2,SS_ANNE_B1F,ROUTE_6,Staryu,Tackle,Badge_3,,18
SSAnneB1F_Sailor_3,SSAnneB1F_Sailor_3_Staryu_2,SS_ANNE_B1F,ROUTE_6,Staryu,Water Gun,Badge_3,,18
SSAnneB1F_Sailor_3,SSAnneB1F_Sailor_3_Staryu_2,SS_ANNE_B1F,ROUTE_6,Staryu,Confusion,Badge_3,,18
SSAnneB1F_Sailor_3,SSAnneB1F_Sailor_3_Staryu_2,SS_ANNE_B1F,ROUTE_6,Staryu,Swift,Badge_3,,18
SSAnneB1F_Sailor_3,SSAnneB1F_Sailor_3_Krabby_3,SS_ANNE_B1F,ROUTE_6,Krabby,Bubble,Badge_3,,18
SSAnneB1F_Sailor_3,SSAnneB1F_Sailor_3_Krabby_3,SS_ANNE_B1F,ROUTE_6,Krabby,Leer,Badge_3,,18
SSAnneB1F_Sailor_4,SSAnneB1F_Sailor_4_Krabby_1,SS_ANNE_B1F,ROUTE_6,Krabby,Bubble,Badge_3,,19
SSAnneB1F_Sailor_4,SSAnneB1F_Sailor_4_Krabby_1,SS_ANNE_B1F,ROUTE_6,Krabby,Leer,Badge_3,,19
SSAnneB1F_Sailor_4,SSAnneB1F_Sailor_4_Staryu_2,SS_ANNE_B1F,ROUTE_6,Staryu,Tackle,Badge_3,,19
SSAnneB1F_Sailor_4,SSAnneB1F_Sailor_4_Staryu_2,SS_ANNE_B1F,ROUTE_6,Staryu,Water Gun,Badge_3,,19
SSAnneB1F_Sailor_4,SSAnneB1F_Sailor_4_Staryu_2,SS_ANNE_B1F,ROUTE_6,Staryu,Confusion,Badge_3,,19
SSAnneB1F_Sailor_4,SSAnneB1F_Sailor_4_Staryu_2,SS_ANNE_B1F,ROUTE_6,Staryu,Swift,Badge_3,,19
SSAnneB1F_Fisherman_1,SSAnneB1F_Fisherman_1_Tentacool_1,SS_ANNE_B1F,ROUTE_6,Tentacool,Bubble,Badge_3,,18
SSAnneB1F_Fisherman_1,SSAnneB1F_Fisherman_1_Tentacool_1,SS_ANNE_B1F,ROUTE_6,Tentacool,Supersonic,Badge_3,,18
SSAnneB1F_Fisherman_1,SSAnneB1F_Fisherman_1_Tentacool_1,SS_ANNE_B1F,ROUTE_6,Tentacool,Water Gun,Badge_3,,18
SSAnneB1F_Fisherman_1,SSAnneB1F_Fisherman_1_Tentacool_1,SS_ANNE_B1F,ROUTE_6,Tentacool,Acid,Badge_3,,18
SSAnneB1F_Fisherman_1,SSAnneB1F_Fisherman_1_Staryu_2,SS_ANNE_B1F,ROUTE_6,Staryu,Tackle,Badge_3,,18
SSAnneB1F_Fisherman_1,SSAnneB1F_Fisherman_1_Staryu_2,SS_ANNE_B1F,ROUTE_6,Staryu,Water Gun,Badge_3,,18
SSAnneB1F_Fisherman_1,SSAnneB1F_Fisherman_1_Staryu_2,SS_ANNE_B1F,ROUTE_6,Staryu,Confusion,Badge_3,,18
SSAnneB1F_Fisherman_1,SSAnneB1F_Fisherman_1_Staryu_2,SS_ANNE_B1F,ROUTE_6,Staryu,Swift,Badge_3,,18
SSAnneB1F_Fisherman_1,SSAnneB1F_Fisherman_1_Magnemite_3,SS_ANNE_B1F,ROUTE_6,Magnemite,Tackle,Badge_3,,18
SSAnneB1F_Fisherman_1,SSAnneB1F_Fisherman_1_Magnemite_3,SS_ANNE_B1F,ROUTE_6,Magnemite,Thundershock,Badge_3,,18
SSAnneB1F_Fisherman_1,SSAnneB1F_Fisherman_1_Magnemite_3,SS_ANNE_B1F,ROUTE_6,Magnemite,Supersonic,Badge_3,,18
SSAnneB1F_Fisherman_1,SSAnneB1F_Fisherman_1_Magnemite_3,SS_ANNE_B1F,ROUTE_6,Magnemite,Sonicboom,Badge_3,,18
SSAnneB1F_Sailor_5,SSAnneB1F_Sailor_5_Machop_1,SS_ANNE_B1F,ROUTE_6,Machop,Low Kick,Badge_3,,20
SSAnneB1F_Sailor_5,SSAnneB1F_Sailor_5_Machop_1,SS_ANNE_B1F,ROUTE_6,Machop,Leer,Badge_3,,20
SSAnneB1F_Sailor_5,SSAnneB1F_Sailor_5_Machop_1,SS_ANNE_B1F,ROUTE_6,Machop,Focus Energy,Badge_3,,20
SSAnneB1F_Sailor_5,SSAnneB1F_Sailor_5_Machop_1,SS_ANNE_B1F,ROUTE_6,Machop,Seismic Toss,Badge_3,,20
SSAnneB1F_Fisherman_2,SSAnneB1F_Fisherman_2_Goldeen_1,SS_ANNE_B1F,ROUTE_6,Goldeen,Supersonic,Badge_3,,18
SSAnneB1F_Fisherman_2,SSAnneB1F_Fisherman_2_Goldeen_1,SS_ANNE_B1F,ROUTE_6,Goldeen,Water Gun,Badge_3,,18
SSAnneB1F_Fisherman_2,SSAnneB1F_Fisherman_2_Goldeen_1,SS_ANNE_B1F,ROUTE_6,Goldeen,Horn Attack,Badge_3,,18
SSAnneB1F_Fisherman_2,SSAnneB1F_Fisherman_2_Goldeen_1,SS_ANNE_B1F,ROUTE_6,Goldeen,Waterfall,Badge_3,,18
SSAnneB1F_Fisherman_2,SSAnneB1F_Fisherman_2_Tentacool_2,SS_ANNE_B1F,ROUTE_6,Tentacool,Bubble,Badge_3,,18
SSAnneB1F_Fisherman_2,SSAnneB1F_Fisherman_2_Tentacool_2,SS_ANNE_B1F,ROUTE_6,Tentacool,Supersonic,Badge_3,,18
SSAnneB1F_Fisherman_2,SSAnneB1F_Fisherman_2_Tentacool_2,SS_ANNE_B1F,ROUTE_6,Tentacool,Water Gun,Badge_3,,18
SSAnneB1F_Fisherman_2,SSAnneB1F_Fisherman_2_Tentacool_2,SS_ANNE_B1F,ROUTE_6,Tentacool,Acid,Badge_3,,18
SSAnneB1F_Fisherman_2,SSAnneB1F_Fisherman_2_Goldeen_2,SS_ANNE_B1F,ROUTE_6,Goldeen,Supersonic,Badge_3,,18
SSAnneB1F_Fisherman_2,SSAnneB1F_Fisherman_2_Goldeen_2,SS_ANNE_B1F,ROUTE_6,Goldeen,Water Gun,Badge_3,,18
SSAnneB1F_Fisherman_2,SSAnneB1F_Fisherman_2_Goldeen_2,SS_ANNE_B1F,ROUTE_6,Goldeen,Horn Attack,Badge_3,,18
SSAnneB1F_Fisherman_2,SSAnneB1F_Fisherman_2_Goldeen_2,SS_ANNE_B1F,ROUTE_6,Goldeen,Waterfall,Badge_3,,18
SSAnneB1F_Gentlemen_3,SSAnneB1F_Gentlemen_3_Ekans_1,SS_ANNE_B1F,ROUTE_6,Ekans,Poison Sting,Badge_3,,22
SSAnneB1F_Gentlemen_3,SSAnneB1F_Gentlemen_3_Ekans_1,SS_ANNE_B1F,ROUTE_6,Ekans,Bite,Badge_3,,22
SSAnneB1F_Gentlemen_3,SSAnneB1F_Gentlemen_3_Ekans_1,SS_ANNE_B1F,ROUTE_6,Ekans,Acid,Badge_3,,22
SSAnneB1F_Gentlemen_3,SSAnneB1F_Gentlemen_3_Ekans_1,SS_ANNE_B1F,ROUTE_6,Ekans,Substitute,Badge_3,,22
SSAnneB1F_Gentlemen_3,SSAnneB1F_Gentlemen_3_Shellder_2,SS_ANNE_B1F,ROUTE_6,Shellder,Water Gun,Badge_3,,22
SSAnneB1F_Gentlemen_3,SSAnneB1F_Gentlemen_3_Shellder_2,SS_ANNE_B1F,ROUTE_6,Shellder,Supersonic,Badge_3,,22
SSAnneB1F_Gentlemen_3,SSAnneB1F_Gentlemen_3_Shellder_2,SS_ANNE_B1F,ROUTE_6,Shellder,Leer,Badge_3,,22
SSAnneB1F_Gentlemen_3,SSAnneB1F_Gentlemen_3_Shellder_2,SS_ANNE_B1F,ROUTE_6,Shellder,Aurora Beam,Badge_3,,22
SSAnne2F_Gentlemen_4,SSAnne2F_Gentlemen_4_Magnemite_1,SS_ANNE_2F,ROUTE_6,Magnemite,Tackle,Badge_3,,18
SSAnne2F_Gentlemen_4,SSAnne2F_Gentlemen_4_Magnemite_1,SS_ANNE_2F,ROUTE_6,Magnemite,Thundershock,Badge_3,,18
SSAnne2F_Gentlemen_4,SSAnne2F_Gentlemen_4_Magnemite_1,SS_ANNE_2F,ROUTE_6,Magnemite,Supersonic,Badge_3,,18
SSAnne2F_Gentlemen_4,SSAnne2F_Gentlemen_4_Magnemite_1,SS_ANNE_2F,ROUTE_6,Magnemite,Sonicboom,Badge_3,,18
SSAnne2F_Gentlemen_4,SSAnne2F_Gentlemen_4_Ponyta_2,SS_ANNE_2F,ROUTE_6,Ponyta,Ember,Badge_3,,18
SSAnne2F_Lass_2,SSAnne2F_Lass_2_Jigglypuff_1,SS_ANNE_2F,ROUTE_6,Jigglypuff,Pound,Badge_3,,21
SSAnne2F_Lass_2,SSAnne2F_Lass_2_Jigglypuff_1,SS_ANNE_2F,ROUTE_6,Jigglypuff,Defense Curl,Badge_3,,21
SSAnne2F_Lass_2,SSAnne2F_Lass_2_Jigglypuff_1,SS_ANNE_2F,ROUTE_6,Jigglypuff,Disable,Badge_3,,21
SSAnne2F_Lass_2,SSAnne2F_Lass_2_Jigglypuff_1,SS_ANNE_2F,ROUTE_6,Jigglypuff,Doubleslap,Badge_3,,21
SSAnne2F_Sailor_6,SSAnne2F_Sailor_6_Machop_1,SS_ANNE_2F,ROUTE_6,Machop,Low Kick,Badge_3,,18
SSAnne2F_Sailor_6,SSAnne2F_Sailor_6_Machop_1,SS_ANNE_2F,ROUTE_6,Machop,Leer,Badge_3,,18
SSAnne2F_Sailor_6,SSAnne2F_Sailor_6_Machop_1,SS_ANNE_2F,ROUTE_6,Machop,Focus Energy,Badge_3,,18
SSAnne2F_Sailor_6,SSAnne2F_Sailor_6_Tentacool_2,SS_ANNE_2F,ROUTE_6,Tentacool,Bubble,Badge_3,,18
SSAnne2F_Sailor_6,SSAnne2F_Sailor_6_Tentacool_2,SS_ANNE_2F,ROUTE_6,Tentacool,Supersonic,Badge_3,,18
SSAnne2F_Sailor_6,SSAnne2F_Sailor_6_Tentacool_2,SS_ANNE_2F,ROUTE_6,Tentacool,Water Gun,Badge_3,,18
SSAnne2F_Sailor_6,SSAnne2F_Sailor_6_Tentacool_2,SS_ANNE_2F,ROUTE_6,Tentacool,Acid,Badge_3,,18
SSAnne2F_Sailor_7,SSAnne2F_Sailor_7_Machop_1,SS_ANNE_2F,ROUTE_6,Machop,Low Kick,Badge_3,,19
SSAnne2F_Sailor_7,SSAnne2F_Sailor_7_Machop_1,SS_ANNE_2F,ROUTE_6,Machop,Leer,Badge_3,,19
SSAnne2F_Sailor_7,SSAnne2F_Sailor_7_Machop_1,SS_ANNE_2F,ROUTE_6,Machop,Focus Energy,Badge_3,,19
SSAnne2F_Sailor_7,SSAnne2F_Sailor_7_Machop_1,SS_ANNE_2F,ROUTE_6,Machop,Seismic Toss,Badge_3,,19
SSAnne2F_Sailor_7,SSAnne2F_Sailor_7_Krabby_2,SS_ANNE_2F,ROUTE_6,Krabby,Bubble,Badge_3,,19
SSAnne2F_Sailor_7,SSAnne2F_Sailor_7_Krabby_2,SS_ANNE_2F,ROUTE_6,Krabby,Leer,Badge_3,,19
VermilionCity_Sailor_1,VermilionCity_Sailor_1_Shellder_1,VERMILION_CITY,ROUTE_6,Shellder,Water Gun,Badge_3,,24
VermilionCity_Sailor_1,VermilionCity_Sailor_1_Shellder_1,VERMILION_CITY,ROUTE_6,Shellder,Supersonic,Badge_3,,24
VermilionCity_Sailor_1,VermilionCity_Sailor_1_Shellder_1,VERMILION_CITY,ROUTE_6,Shellder,Leer,Badge_3,,24
VermilionCity_Sailor_1,VermilionCity_Sailor_1_Shellder_1,VERMILION_CITY,ROUTE_6,Shellder,Aurora Beam,Badge_3,,24
VermilionCity_Rocker_1,VermilionCity_Rocker_1_Ekans_1,VERMILION_CITY,ROUTE_6,Ekans,Leer,Badge_3,,21
VermilionCity_Rocker_1,VermilionCity_Rocker_1_Ekans_1,VERMILION_CITY,ROUTE_6,Ekans,Poison Sting,Badge_3,,21
VermilionCity_Rocker_1,VermilionCity_Rocker_1_Ekans_1,VERMILION_CITY,ROUTE_6,Ekans,Bite,Badge_3,,21
VermilionCity_Rocker_1,VermilionCity_Rocker_1_Ekans_1,VERMILION_CITY,ROUTE_6,Ekans,Acid,Badge_3,,21
VermilionCity_Rocker_1,VermilionCity_Rocker_1_Ekans_2,VERMILION_CITY,ROUTE_6,Ekans,Leer,Badge_3,,21
VermilionCity_Rocker_1,VermilionCity_Rocker_1_Ekans_2,VERMILION_CITY,ROUTE_6,Ekans,Poison Sting,Badge_3,,21
VermilionCity_Rocker_1,VermilionCity_Rocker_1_Ekans_2,VERMILION_CITY,ROUTE_6,Ekans,Bite,Badge_3,,21
VermilionCity_Rocker_1,VermilionCity_Rocker_1_Ekans_2,VERMILION_CITY,ROUTE_6,Ekans,Acid,Badge_3,,21
VermilionCity_Rocker_1,VermilionCity_Rocker_1_Ekans_3,VERMILION_CITY,ROUTE_6,Ekans,Leer,Badge_3,,21
VermilionCity_Rocker_1,VermilionCity_Rocker_1_Ekans_3,VERMILION_CITY,ROUTE_6,Ekans,Poison Sting,Badge_3,,21
VermilionCity_Rocker_1,VermilionCity_Rocker_1_Ekans_3,VERMILION_CITY,ROUTE_6,Ekans,Bite,Badge_3,,21
VermilionCity_Rocker_1,VermilionCity_Rocker_1_Ekans_3,VERMILION_CITY,ROUTE_6,Ekans,Acid,Badge_3,,21
VermilionCity_Gentlemen_1,VermilionCity_Gentlemen_1_Ekans_1,VERMILION_CITY,ROUTE_6,Ekans,Poison Sting,Badge_3,,22
VermilionCity_Gentlemen_1,VermilionCity_Gentlemen_1_Ekans_1,VERMILION_CITY,ROUTE_6,Ekans,Bite,Badge_3,,22
VermilionCity_Gentlemen_1,VermilionCity_Gentlemen_1_Ekans_1,VERMILION_CITY,ROUTE_6,Ekans,Acid,Badge_3,,22
VermilionCity_Gentlemen_1,VermilionCity_Gentlemen_1_Ekans_1,VERMILION_CITY,ROUTE_6,Ekans,Substitute,Badge_3,,22
VermilionCity_Gentlemen_1,VermilionCity_Gentlemen_1_Shellder_2,VERMILION_CITY,ROUTE_6,Shellder,Water Gun,Badge_3,,22
VermilionCity_Gentlemen_1,VermilionCity_Gentlemen_1_Shellder_2,VERMILION_CITY,ROUTE_6,Shellder,Supersonic,Badge_3,,22
VermilionCity_Gentlemen_1,VermilionCity_Gentlemen_1_Shellder_2,VERMILION_CITY,ROUTE_6,Shellder,Leer,Badge_3,,22
VermilionCity_Gentlemen_1,VermilionCity_Gentlemen_1_Shellder_2,VERMILION_CITY,ROUTE_6,Shellder,Aurora Beam,Badge_3,,22
VermilionCity_Gambler_1,VermilionCity_Gambler_1_Poliwag_1,VERMILION_CITY,ROUTE_6,Poliwag,Doubleslap,Badge_3,,19
VermilionCity_Gambler_1,VermilionCity_Gambler_1_Poliwag_1,VERMILION_CITY,ROUTE_6,Poliwag,Mist,Badge_3,,19
VermilionCity_Gambler_1,VermilionCity_Gambler_1_Poliwag_1,VERMILION_CITY,ROUTE_6,Poliwag,Bubble,Badge_3,,19
VermilionCity_Gambler_1,VermilionCity_Gambler_1_Poliwag_1,VERMILION_CITY,ROUTE_6,Poliwag,Water Gun,Badge_3,,19
VermilionCity_Gambler_1,VermilionCity_Gambler_1_Horsea_2,VERMILION_CITY,ROUTE_6,Horsea,Bubble,Badge_3,,19
VermilionCity_Gambler_1,VermilionCity_Gambler_1_Horsea_2,VERMILION_CITY,ROUTE_6,Horsea,Water Gun,Badge_3,,19
VermilionCity_Gambler_1,VermilionCity_Gambler_1_Horsea_2,VERMILION_CITY,ROUTE_6,Horsea,Smokescreen,Badge_3,,19
VermilionCity_Gambler_1,VermilionCity_Gambler_1_Horsea_2,VERMILION_CITY,ROUTE_6,Horsea,Leer,Badge_3,,19
VermilionCity_Youngster_1,VermilionCity_Youngster_1_Ekans_1,VERMILION_CITY,ROUTE_6,Ekans,Leer,Badge_3,,21
VermilionCity_Youngster_1,VermilionCity_Youngster_1_Ekans_1,VERMILION_CITY,ROUTE_6,Ekans,Poison Sting,Badge_3,,21
VermilionCity_Youngster_1,VermilionCity_Youngster_1_Ekans_1,VERMILION_CITY,ROUTE_6,Ekans,Bite,Badge_3,,21
VermilionCity_Youngster_1,VermilionCity_Youngster_1_Ekans_1,VERMILION_CITY,ROUTE_6,Ekans,Acid,Badge_3,,21
VermilionCity_Youngster_2,VermilionCity_Youngster_2_Sandshrew_1,VERMILION_CITY,ROUTE_6,Sandshrew,Fury Swipes,Badge_3,,19
VermilionCity_Youngster_2,VermilionCity_Youngster_2_Sandshrew_1,VERMILION_CITY,ROUTE_6,Sandshrew,Sand Attack,Badge_3,,19
VermilionCity_Youngster_2,VermilionCity_Youngster_2_Sandshrew_1,VERMILION_CITY,ROUTE_6,Sandshrew,Dig,Badge_3,,19
VermilionCity_Youngster_2,VermilionCity_Youngster_2_Sandshrew_1,VERMILION_CITY,ROUTE_6,Sandshrew,Swift,Badge_3,,19
VermilionCity_Youngster_2,VermilionCity_Youngster_2_Zubat_2,VERMILION_CITY,ROUTE_6,Zubat,Supersonic,Badge_3,,19
VermilionCity_Youngster_2,VermilionCity_Youngster_2_Zubat_2,VERMILION_CITY,ROUTE_6,Zubat,Gust,Badge_3,,19
VermilionCity_Youngster_2,VermilionCity_Youngster_2_Zubat_2,VERMILION_CITY,ROUTE_6,Zubat,Bite,Badge_3,,19
VermilionCity_Youngster_2,VermilionCity_Youngster_2_Zubat_2,VERMILION_CITY,ROUTE_6,Zubat,Confuse Ray,Badge_3,,19
VermilionCity_Youngster_3,VermilionCity_Youngster_3_Nidoran_m_1,VERMILION_CITY,ROUTE_6,Nidoran_m,Tackle,Badge_3,,18
VermilionCity_Youngster_3,VermilionCity_Youngster_3_Nidoran_m_1,VERMILION_CITY,ROUTE_6,Nidoran_m,Poison Sting,Badge_3,,18
VermilionCity_Youngster_3,VermilionCity_Youngster_3_Nidoran_m_1,VERMILION_CITY,ROUTE_6,Nidoran_m,Horn Attack,Badge_3,,18
VermilionCity_Youngster_3,VermilionCity_Youngster_3_Nidoran_m_1,VERMILION_CITY,ROUTE_6,Nidoran_m,Double Kick,Badge_3,,18
VermilionCity_Youngster_3,VermilionCity_Youngster_3_Nidorino_2,VERMILION_CITY,ROUTE_6,Nidorino,Leer,Badge_3,,18
VermilionCity_Youngster_3,VermilionCity_Youngster_3_Nidorino_2,VERMILION_CITY,ROUTE_6,Nidorino,Tackle,Badge_3,,18
VermilionCity_Youngster_3,VermilionCity_Youngster_3_Nidorino_2,VERMILION_CITY,ROUTE_6,Nidorino,Horn Attack,Badge_3,,18
VermilionCity_Youngster_3,VermilionCity_Youngster_3_Nidorino_2,VERMILION_CITY,ROUTE_6,Nidorino,Double Kick,Badge_3,,18
VermilionCity_Gambler_2,VermilionCity_Gambler_2_Bellsprout_1,VERMILION_CITY,ROUTE_6,Bellsprout,Growth,Badge_3,,19
VermilionCity_Gambler_2,VermilionCity_Gambler_2_Bellsprout_1,VERMILION_CITY,ROUTE_6,Bellsprout,Vine Whip,Badge_3,,19
VermilionCity_Gambler_2,VermilionCity_Gambler_2_Bellsprout_1,VERMILION_CITY,ROUTE_6,Bellsprout,Poisonpowder,Badge_3,,19
VermilionCity_Gambler_2,VermilionCity_Gambler_2_Oddish_2,VERMILION_CITY,ROUTE_6,Oddish,Poisonpowder,Badge_3,,19
VermilionCity_Gambler_2,VermilionCity_Gambler_2_Oddish_2,VERMILION_CITY,ROUTE_6,Oddish,Leech Seed,Badge_3,,19
VermilionCity_Gambler_2,VermilionCity_Gambler_2_Oddish_2,VERMILION_CITY,ROUTE_6,Oddish,Absorb,Badge_3,,19
VermilionCity_Gambler_2,VermilionCity_Gambler_2_Oddish_2,VERMILION_CITY,ROUTE_6,Oddish,Stun Spore,Badge_3,,19
VermilionCity_Gambler_3,VermilionCity_Gambler_3_Magnemite_1,VERMILION_CITY,ROUTE_6,Magnemite,Tackle,Badge_3,,19
VermilionCity_Gambler_3,VermilionCity_Gambler_3_Magnemite_1,VERMILION_CITY,ROUTE_6,Magnemite,Thundershock,Badge_3,,19
VermilionCity_Gambler_3,VermilionCity_Gambler_3_Magnemite_1,VERMILION_CITY,ROUTE_6,Magnemite,Supersonic,Badge_3,,19
VermilionCity_Gambler_3,VermilionCity_Gambler_3_Magnemite_1,VERMILION_CITY,ROUTE_6,Magnemite,Sonicboom,Badge_3,,19
VermilionCity_Gambler_3,VermilionCity_Gambler_3_Shellder_2,VERMILION_CITY,ROUTE_6,Shellder,Withdraw,Badge_3,,19
VermilionCity_Gambler_3,VermilionCity_Gambler_3_Shellder_2,VERMILION_CITY,ROUTE_6,Shellder,Water Gun,Badge_3,,19
VermilionCity_Gambler_3,VermilionCity_Gambler_3_Shellder_2,VERMILION_CITY,ROUTE_6,Shellder,Supersonic,Badge_3,,19
VermilionCity_Gambler_3,VermilionCity_Gambler_3_Shellder_2,VERMILION_CITY,ROUTE_6,Shellder,Leer,Badge_3,,19
VermilionCity_Youngster_4,VermilionCity_Youngster_4_Rattata_1,VERMILION_CITY,ROUTE_6,Rattata,Tail Whip,Badge_3,,17
VermilionCity_Youngster_4,VermilionCity_Youngster_4_Rattata_1,VERMILION_CITY,ROUTE_6,Rattata,Quick Attack,Badge_3,,17
VermilionCity_Youngster_4,VermilionCity_Youngster_4_Rattata_1,VERMILION_CITY,ROUTE_6,Rattata,Bite,Badge_3,,17
VermilionCity_Youngster_4,VermilionCity_Youngster_4_Rattata_1,VERMILION_CITY,ROUTE_6,Rattata,Hyper Fang,Badge_3,,17
VermilionCity_Youngster_4,VermilionCity_Youngster_4_Rattata_2,VERMILION_CITY,ROUTE_6,Rattata,Tail Whip,Badge_3,,17
VermilionCity_Youngster_4,VermilionCity_Youngster_4_Rattata_2,VERMILION_CITY,ROUTE_6,Rattata,Quick Attack,Badge_3,,17
VermilionCity_Youngster_4,VermilionCity_Youngster_4_Rattata_2,VERMILION_CITY,ROUTE_6,Rattata,Bite,Badge_3,,17
VermilionCity_Youngster_4,VermilionCity_Youngster_4_Rattata_2,VERMILION_CITY,ROUTE_6,Rattata,Hyper Fang,Badge_3,,17
VermilionCity_Youngster_4,VermilionCity_Youngster_4_Raticate_3,VERMILION_CITY,ROUTE_6,Raticate,Quick Attack,Badge_3,,20
VermilionCity_Youngster_4,VermilionCity_Youngster_4_Raticate_3,VERMILION_CITY,ROUTE_6,Raticate,Bite,Badge_3,,20
VermilionCity_Youngster_4,VermilionCity_Youngster_4_Raticate_3,VERMILION_CITY,ROUTE_6,Raticate,Hyper Fang,Badge_3,,20
VermilionCity_Youngster_4,VermilionCity_Youngster_4_Raticate_3,VERMILION_CITY,ROUTE_6,Raticate,Focus Energy,Badge_3,,20
VermilionCity_Engineer_1,VermilionCity_Engineer_1_Shellder_1,VERMILION_CITY,ROUTE_6,Shellder,Water Gun,Badge_3,,21
VermilionCity_Engineer_1,VermilionCity_Engineer_1_Shellder_1,VERMILION_CITY,ROUTE_6,Shellder,Supersonic,Badge_3,,21
VermilionCity_Engineer_1,VermilionCity_Engineer_1_Shellder_1,VERMILION_CITY,ROUTE_6,Shellder,Leer,Badge_3,,21
VermilionCity_Engineer_1,VermilionCity_Engineer_1_Shellder_1,VERMILION_CITY,ROUTE_6,Shellder,Aurora Beam,Badge_3,,21
VermilionCity_Engineer_2,VermilionCity_Engineer_2_Shellder_1,VERMILION_CITY,ROUTE_6,Shellder,Withdraw,Badge_3,,18
VermilionCity_Engineer_2,VermilionCity_Engineer_2_Shellder_1,VERMILION_CITY,ROUTE_6,Shellder,Water Gun,Badge_3,,18
VermilionCity_Engineer_2,VermilionCity_Engineer_2_Shellder_1,VERMILION_CITY,ROUTE_6,Shellder,Supersonic,Badge_3,,18
VermilionCity_Engineer_2,VermilionCity_Engineer_2_Shellder_1,VERMILION_CITY,ROUTE_6,Shellder,Leer,Badge_3,,18
VermilionCity_Engineer_2,VermilionCity_Engineer_2_Machop_2,VERMILION_CITY,ROUTE_6,Machop,Low Kick,Badge_3,,18
VermilionCity_Engineer_2,VermilionCity_Engineer_2_Machop_2,VERMILION_CITY,ROUTE_6,Machop,Leer,Badge_3,,18
VermilionCity_Engineer_2,VermilionCity_Engineer_2_Machop_2,VERMILION_CITY,ROUTE_6,Machop,Focus Energy,Badge_3,,18
VermilionCity_Engineer_2,VermilionCity_Engineer_2_Shellder_2,VERMILION_CITY,ROUTE_6,Shellder,Withdraw,Badge_3,,18
VermilionCity_Engineer_2,VermilionCity_Engineer_2_Shellder_2,VERMILION_CITY,ROUTE_6,Shellder,Water Gun,Badge_3,,18
VermilionCity_Engineer_2,VermilionCity_Engineer_2_Shellder_2,VERMILION_CITY,ROUTE_6,Shellder,Supersonic,Badge_3,,18
VermilionCity_Engineer_2,VermilionCity_Engineer_2_Shellder_2,VERMILION_CITY,ROUTE_6,Shellder,Leer,Badge_3,,18
VermilionCity_Gambler_4,VermilionCity_Gambler_4_Drowzee_1,VERMILION_CITY,ROUTE_6,Drowzee,Pound,Badge_3,,19
VermilionCity_Gambler_4,VermilionCity_Gambler_4_Drowzee_1,VERMILION_CITY,ROUTE_6,Drowzee,Hypnosis,Badge_3,,19
VermilionCity_Gambler_4,VermilionCity_Gambler_4_Drowzee_1,VERMILION_CITY,ROUTE_6,Drowzee,Disable,Badge_3,,19
VermilionCity_Gambler_4,VermilionCity_Gambler_4_Drowzee_1,VERMILION_CITY,ROUTE_6,Drowzee,Confusion,Badge_3,,19
VermilionCity_Gambler_4,VermilionCity_Gambler_4_Kadabra_2,VERMILION_CITY,ROUTE_6,Kadabra,Teleport,Badge_3,,19
VermilionCity_Gambler_4,VermilionCity_Gambler_4_Kadabra_2,VERMILION_CITY,ROUTE_6,Kadabra,Kinesis,Badge_3,,19
VermilionCity_Gambler_4,VermilionCity_Gambler_4_Kadabra_2,VERMILION_CITY,ROUTE_6,Kadabra,Confusion,Badge_3,,19
Route9_Jr_Trainer_1,Route9_Jr_Trainer_1_Oddish_1,ROUTE_9,ROUTE_9,Oddish,Leech Seed,Badge_4,,21
Route9_Jr_Trainer_1,Route9_Jr_Trainer_1_Oddish_1,ROUTE_9,ROUTE_9,Oddish,Absorb,Badge_4,,21
Route9_Jr_Trainer_1,Route9_Jr_Trainer_1_Oddish_1,ROUTE_9,ROUTE_9,Oddish,Stun Spore,Badge_4,,21
Route9_Jr_Trainer_1,Route9_Jr_Trainer_1_Oddish_1,ROUTE_9,ROUTE_9,Oddish,Acid,Badge_4,,21
Route9_Jr_Trainer_1,Route9_Jr_Trainer_1_Bellsprout_2,ROUTE_9,ROUTE_9,Bellsprout,Growth,Badge_4,,21
Route9_Jr_Trainer_1,Route9_Jr_Trainer_1_Bellsprout_2,ROUTE_9,ROUTE_9,Bellsprout,Vine Whip,Badge_4,,21
Route9_Jr_Trainer_1,Route9_Jr_Trainer_1_Bellsprout_2,ROUTE_9,ROUTE_9,Bellsprout,Poisonpowder,Badge_4,,21
Route9_Jr_Trainer_1,Route9_Jr_Trainer_1_Bellsprout_2,ROUTE_9,ROUTE_9,Bellsprout,Stun Spore,Badge_4,,21
Route9_Jr_Trainer_1,Route9_Jr_Trainer_1_Tangela_3,ROUTE_9,ROUTE_9,Tangela,Constrict,Badge_4,,21
Route9_Jr_Trainer_1,Route9_Jr_Trainer_1_Tangela_3,ROUTE_9,ROUTE_9,Tangela,Absorb,Badge_4,,21
Route9_Jr_Trainer_1,Route9_Jr_Trainer_1_Tangela_3,ROUTE_9,ROUTE_9,Tangela,Vine Whip,Badge_4,,21
Route9_Jr_Trainer_1,Route9_Jr_Trainer_1_Tangela_3,ROUTE_9,ROUTE_9,Tangela,Poisonpowder,Badge_4,,21
Route9_Jr_Trainer_1,Route9_Jr_Trainer_1_Pidgeotto_4,ROUTE_9,ROUTE_9,Pidgeotto,Sand Attack,Badge_4,,21
Route9_Jr_Trainer_1,Route9_Jr_Trainer_1_Pidgeotto_4,ROUTE_9,ROUTE_9,Pidgeotto,Quick Attack,Badge_4,,21
Route9_Jr_Trainer_1,Route9_Jr_Trainer_1_Pidgeotto_4,ROUTE_9,ROUTE_9,Pidgeotto,Wing Attack,Badge_4,,21
Route9_Jr_Trainer_1,Route9_Jr_Trainer_1_Pidgeotto_4,ROUTE_9,ROUTE_9,Pidgeotto,Whirlwind,Badge_4,,21
Route9_Hiker_1,Route9_Hiker_1_Machop_1,ROUTE_9,ROUTE_9,Machop,Low Kick,Badge_4,,23
Route9_Hiker_1,Route9_Hiker_1_Machop_1,ROUTE_9,ROUTE_9,Machop,Leer,Badge_4,,23
Route9_Hiker_1,Route9_Hiker_1_Machop_1,ROUTE_9,ROUTE_9,Machop,Focus Energy,Badge_4,,23
Route9_Hiker_1,Route9_Hiker_1_Machop_1,ROUTE_9,ROUTE_9,Machop,Seismic Toss,Badge_4,,23
Route9_Hiker_1,Route9_Hiker_1_Onix_2,ROUTE_9,ROUTE_9,Onix,Tackle,Badge_4,,23
Route9_Hiker_1,Route9_Hiker_1_Onix_2,ROUTE_9,ROUTE_9,Onix,Screech,Badge_4,,23
Route9_Hiker_1,Route9_Hiker_1_Onix_2,ROUTE_9,ROUTE_9,Onix,Rock Throw,Badge_4,,23
Route9_Hiker_1,Route9_Hiker_1_Onix_2,ROUTE_9,ROUTE_9,Onix,Dig,Badge_4,,23
Route9_Youngster_1,Route9_Youngster_1_Sandshrew_1,ROUTE_9,ROUTE_9,Sandshrew,Sand Attack,Badge_4,,28
Route9_Youngster_1,Route9_Youngster_1_Sandshrew_1,ROUTE_9,ROUTE_9,Sandshrew,Dig,Badge_4,,28
Route9_Youngster_1,Route9_Youngster_1_Sandshrew_1,ROUTE_9,ROUTE_9,Sandshrew,Swift,Badge_4,,28
Route9_Youngster_1,Route9_Youngster_1_Sandshrew_1,ROUTE_9,ROUTE_9,Sandshrew,Slash,Badge_4,,28
Route9_Hiker_2,Route9_Hiker_2_Geodude_1,ROUTE_9,ROUTE_9,Geodude,Tackle,Badge_4,,24
Route9_Hiker_2,Route9_Hiker_2_Geodude_1,ROUTE_9,ROUTE_9,Geodude,Defense Curl,Badge_4,,24
Route9_Hiker_2,Route9_Hiker_2_Geodude_1,ROUTE_9,ROUTE_9,Geodude,Rock Throw,Badge_4,,24
Route9_Hiker_2,Route9_Hiker_2_Geodude_1,ROUTE_9,ROUTE_9,Geodude,Dig,Badge_4,,24
Route9_Hiker_2,Route9_Hiker_2_Onix_2,ROUTE_9,ROUTE_9,Onix,Tackle,Badge_4,,24
Route9_Hiker_2,Route9_Hiker_2_Onix_2,ROUTE_9,ROUTE_9,Onix,Screech,Badge_4,,24
Route9_Hiker_2,Route9_Hiker_2_Onix_2,ROUTE_9,ROUTE_9,Onix,Rock Throw,Badge_4,,24
Route9_Hiker_2,Route9_Hiker_2_Onix_2,ROUTE_9,ROUTE_9,Onix,Dig,Badge_4,,24
Route9_Bug_Catcher_2,Route9_Bug_Catcher_2_Butterfree_1,ROUTE_9,ROUTE_9,Butterfree,Poisonpowder,Badge_4,,21
Route9_Bug_Catcher_2,Route9_Bug_Catcher_2_Butterfree_1,ROUTE_9,ROUTE_9,Butterfree,Stun Spore,Badge_4,,21
Route9_Bug_Catcher_2,Route9_Bug_Catcher_2_Butterfree_1,ROUTE_9,ROUTE_9,Butterfree,Sleep Powder,Badge_4,,21
Route9_Bug_Catcher_2,Route9_Bug_Catcher_2_Butterfree_1,ROUTE_9,ROUTE_9,Butterfree,Supersonic,Badge_4,,21
Route9_Bug_Catcher_2,Route9_Bug_Catcher_2_Beedrill_2,ROUTE_9,ROUTE_9,Beedrill,Rage,Badge_4,,21
Route9_Bug_Catcher_2,Route9_Bug_Catcher_2_Beedrill_2,ROUTE_9,ROUTE_9,Beedrill,Focus Energy,Badge_4,,21
Route9_Bug_Catcher_2,Route9_Bug_Catcher_2_Beedrill_2,ROUTE_9,ROUTE_9,Beedrill,Fury Attack,Badge_4,,21
Route9_Bug_Catcher_2,Route9_Bug_Catcher_2_Beedrill_2,ROUTE_9,ROUTE_9,Beedrill,Acid,Badge_4,,21
Route9_Bug_Catcher_2,Route9_Bug_Catcher_2_Scyther_3,ROUTE_9,ROUTE_9,Scyther,Quick Attack,Badge_4,,21
Route9_Bug_Catcher_2,Route9_Bug_Catcher_2_Scyther_3,ROUTE_9,ROUTE_9,Scyther,Leer,Badge_4,,21
Route9_Bug_Catcher_2,Route9_Bug_Catcher_2_Scyther_3,ROUTE_9,ROUTE_9,Scyther,Focus Energy,Badge_4,,21
Route9_Bug_Catcher_2,Route9_Bug_Catcher_2_Scyther_3,ROUTE_9,ROUTE_9,Scyther,Cut,Badge_4,,21
Route9_Jr_Trainer_2,Route9_Jr_Trainer_2_Raticate_1,ROUTE_9,ROUTE_9,Raticate,Quick Attack,Badge_4,,21
Route9_Jr_Trainer_2,Route9_Jr_Trainer_2_Raticate_1,ROUTE_9,ROUTE_9,Raticate,Bite,Badge_4,,21
Route9_Jr_Trainer_2,Route9_Jr_Trainer_2_Raticate_1,ROUTE_9,ROUTE_9,Raticate,Hyper Fang,Badge_4,,21
Route9_Jr_Trainer_2,Route9_Jr_Trainer_2_Raticate_1,ROUTE_9,ROUTE_9,Raticate,Focus Energy,Badge_4,,21
Route9_Jr_Trainer_2,Route9_Jr_Trainer_2_Jigglypuff_2,ROUTE_9,ROUTE_9,Jigglypuff,Pound,Badge_4,,21
Route9_Jr_Trainer_2,Route9_Jr_Trainer_2_Jigglypuff_2,ROUTE_9,ROUTE_9,Jigglypuff,Defense Curl,Badge_4,,21
Route9_Jr_Trainer_2,Route9_Jr_Trainer_2_Jigglypuff_2,ROUTE_9,ROUTE_9,Jigglypuff,Disable,Badge_4,,21
Route9_Jr_Trainer_2,Route9_Jr_Trainer_2_Jigglypuff_2,ROUTE_9,ROUTE_9,Jigglypuff,Doubleslap,Badge_4,,21
Route9_Jr_Trainer_2,Route9_Jr_Trainer_2_Bellsprout_3,ROUTE_9,ROUTE_9,Bellsprout,Growth,Badge_4,,21
Route9_Jr_Trainer_2,Route9_Jr_Trainer_2_Bellsprout_3,ROUTE_9,ROUTE_9,Bellsprout,Vine Whip,Badge_4,,21
Route9_Jr_Trainer_2,Route9_Jr_Trainer_2_Bellsprout_3,ROUTE_9,ROUTE_9,Bellsprout,Poisonpowder,Badge_4,,21
Route9_Jr_Trainer_2,Route9_Jr_Trainer_2_Bellsprout_3,ROUTE_9,ROUTE_9,Bellsprout,Stun Spore,Badge_4,,21
Route9_Jr_Trainer_2,Route9_Jr_Trainer_2_Sandshrew_4,ROUTE_9,ROUTE_9,Sandshrew,Fury Swipes,Badge_4,,21
Route9_Jr_Trainer_2,Route9_Jr_Trainer_2_Sandshrew_4,ROUTE_9,ROUTE_9,Sandshrew,Sand Attack,Badge_4,,21
Route9_Jr_Trainer_2,Route9_Jr_Trainer_2_Sandshrew_4,ROUTE_9,ROUTE_9,Sandshrew,Dig,Badge_4,,21
Route9_Jr_Trainer_2,Route9_Jr_Trainer_2_Sandshrew_4,ROUTE_9,ROUTE_9,Sandshrew,Swift,Badge_4,,21
Route9_Hiker_3,Route9_Hiker_3_Geodude_1,ROUTE_9,ROUTE_9,Geodude,Tackle,Badge_4,,22
Route9_Hiker_3,Route9_Hiker_3_Geodude_1,ROUTE_9,ROUTE_9,Geodude,Defense Curl,Badge_4,,22
Route9_Hiker_3,Route9_Hiker_3_Geodude_1,ROUTE_9,ROUTE_9,Geodude,Rock Throw,Badge_4,,22
Route9_Hiker_3,Route9_Hiker_3_Geodude_1,ROUTE_9,ROUTE_9,Geodude,Dig,Badge_4,,22
Route9_Hiker_3,Route9_Hiker_3_Machop_2,ROUTE_9,ROUTE_9,Machop,Low Kick,Badge_4,,22
Route9_Hiker_3,Route9_Hiker_3_Machop_2,ROUTE_9,ROUTE_9,Machop,Leer,Badge_4,,22
Route9_Hiker_3,Route9_Hiker_3_Machop_2,ROUTE_9,ROUTE_9,Machop,Focus Energy,Badge_4,,22
Route9_Hiker_3,Route9_Hiker_3_Machop_2,ROUTE_9,ROUTE_9,Machop,Seismic Toss,Badge_4,,22
Route9_Hiker_3,Route9_Hiker_3_Geodude_2,ROUTE_9,ROUTE_9,Geodude,Tackle,Badge_4,,22
Route9_Hiker_3,Route9_Hiker_3_Geodude_2,ROUTE_9,ROUTE_9,Geodude,Defense Curl,Badge_4,,22
Route9_Hiker_3,Route9_Hiker_3_Geodude_2,ROUTE_9,ROUTE_9,Geodude,Rock Throw,Badge_4,,22
Route9_Hiker_3,Route9_Hiker_3_Geodude_2,ROUTE_9,ROUTE_9,Geodude,Dig,Badge_4,,22
Route9_Jr_Trainer_3,Route9_Jr_Trainer_3_Meowth_1,ROUTE_9,ROUTE_9,Meowth,Fury Swipes,Badge_4,,24
Route9_Jr_Trainer_3,Route9_Jr_Trainer_3_Meowth_1,ROUTE_9,ROUTE_9,Meowth,Bite,Badge_4,,24
Route9_Jr_Trainer_3,Route9_Jr_Trainer_3_Meowth_1,ROUTE_9,ROUTE_9,Meowth,Pay Day,Badge_4,,24
Route9_Jr_Trainer_3,Route9_Jr_Trainer_3_Meowth_1,ROUTE_9,ROUTE_9,Meowth,Screech,Badge_4,,24
Route9_Jr_Trainer_1,Route9_Jr_Trainer_1_Cubone_1,ROUTE_9,ROUTE_9,Cubone,Bone Club,Badge_4,,25
Route9_Jr_Trainer_1,Route9_Jr_Trainer_1_Cubone_1,ROUTE_9,ROUTE_9,Cubone,Tail Whip,Badge_4,,25
Route9_Jr_Trainer_1,Route9_Jr_Trainer_1_Cubone_1,ROUTE_9,ROUTE_9,Cubone,Headbutt,Badge_4,,25
Route9_Jr_Trainer_1,Route9_Jr_Trainer_1_Cubone_1,ROUTE_9,ROUTE_9,Cubone,Focus Energy,Badge_4,,25
Route9_Jr_Trainer_1,Route9_Jr_Trainer_1_Wigglytuff_2,ROUTE_9,ROUTE_9,Wigglytuff,Pound,Badge_4,,25
Route9_Jr_Trainer_1,Route9_Jr_Trainer_1_Wigglytuff_2,ROUTE_9,ROUTE_9,Wigglytuff,Defense Curl,Badge_4,,25
Route9_Jr_Trainer_1,Route9_Jr_Trainer_1_Wigglytuff_2,ROUTE_9,ROUTE_9,Wigglytuff,Disable,Badge_4,,25
Route9_Jr_Trainer_1,Route9_Jr_Trainer_1_Wigglytuff_2,ROUTE_9,ROUTE_9,Wigglytuff,Rest,Badge_4,,25
Route9_PokéManiac_2,Route9_PokéManiac_2_Magmar_1,ROUTE_9,ROUTE_9,Magmar,Confuse Ray,Badge_4,,43
Route9_PokéManiac_2,Route9_PokéManiac_2_Magmar_1,ROUTE_9,ROUTE_9,Magmar,Fire Punch,Badge_4,,43
Route9_PokéManiac_2,Route9_PokéManiac_2_Magmar_1,ROUTE_9,ROUTE_9,Magmar,Smokescreen,Badge_4,,43
Route9_PokéManiac_2,Route9_PokéManiac_2_Magmar_1,ROUTE_9,ROUTE_9,Magmar,Flamethrower,Badge_4,,43
Route9_PokéManiac_2,Route9_PokéManiac_2_Jynx_2,ROUTE_9,ROUTE_9,Jynx,Doubleslap,Badge_4,,43
Route9_PokéManiac_2,Route9_PokéManiac_2_Jynx_2,ROUTE_9,ROUTE_9,Jynx,Ice Punch,Badge_4,,43
Route9_PokéManiac_2,Route9_PokéManiac_2_Jynx_2,ROUTE_9,ROUTE_9,Jynx,Psychic,Badge_4,,43
Route9_PokéManiac_2,Route9_PokéManiac_2_Jynx_2,ROUTE_9,ROUTE_9,Jynx,Ice Beam,Badge_4,,43
Route9_PokéManiac_2,Route9_PokéManiac_2_Lapras_3,ROUTE_9,ROUTE_9,Lapras,Body Slam,Badge_4,,43
Route9_PokéManiac_2,Route9_PokéManiac_2_Lapras_3,ROUTE_9,ROUTE_9,Lapras,Confuse Ray,Badge_4,,43
Route9_PokéManiac_2,Route9_PokéManiac_2_Lapras_3,ROUTE_9,ROUTE_9,Lapras,Waterfall,Badge_4,,43
Route9_PokéManiac_2,Route9_PokéManiac_2_Lapras_3,ROUTE_9,ROUTE_9,Lapras,Ice Beam,Badge_4,,43
Route9_Jr_Trainer_2,Route9_Jr_Trainer_2_Pidgeotto_1,ROUTE_9,ROUTE_9,Pidgeotto,Sand Attack,Badge_4,,26
Route9_Jr_Trainer_2,Route9_Jr_Trainer_2_Pidgeotto_1,ROUTE_9,ROUTE_9,Pidgeotto,Quick Attack,Badge_4,,26
Route9_Jr_Trainer_2,Route9_Jr_Trainer_2_Pidgeotto_1,ROUTE_9,ROUTE_9,Pidgeotto,Wing Attack,Badge_4,,26
Route9_Jr_Trainer_2,Route9_Jr_Trainer_2_Pidgeotto_1,ROUTE_9,ROUTE_9,Pidgeotto,Whirlwind,Badge_4,,26
Route9_Jr_Trainer_2,Route9_Jr_Trainer_2_Farfetchd_2,ROUTE_9,ROUTE_9,Farfetchd,Sharpen,Badge_4,,26
Route9_Jr_Trainer_2,Route9_Jr_Trainer_2_Farfetchd_2,ROUTE_9,ROUTE_9,Farfetchd,Fury Attack,Badge_4,,26
Route9_Jr_Trainer_2,Route9_Jr_Trainer_2_Farfetchd_2,ROUTE_9,ROUTE_9,Farfetchd,Wing Attack,Badge_4,,26
Route9_Jr_Trainer_2,Route9_Jr_Trainer_2_Farfetchd_2,ROUTE_9,ROUTE_9,Farfetchd,Slash,Badge_4,,26
Route9_Hiker_1,Route9_Hiker_1_Zubat_1,ROUTE_9,ROUTE_9,Zubat,Gust,Badge_4,,25
Route9_Hiker_1,Route9_Hiker_1_Zubat_1,ROUTE_9,ROUTE_9,Zubat,Bite,Badge_4,,25
Route9_Hiker_1,Route9_Hiker_1_Zubat_1,ROUTE_9,ROUTE_9,Zubat,Confuse Ray,Badge_4,,25
Route9_Hiker_1,Route9_Hiker_1_Zubat_1,ROUTE_9,ROUTE_9,Zubat,Wing Attack,Badge_4,,25
Route9_Hiker_1,Route9_Hiker_1_Onix_3,ROUTE_9,ROUTE_9,Onix,Screech,Badge_4,,25
Route9_Hiker_1,Route9_Hiker_1_Onix_3,ROUTE_9,ROUTE_9,Onix,Rock Throw,Badge_4,,25
Route9_Hiker_1,Route9_Hiker_1_Onix_3,ROUTE_9,ROUTE_9,Onix,Dig,Badge_4,,25
Route9_Hiker_1,Route9_Hiker_1_Onix_3,ROUTE_9,ROUTE_9,Onix,Rage,Badge_4,,25
Route9_Hiker_1,Route9_Hiker_1_Golbat_3,ROUTE_9,ROUTE_9,Golbat,Gust,Badge_4,,25
Route9_Hiker_1,Route9_Hiker_1_Golbat_3,ROUTE_9,ROUTE_9,Golbat,Bite,Badge_4,,25
Route9_Hiker_1,Route9_Hiker_1_Golbat_3,ROUTE_9,ROUTE_9,Golbat,Confuse Ray,Badge_4,,25
Route9_Hiker_1,Route9_Hiker_1_Golbat_3,ROUTE_9,ROUTE_9,Golbat,Wing Attack,Badge_4,,25
Route9_Hiker_2,Route9_Hiker_2_Rhyhorn_1,ROUTE_9,ROUTE_9,Rhyhorn,Fury Attack,Badge_4,,27
Route9_Hiker_2,Route9_Hiker_2_Rhyhorn_1,ROUTE_9,ROUTE_9,Rhyhorn,Stomp,Badge_4,,27
Route9_Hiker_2,Route9_Hiker_2_Rhyhorn_1,ROUTE_9,ROUTE_9,Rhyhorn,Rock Throw,Badge_4,,27
Route9_Hiker_2,Route9_Hiker_2_Rhyhorn_1,ROUTE_9,ROUTE_9,Rhyhorn,Dig,Badge_4,,27
Route9_Hiker_2,Route9_Hiker_2_Dugtrio_2,ROUTE_9,ROUTE_9,Dugtrio,Scratch,Badge_4,,27
Route9_Hiker_2,Route9_Hiker_2_Dugtrio_2,ROUTE_9,ROUTE_9,Dugtrio,Growl,Badge_4,,27
Route9_Hiker_2,Route9_Hiker_2_Dugtrio_2,ROUTE_9,ROUTE_9,Dugtrio,Dig,Badge_4,,27
Route9_Hiker_2,Route9_Hiker_2_Dugtrio_2,ROUTE_9,ROUTE_9,Dugtrio,Sand Attack,Badge_4,,27
Route9_PokéManiac_1,Route9_PokéManiac_1_Kangaskhan_1,ROUTE_9,ROUTE_9,Kangaskhan,Leer,Badge_4,,27
Route9_PokéManiac_1,Route9_PokéManiac_1_Kangaskhan_1,ROUTE_9,ROUTE_9,Kangaskhan,Bite,Badge_4,,27
Route9_PokéManiac_1,Route9_PokéManiac_1_Kangaskhan_1,ROUTE_9,ROUTE_9,Kangaskhan,Tail Whip,Badge_4,,27
Route9_PokéManiac_1,Route9_PokéManiac_1_Kangaskhan_1,ROUTE_9,ROUTE_9,Kangaskhan,Mega Punch,Badge_4,,27
RockTunnel1F_PokéManiac_1,RockTunnel1F_PokéManiac_1_Seel_1,ROCK_TUNNEL_1F,ROCK_TUNNEL_1F,Seel,Water Gun,Badge_4,,25
RockTunnel1F_PokéManiac_1,RockTunnel1F_PokéManiac_1_Seel_1,ROCK_TUNNEL_1F,ROCK_TUNNEL_1F,Seel,Aurora Beam,Badge_4,,25
RockTunnel1F_PokéManiac_1,RockTunnel1F_PokéManiac_1_Seel_1,ROCK_TUNNEL_1F,ROCK_TUNNEL_1F,Seel,Rest,Badge_4,,25
RockTunnel1F_PokéManiac_1,RockTunnel1F_PokéManiac_1_Seel_1,ROCK_TUNNEL_1F,ROCK_TUNNEL_1F,Seel,Bubblebeam,Badge_4,,25
RockTunnel1F_PokéManiac_1,RockTunnel1F_PokéManiac_1_Slowpoke_2,ROCK_TUNNEL_1F,ROCK_TUNNEL_1F,Slowpoke,Confusion,Badge_4,,25
RockTunnel1F_PokéManiac_1,RockTunnel1F_PokéManiac_1_Slowpoke_2,ROCK_TUNNEL_1F,ROCK_TUNNEL_1F,Slowpoke,Disable,Badge_4,,25
RockTunnel1F_PokéManiac_1,RockTunnel1F_PokéManiac_1_Slowpoke_2,ROCK_TUNNEL_1F,ROCK_TUNNEL_1F,Slowpoke,Headbutt,Badge_4,,25
RockTunnel1F_PokéManiac_1,RockTunnel1F_PokéManiac_1_Slowpoke_2,ROCK_TUNNEL_1F,ROCK_TUNNEL_1F,Slowpoke,Psybeam,Badge_4,,25
RockTunnel1F_Hiker_3,RockTunnel1F_Hiker_3_Machop_1,ROCK_TUNNEL_1F,ROCK_TUNNEL_1F,Machop,Low Kick,Badge_4,,24
RockTunnel1F_Hiker_3,RockTunnel1F_Hiker_3_Machop_1,ROCK_TUNNEL_1F,ROCK_TUNNEL_1F,Machop,Leer,Badge_4,,24
RockTunnel1F_Hiker_3,RockTunnel1F_Hiker_3_Machop_1,ROCK_TUNNEL_1F,ROCK_TUNNEL_1F,Machop,Focus Energy,Badge_4,,24
RockTunnel1F_Hiker_3,RockTunnel1F_Hiker_3_Machop_1,ROCK_TUNNEL_1F,ROCK_TUNNEL_1F,Machop,Seismic Toss,Badge_4,,24
RockTunnel1F_Hiker_3,RockTunnel1F_Hiker_3_Machoke_2,ROCK_TUNNEL_1F,ROCK_TUNNEL_1F,Machoke,Low Kick,Badge_4,,25
RockTunnel1F_Hiker_3,RockTunnel1F_Hiker_3_Machoke_2,ROCK_TUNNEL_1F,ROCK_TUNNEL_1F,Machoke,Leer,Badge_4,,25
RockTunnel1F_Hiker_3,RockTunnel1F_Hiker_3_Machoke_2,ROCK_TUNNEL_1F,ROCK_TUNNEL_1F,Machoke,Focus Energy,Badge_4,,25
RockTunnel1F_Hiker_3,RockTunnel1F_Hiker_3_Machoke_2,ROCK_TUNNEL_1F,ROCK_TUNNEL_1F,Machoke,Seismic Toss,Badge_4,,25
RockTunnel1F_Hiker_4,RockTunnel1F_Hiker_4_Onix_1,ROCK_TUNNEL_1F,ROCK_TUNNEL_1F,Onix,Tackle,Badge_4,,24
RockTunnel1F_Hiker_4,RockTunnel1F_Hiker_4_Onix_1,ROCK_TUNNEL_1F,ROCK_TUNNEL_1F,Onix,Screech,Badge_4,,24
RockTunnel1F_Hiker_4,RockTunnel1F_Hiker_4_Onix_1,ROCK_TUNNEL_1F,ROCK_TUNNEL_1F,Onix,Rock Throw,Badge_4,,24
RockTunnel1F_Hiker_4,RockTunnel1F_Hiker_4_Onix_1,ROCK_TUNNEL_1F,ROCK_TUNNEL_1F,Onix,Dig,Badge_4,,24
RockTunnel1F_Hiker_4,RockTunnel1F_Hiker_4_Sandshrew_2,ROCK_TUNNEL_1F,ROCK_TUNNEL_1F,Sandshrew,Sand Attack,Badge_4,,24
RockTunnel1F_Hiker_4,RockTunnel1F_Hiker_4_Sandshrew_2,ROCK_TUNNEL_1F,ROCK_TUNNEL_1F,Sandshrew,Dig,Badge_4,,24
RockTunnel1F_Hiker_4,RockTunnel1F_Hiker_4_Sandshrew_2,ROCK_TUNNEL_1F,ROCK_TUNNEL_1F,Sandshrew,Swift,Badge_4,,24
RockTunnel1F_Hiker_4,RockTunnel1F_Hiker_4_Sandshrew_2,ROCK_TUNNEL_1F,ROCK_TUNNEL_1F,Sandshrew,Slash,Badge_4,,24
RockTunnel1F_Hiker_4,RockTunnel1F_Hiker_4_Onix_2,ROCK_TUNNEL_1F,ROCK_TUNNEL_1F,Onix,Tackle,Badge_4,,24
RockTunnel1F_Hiker_4,RockTunnel1F_Hiker_4_Onix_2,ROCK_TUNNEL_1F,ROCK_TUNNEL_1F,Onix,Screech,Badge_4,,24
RockTunnel1F_Hiker_4,RockTunnel1F_Hiker_4_Onix_2,ROCK_TUNNEL_1F,ROCK_TUNNEL_1F,Onix,Rock Throw,Badge_4,,24
RockTunnel1F_Hiker_4,RockTunnel1F_Hiker_4_Onix_2,ROCK_TUNNEL_1F,ROCK_TUNNEL_1F,Onix,Dig,Badge_4,,24
RockTunnel1F_Hiker_5,RockTunnel1F_Hiker_5_Geodude_1,ROCK_TUNNEL_1F,ROCK_TUNNEL_1F,Geodude,Tackle,Badge_4,,24
RockTunnel1F_Hiker_5,RockTunnel1F_Hiker_5_Geodude_1,ROCK_TUNNEL_1F,ROCK_TUNNEL_1F,Geodude,Defense Curl,Badge_4,,24
RockTunnel1F_Hiker_5,RockTunnel1F_Hiker_5_Geodude_1,ROCK_TUNNEL_1F,ROCK_TUNNEL_1F,Geodude,Rock Throw,Badge_4,,24
RockTunnel1F_Hiker_5,RockTunnel1F_Hiker_5_Geodude_1,ROCK_TUNNEL_1F,ROCK_TUNNEL_1F,Geodude,Dig,Badge_4,,24
RockTunnel1F_Hiker_5,RockTunnel1F_Hiker_5_Graveler_2,ROCK_TUNNEL_1F,ROCK_TUNNEL_1F,Graveler,Tackle,Badge_4,,25
RockTunnel1F_Hiker_5,RockTunnel1F_Hiker_5_Graveler_2,ROCK_TUNNEL_1F,ROCK_TUNNEL_1F,Graveler,Defense Curl,Badge_4,,25
RockTunnel1F_Hiker_5,RockTunnel1F_Hiker_5_Graveler_2,ROCK_TUNNEL_1F,ROCK_TUNNEL_1F,Graveler,Rock Throw,Badge_4,,25
RockTunnel1F_Hiker_5,RockTunnel1F_Hiker_5_Graveler_2,ROCK_TUNNEL_1F,ROCK_TUNNEL_1F,Graveler,Dig,Badge_4,,25
RockTunnel1F_Jr_Trainer_3,RockTunnel1F_Jr_Trainer_3_Weepinbell_1,ROCK_TUNNEL_1F,ROCK_TUNNEL_1F,Weepinbell,Growth,Badge_4,,24
RockTunnel1F_Jr_Trainer_3,RockTunnel1F_Jr_Trainer_3_Weepinbell_1,ROCK_TUNNEL_1F,ROCK_TUNNEL_1F,Weepinbell,Poisonpowder,Badge_4,,24
RockTunnel1F_Jr_Trainer_3,RockTunnel1F_Jr_Trainer_3_Weepinbell_1,ROCK_TUNNEL_1F,ROCK_TUNNEL_1F,Weepinbell,Vine Whip,Badge_4,,24
RockTunnel1F_Jr_Trainer_3,RockTunnel1F_Jr_Trainer_3_Weepinbell_1,ROCK_TUNNEL_1F,ROCK_TUNNEL_1F,Weepinbell,Stun Spore,Badge_4,,24
RockTunnel1F_Jr_Trainer_3,RockTunnel1F_Jr_Trainer_3_Cubone_2,ROCK_TUNNEL_1F,ROCK_TUNNEL_1F,Cubone,Leer,Badge_4,,24
RockTunnel1F_Jr_Trainer_3,RockTunnel1F_Jr_Trainer_3_Cubone_2,ROCK_TUNNEL_1F,ROCK_TUNNEL_1F,Cubone,Bone Club,Badge_4,,24
RockTunnel1F_Jr_Trainer_3,RockTunnel1F_Jr_Trainer_3_Cubone_2,ROCK_TUNNEL_1F,ROCK_TUNNEL_1F,Cubone,Tail Whip,Badge_4,,24
RockTunnel1F_Jr_Trainer_3,RockTunnel1F_Jr_Trainer_3_Cubone_2,ROCK_TUNNEL_1F,ROCK_TUNNEL_1F,Cubone,Headbutt,Badge_4,,24
RockTunnel1F_Jr_Trainer_4,RockTunnel1F_Jr_Trainer_4_Pidgeotto_1,ROCK_TUNNEL_1F,ROCK_TUNNEL_1F,Pidgeotto,Sand Attack,Badge_4,,23
RockTunnel1F_Jr_Trainer_4,RockTunnel1F_Jr_Trainer_4_Pidgeotto_1,ROCK_TUNNEL_1F,ROCK_TUNNEL_1F,Pidgeotto,Quick Attack,Badge_4,,23
RockTunnel1F_Jr_Trainer_4,RockTunnel1F_Jr_Trainer_4_Pidgeotto_1,ROCK_TUNNEL_1F,ROCK_TUNNEL_1F,Pidgeotto,Wing Attack,Badge_4,,23
RockTunnel1F_Jr_Trainer_4,RockTunnel1F_Jr_Trainer_4_Pidgeotto_1,ROCK_TUNNEL_1F,ROCK_TUNNEL_1F,Pidgeotto,Whirlwind,Badge_4,,23
RockTunnel1F_Jr_Trainer_4,RockTunnel1F_Jr_Trainer_4_Raticate_2,ROCK_TUNNEL_1F,ROCK_TUNNEL_1F,Raticate,Quick Attack,Badge_4,,23
RockTunnel1F_Jr_Trainer_4,RockTunnel1F_Jr_Trainer_4_Raticate_2,ROCK_TUNNEL_1F,ROCK_TUNNEL_1F,Raticate,Bite,Badge_4,,23
RockTunnel1F_Jr_Trainer_4,RockTunnel1F_Jr_Trainer_4_Raticate_2,ROCK_TUNNEL_1F,ROCK_TUNNEL_1F,Raticate,Hyper Fang,Badge_4,,23
RockTunnel1F_Jr_Trainer_4,RockTunnel1F_Jr_Trainer_4_Raticate_2,ROCK_TUNNEL_1F,ROCK_TUNNEL_1F,Raticate,Focus Energy,Badge_4,,23
RockTunnel1F_Jr_Trainer_4,RockTunnel1F_Jr_Trainer_4_Nidorina_3,ROCK_TUNNEL_1F,ROCK_TUNNEL_1F,Nidorina,Poison Sting,Badge_4,,23
RockTunnel1F_Jr_Trainer_4,RockTunnel1F_Jr_Trainer_4_Nidorina_3,ROCK_TUNNEL_1F,ROCK_TUNNEL_1F,Nidorina,Bite,Badge_4,,23
RockTunnel1F_Jr_Trainer_4,RockTunnel1F_Jr_Trainer_4_Nidorina_3,ROCK_TUNNEL_1F,ROCK_TUNNEL_1F,Nidorina,Double Kick,Badge_4,,23
RockTunnel1F_Jr_Trainer_4,RockTunnel1F_Jr_Trainer_4_Nidorina_3,ROCK_TUNNEL_1F,ROCK_TUNNEL_1F,Nidorina,Headbutt,Badge_4,,23
RockTunnel1F_Jr_Trainer_4,RockTunnel1F_Jr_Trainer_4_Weepinbell_4,ROCK_TUNNEL_1F,ROCK_TUNNEL_1F,Weepinbell,Growth,Badge_4,,23
RockTunnel1F_Jr_Trainer_4,RockTunnel1F_Jr_Trainer_4_Weepinbell_4,ROCK_TUNNEL_1F,ROCK_TUNNEL_1F,Weepinbell,Poisonpowder,Badge_4,,23
RockTunnel1F_Jr_Trainer_4,RockTunnel1F_Jr_Trainer_4_Weepinbell_4,ROCK_TUNNEL_1F,ROCK_TUNNEL_1F,Weepinbell,Vine Whip,Badge_4,,23
RockTunnel1F_Jr_Trainer_4,RockTunnel1F_Jr_Trainer_4_Weepinbell_4,ROCK_TUNNEL_1F,ROCK_TUNNEL_1F,Weepinbell,Stun Spore,Badge_4,,23
RockTunnelB1F_Jr_Trainer_5,RockTunnelB1F_Jr_Trainer_5_Meowth_1,ROCK_TUNNEL_B1F,ROCK_TUNNEL_B1F,Meowth,Fury Swipes,Badge_4,,23
RockTunnelB1F_Jr_Trainer_5,RockTunnelB1F_Jr_Trainer_5_Meowth_1,ROCK_TUNNEL_B1F,ROCK_TUNNEL_B1F,Meowth,Bite,Badge_4,,23
RockTunnelB1F_Jr_Trainer_5,RockTunnelB1F_Jr_Trainer_5_Meowth_1,ROCK_TUNNEL_B1F,ROCK_TUNNEL_B1F,Meowth,Pay Day,Badge_4,,23
RockTunnelB1F_Jr_Trainer_5,RockTunnelB1F_Jr_Trainer_5_Meowth_1,ROCK_TUNNEL_B1F,ROCK_TUNNEL_B1F,Meowth,Screech,Badge_4,,23
RockTunnelB1F_Jr_Trainer_5,RockTunnelB1F_Jr_Trainer_5_Wartortle_2,ROCK_TUNNEL_B1F,ROCK_TUNNEL_B1F,Wartortle,Bubble,Badge_4,,23
RockTunnelB1F_Jr_Trainer_5,RockTunnelB1F_Jr_Trainer_5_Wartortle_2,ROCK_TUNNEL_B1F,ROCK_TUNNEL_B1F,Wartortle,Water Gun,Badge_4,,23
RockTunnelB1F_Jr_Trainer_5,RockTunnelB1F_Jr_Trainer_5_Wartortle_2,ROCK_TUNNEL_B1F,ROCK_TUNNEL_B1F,Wartortle,Bite,Badge_4,,23
RockTunnelB1F_Jr_Trainer_5,RockTunnelB1F_Jr_Trainer_5_Wartortle_2,ROCK_TUNNEL_B1F,ROCK_TUNNEL_B1F,Wartortle,Bubblebeam,Badge_4,,23
RockTunnelB1F_Jr_Trainer_5,RockTunnelB1F_Jr_Trainer_5_Fearow_3,ROCK_TUNNEL_B1F,ROCK_TUNNEL_B1F,Fearow,Fury Attack,Badge_4,,23
RockTunnelB1F_Jr_Trainer_5,RockTunnelB1F_Jr_Trainer_5_Fearow_3,ROCK_TUNNEL_B1F,ROCK_TUNNEL_B1F,Fearow,Focus Energy,Badge_4,,23
RockTunnelB1F_Jr_Trainer_5,RockTunnelB1F_Jr_Trainer_5_Fearow_3,ROCK_TUNNEL_B1F,ROCK_TUNNEL_B1F,Fearow,Swift,Badge_4,,23
RockTunnelB1F_Jr_Trainer_5,RockTunnelB1F_Jr_Trainer_5_Fearow_3,ROCK_TUNNEL_B1F,ROCK_TUNNEL_B1F,Fearow,Mirror Move,Badge_4,,23
RockTunnelB1F_PokéManiac_2,RockTunnelB1F_PokéManiac_2_Slowpoke_1,ROCK_TUNNEL_B1F,ROCK_TUNNEL_B1F,Slowpoke,Confusion,Badge_4,,25
RockTunnelB1F_PokéManiac_2,RockTunnelB1F_PokéManiac_2_Slowpoke_1,ROCK_TUNNEL_B1F,ROCK_TUNNEL_B1F,Slowpoke,Disable,Badge_4,,25
RockTunnelB1F_PokéManiac_2,RockTunnelB1F_PokéManiac_2_Slowpoke_1,ROCK_TUNNEL_B1F,ROCK_TUNNEL_B1F,Slowpoke,Headbutt,Badge_4,,25
RockTunnelB1F_PokéManiac_2,RockTunnelB1F_PokéManiac_2_Slowpoke_1,ROCK_TUNNEL_B1F,ROCK_TUNNEL_B1F,Slowpoke,Psybeam,Badge_4,,25
RockTunnelB1F_Jr_Trainer_1,RockTunnelB1F_Jr_Trainer_1_Gloom_1,ROCK_TUNNEL_B1F,ROCK_TUNNEL_B1F,Gloom,Poisonpowder,Badge_4,,24
RockTunnelB1F_Jr_Trainer_1,RockTunnelB1F_Jr_Trainer_1_Gloom_1,ROCK_TUNNEL_B1F,ROCK_TUNNEL_B1F,Gloom,Leech Seed,Badge_4,,24
RockTunnelB1F_Jr_Trainer_1,RockTunnelB1F_Jr_Trainer_1_Gloom_1,ROCK_TUNNEL_B1F,ROCK_TUNNEL_B1F,Gloom,Absorb,Badge_4,,24
RockTunnelB1F_Jr_Trainer_1,RockTunnelB1F_Jr_Trainer_1_Gloom_1,ROCK_TUNNEL_B1F,ROCK_TUNNEL_B1F,Gloom,Acid,Badge_4,,24
RockTunnelB1F_Jr_Trainer_1,RockTunnelB1F_Jr_Trainer_1_Ivysaur_2,ROCK_TUNNEL_B1F,ROCK_TUNNEL_B1F,Ivysaur,Leech Seed,Badge_4,,24
RockTunnelB1F_Jr_Trainer_1,RockTunnelB1F_Jr_Trainer_1_Ivysaur_2,ROCK_TUNNEL_B1F,ROCK_TUNNEL_B1F,Ivysaur,Vine Whip,Badge_4,,24
RockTunnelB1F_Jr_Trainer_1,RockTunnelB1F_Jr_Trainer_1_Ivysaur_2,ROCK_TUNNEL_B1F,ROCK_TUNNEL_B1F,Ivysaur,Acid,Badge_4,,24
RockTunnelB1F_Jr_Trainer_1,RockTunnelB1F_Jr_Trainer_1_Ivysaur_2,ROCK_TUNNEL_B1F,ROCK_TUNNEL_B1F,Ivysaur,Poisonpowder,Badge_4,,24
RockTunnelB1F_PokéManiac_3,RockTunnelB1F_PokéManiac_3_Charmander_1,ROCK_TUNNEL_B1F,ROCK_TUNNEL_B1F,Charmander,Leer,Badge_4,,26
RockTunnelB1F_PokéManiac_3,RockTunnelB1F_PokéManiac_3_Charmander_1,ROCK_TUNNEL_B1F,ROCK_TUNNEL_B1F,Charmander,Rage,Badge_4,,26
RockTunnelB1F_PokéManiac_3,RockTunnelB1F_PokéManiac_3_Charmander_1,ROCK_TUNNEL_B1F,ROCK_TUNNEL_B1F,Charmander,Fire Punch,Badge_4,,26
RockTunnelB1F_PokéManiac_3,RockTunnelB1F_PokéManiac_3_Charmander_1,ROCK_TUNNEL_B1F,ROCK_TUNNEL_B1F,Charmander,Bite,Badge_4,,26
RockTunnelB1F_PokéManiac_3,RockTunnelB1F_PokéManiac_3_Seel_2,ROCK_TUNNEL_B1F,ROCK_TUNNEL_B1F,Seel,Water Gun,Badge_4,,26
RockTunnelB1F_PokéManiac_3,RockTunnelB1F_PokéManiac_3_Seel_2,ROCK_TUNNEL_B1F,ROCK_TUNNEL_B1F,Seel,Aurora Beam,Badge_4,,26
RockTunnelB1F_PokéManiac_3,RockTunnelB1F_PokéManiac_3_Seel_2,ROCK_TUNNEL_B1F,ROCK_TUNNEL_B1F,Seel,Rest,Badge_4,,26
RockTunnelB1F_PokéManiac_3,RockTunnelB1F_PokéManiac_3_Seel_2,ROCK_TUNNEL_B1F,ROCK_TUNNEL_B1F,Seel,Bubblebeam,Badge_4,,26
RockTunnelB1F_Hiker_1,RockTunnelB1F_Hiker_1_Graveler_1,ROCK_TUNNEL_B1F,ROCK_TUNNEL_B1F,Graveler,Defense Curl,Badge_4,,26
RockTunnelB1F_Hiker_1,RockTunnelB1F_Hiker_1_Graveler_1,ROCK_TUNNEL_B1F,ROCK_TUNNEL_B1F,Graveler,Rock Throw,Badge_4,,26
RockTunnelB1F_Hiker_1,RockTunnelB1F_Hiker_1_Graveler_1,ROCK_TUNNEL_B1F,ROCK_TUNNEL_B1F,Graveler,Dig,Badge_4,,26
RockTunnelB1F_Hiker_1,RockTunnelB1F_Hiker_1_Graveler_1,ROCK_TUNNEL_B1F,ROCK_TUNNEL_B1F,Graveler,Harden,Badge_4,,26
RockTunnelB1F_Hiker_2,RockTunnelB1F_Hiker_2_Machop_1,ROCK_TUNNEL_B1F,ROCK_TUNNEL_B1F,Machop,Low Kick,Badge_4,,23
RockTunnelB1F_Hiker_2,RockTunnelB1F_Hiker_2_Machop_1,ROCK_TUNNEL_B1F,ROCK_TUNNEL_B1F,Machop,Leer,Badge_4,,23
RockTunnelB1F_Hiker_2,RockTunnelB1F_Hiker_2_Machop_1,ROCK_TUNNEL_B1F,ROCK_TUNNEL_B1F,Machop,Focus Energy,Badge_4,,23
RockTunnelB1F_Hiker_2,RockTunnelB1F_Hiker_2_Machop_1,ROCK_TUNNEL_B1F,ROCK_TUNNEL_B1F,Machop,Seismic Toss,Badge_4,,23
RockTunnelB1F_Hiker_2,RockTunnelB1F_Hiker_2_Onix_2,ROCK_TUNNEL_B1F,ROCK_TUNNEL_B1F,Onix,Tackle,Badge_4,,23
RockTunnelB1F_Hiker_2,RockTunnelB1F_Hiker_2_Onix_2,ROCK_TUNNEL_B1F,ROCK_TUNNEL_B1F,Onix,Screech,Badge_4,,23
RockTunnelB1F_Hiker_2,RockTunnelB1F_Hiker_2_Onix_2,ROCK_TUNNEL_B1F,ROCK_TUNNEL_B1F,Onix,Rock Throw,Badge_4,,23
RockTunnelB1F_Hiker_2,RockTunnelB1F_Hiker_2_Onix_2,ROCK_TUNNEL_B1F,ROCK_TUNNEL_B1F,Onix,Dig,Badge_4,,23
RockTunnelB1F_Jr_Trainer_2,RockTunnelB1F_Jr_Trainer_2_Jigglypuff_1,ROCK_TUNNEL_B1F,ROCK_TUNNEL_B1F,Jigglypuff,Pound,Badge_4,,23
RockTunnelB1F_Jr_Trainer_2,RockTunnelB1F_Jr_Trainer_2_Jigglypuff_1,ROCK_TUNNEL_B1F,ROCK_TUNNEL_B1F,Jigglypuff,Defense Curl,Badge_4,,23
RockTunnelB1F_Jr_Trainer_2,RockTunnelB1F_Jr_Trainer_2_Jigglypuff_1,ROCK_TUNNEL_B1F,ROCK_TUNNEL_B1F,Jigglypuff,Disable,Badge_4,,23
RockTunnelB1F_Jr_Trainer_2,RockTunnelB1F_Jr_Trainer_2_Jigglypuff_1,ROCK_TUNNEL_B1F,ROCK_TUNNEL_B1F,Jigglypuff,Doubleslap,Badge_4,,23
RockTunnelB1F_Jr_Trainer_2,RockTunnelB1F_Jr_Trainer_2_Pidgeotto_2,ROCK_TUNNEL_B1F,ROCK_TUNNEL_B1F,Pidgeotto,Sand Attack,Badge_4,,23
RockTunnelB1F_Jr_Trainer_2,RockTunnelB1F_Jr_Trainer_2_Pidgeotto_2,ROCK_TUNNEL_B1F,ROCK_TUNNEL_B1F,Pidgeotto,Quick Attack,Badge_4,,23
RockTunnelB1F_Jr_Trainer_2,RockTunnelB1F_Jr_Trainer_2_Pidgeotto_2,ROCK_TUNNEL_B1F,ROCK_TUNNEL_B1F,Pidgeotto,Wing Attack,Badge_4,,23
RockTunnelB1F_Jr_Trainer_2,RockTunnelB1F_Jr_Trainer_2_Pidgeotto_2,ROCK_TUNNEL_B1F,ROCK_TUNNEL_B1F,Pidgeotto,Whirlwind,Badge_4,,23
RockTunnelB1F_Jr_Trainer_2,RockTunnelB1F_Jr_Trainer_2_Meowth_3,ROCK_TUNNEL_B1F,ROCK_TUNNEL_B1F,Meowth,Fury Swipes,Badge_4,,23
RockTunnelB1F_Jr_Trainer_2,RockTunnelB1F_Jr_Trainer_2_Meowth_3,ROCK_TUNNEL_B1F,ROCK_TUNNEL_B1F,Meowth,Bite,Badge_4,,23
RockTunnelB1F_Jr_Trainer_2,RockTunnelB1F_Jr_Trainer_2_Meowth_3,ROCK_TUNNEL_B1F,ROCK_TUNNEL_B1F,Meowth,Pay Day,Badge_4,,23
RockTunnelB1F_Jr_Trainer_2,RockTunnelB1F_Jr_Trainer_2_Meowth_3,ROCK_TUNNEL_B1F,ROCK_TUNNEL_B1F,Meowth,Screech,Badge_4,,23
RockTunnel3F_Hiker_6,RockTunnel3F_Hiker_6_Geodude_1,ROCK_TUNNEL_3F,ROCK_TUNNEL_1F,Geodude,Tackle,Badge_4,,24
RockTunnel3F_Hiker_6,RockTunnel3F_Hiker_6_Geodude_1,ROCK_TUNNEL_3F,ROCK_TUNNEL_1F,Geodude,Defense Curl,Badge_4,,24
RockTunnel3F_Hiker_6,RockTunnel3F_Hiker_6_Geodude_1,ROCK_TUNNEL_3F,ROCK_TUNNEL_1F,Geodude,Rock Throw,Badge_4,,24
RockTunnel3F_Hiker_6,RockTunnel3F_Hiker_6_Geodude_1,ROCK_TUNNEL_3F,ROCK_TUNNEL_1F,Geodude,Dig,Badge_4,,24
RockTunnel3F_Hiker_6,RockTunnel3F_Hiker_6_Geodude_2,ROCK_TUNNEL_3F,ROCK_TUNNEL_1F,Geodude,Tackle,Badge_4,,24
RockTunnel3F_Hiker_6,RockTunnel3F_Hiker_6_Geodude_2,ROCK_TUNNEL_3F,ROCK_TUNNEL_1F,Geodude,Defense Curl,Badge_4,,24
RockTunnel3F_Hiker_6,RockTunnel3F_Hiker_6_Geodude_2,ROCK_TUNNEL_3F,ROCK_TUNNEL_1F,Geodude,Rock Throw,Badge_4,,24
RockTunnel3F_Hiker_6,RockTunnel3F_Hiker_6_Geodude_2,ROCK_TUNNEL_3F,ROCK_TUNNEL_1F,Geodude,Dig,Badge_4,,24
RockTunnel3F_Hiker_6,RockTunnel3F_Hiker_6_Graveler_3,ROCK_TUNNEL_3F,ROCK_TUNNEL_1F,Graveler,Tackle,Badge_4,,24
RockTunnel3F_Hiker_6,RockTunnel3F_Hiker_6_Graveler_3,ROCK_TUNNEL_3F,ROCK_TUNNEL_1F,Graveler,Defense Curl,Badge_4,,24
RockTunnel3F_Hiker_6,RockTunnel3F_Hiker_6_Graveler_3,ROCK_TUNNEL_3F,ROCK_TUNNEL_1F,Graveler,Rock Throw,Badge_4,,24
RockTunnel3F_Hiker_6,RockTunnel3F_Hiker_6_Graveler_3,ROCK_TUNNEL_3F,ROCK_TUNNEL_1F,Graveler,Dig,Badge_4,,24
RockTunnel3F_PokéManiac_3,RockTunnel3F_PokéManiac_3_Slowpoke_1,ROCK_TUNNEL_3F,ROCK_TUNNEL_1F,Slowpoke,Water Gun,Badge_4,,23
RockTunnel3F_PokéManiac_3,RockTunnel3F_PokéManiac_3_Slowpoke_1,ROCK_TUNNEL_3F,ROCK_TUNNEL_1F,Slowpoke,Confusion,Badge_4,,23
RockTunnel3F_PokéManiac_3,RockTunnel3F_PokéManiac_3_Slowpoke_1,ROCK_TUNNEL_3F,ROCK_TUNNEL_1F,Slowpoke,Disable,Badge_4,,23
RockTunnel3F_PokéManiac_3,RockTunnel3F_PokéManiac_3_Slowpoke_1,ROCK_TUNNEL_3F,ROCK_TUNNEL_1F,Slowpoke,Headbutt,Badge_4,,23
RockTunnel3F_PokéManiac_3,RockTunnel3F_PokéManiac_3_Lickitung_2,ROCK_TUNNEL_3F,ROCK_TUNNEL_1F,Lickitung,Stomp,Badge_4,,23
RockTunnel3F_PokéManiac_3,RockTunnel3F_PokéManiac_3_Lickitung_2,ROCK_TUNNEL_3F,ROCK_TUNNEL_1F,Lickitung,Disable,Badge_4,,23
RockTunnel3F_PokéManiac_3,RockTunnel3F_PokéManiac_3_Lickitung_2,ROCK_TUNNEL_3F,ROCK_TUNNEL_1F,Lickitung,Headbutt,Badge_4,,23
RockTunnel3F_PokéManiac_3,RockTunnel3F_PokéManiac_3_Lickitung_2,ROCK_TUNNEL_3F,ROCK_TUNNEL_1F,Lickitung,Defense Curl,Badge_4,,23
RockTunnel3F_PokéManiac_3,RockTunnel3F_PokéManiac_3_Slowpoke_2,ROCK_TUNNEL_3F,ROCK_TUNNEL_1F,Slowpoke,Water Gun,Badge_4,,23
RockTunnel3F_PokéManiac_3,RockTunnel3F_PokéManiac_3_Slowpoke_2,ROCK_TUNNEL_3F,ROCK_TUNNEL_1F,Slowpoke,Confusion,Badge_4,,23
RockTunnel3F_PokéManiac_3,RockTunnel3F_PokéManiac_3_Slowpoke_2,ROCK_TUNNEL_3F,ROCK_TUNNEL_1F,Slowpoke,Disable,Badge_4,,23
RockTunnel3F_PokéManiac_3,RockTunnel3F_PokéManiac_3_Slowpoke_2,ROCK_TUNNEL_3F,ROCK_TUNNEL_1F,Slowpoke,Headbutt,Badge_4,,23
RockTunnel3F_Channeler_1,RockTunnel3F_Channeler_1_Gastly_1,ROCK_TUNNEL_3F,ROCK_TUNNEL_1F,Gastly,Confuse Ray,Badge_4,,26
RockTunnel3F_Channeler_1,RockTunnel3F_Channeler_1_Gastly_1,ROCK_TUNNEL_3F,ROCK_TUNNEL_1F,Gastly,Smog,Badge_4,,26
RockTunnel3F_Channeler_1,RockTunnel3F_Channeler_1_Gastly_1,ROCK_TUNNEL_3F,ROCK_TUNNEL_1F,Gastly,Psywave,Badge_4,,26
RockTunnel3F_Channeler_1,RockTunnel3F_Channeler_1_Gastly_1,ROCK_TUNNEL_3F,ROCK_TUNNEL_1F,Gastly,Poison Gas,Badge_4,,26
RockTunnel3F_Channeler_2,RockTunnel3F_Channeler_2_Shellder_1,ROCK_TUNNEL_3F,ROCK_TUNNEL_1F,Shellder,Supersonic,Badge_4,,26
RockTunnel3F_Channeler_2,RockTunnel3F_Channeler_2_Shellder_1,ROCK_TUNNEL_3F,ROCK_TUNNEL_1F,Shellder,Leer,Badge_4,,26
RockTunnel3F_Channeler_2,RockTunnel3F_Channeler_2_Shellder_1,ROCK_TUNNEL_3F,ROCK_TUNNEL_1F,Shellder,Aurora Beam,Badge_4,,26
RockTunnel3F_Channeler_2,RockTunnel3F_Channeler_2_Shellder_1,ROCK_TUNNEL_3F,ROCK_TUNNEL_1F,Shellder,Bubblebeam,Badge_4,,26
RockTunnel4F_Channeler_3,RockTunnel4F_Channeler_3_Gastly_1,ROCK_TUNNEL_4F,ROCK_TUNNEL_B1F,Gastly,Confuse Ray,Badge_4,,27
RockTunnel4F_Channeler_3,RockTunnel4F_Channeler_3_Gastly_1,ROCK_TUNNEL_4F,ROCK_TUNNEL_B1F,Gastly,Smog,Badge_4,,27
RockTunnel4F_Channeler_3,RockTunnel4F_Channeler_3_Gastly_1,ROCK_TUNNEL_4F,ROCK_TUNNEL_B1F,Gastly,Psywave,Badge_4,,27
RockTunnel4F_Channeler_3,RockTunnel4F_Channeler_3_Gastly_1,ROCK_TUNNEL_4F,ROCK_TUNNEL_B1F,Gastly,Poison Gas,Badge_4,,27
RockTunnel4F_Channeler_4,RockTunnel4F_Channeler_4_Gastly_1,ROCK_TUNNEL_4F,ROCK_TUNNEL_B1F,Gastly,Confuse Ray,Badge_4,,28
RockTunnel4F_Channeler_4,RockTunnel4F_Channeler_4_Gastly_1,ROCK_TUNNEL_4F,ROCK_TUNNEL_B1F,Gastly,Smog,Badge_4,,28
RockTunnel4F_Channeler_4,RockTunnel4F_Channeler_4_Gastly_1,ROCK_TUNNEL_4F,ROCK_TUNNEL_B1F,Gastly,Psywave,Badge_4,,28
RockTunnel4F_Channeler_4,RockTunnel4F_Channeler_4_Gastly_1,ROCK_TUNNEL_4F,ROCK_TUNNEL_B1F,Gastly,Poison Gas,Badge_4,,28
RockTunnel4F_Channeler_4,RockTunnel4F_Channeler_4_Drowzee_2,ROCK_TUNNEL_4F,ROCK_TUNNEL_B1F,Drowzee,Hypnosis,Badge_4,,28
RockTunnel4F_Channeler_4,RockTunnel4F_Channeler_4_Drowzee_2,ROCK_TUNNEL_4F,ROCK_TUNNEL_B1F,Drowzee,Disable,Badge_4,,28
RockTunnel4F_Channeler_4,RockTunnel4F_Channeler_4_Drowzee_2,ROCK_TUNNEL_4F,ROCK_TUNNEL_B1F,Drowzee,Confusion,Badge_4,,28
RockTunnel4F_Channeler_4,RockTunnel4F_Channeler_4_Drowzee_2,ROCK_TUNNEL_4F,ROCK_TUNNEL_B1F,Drowzee,Headbutt,Badge_4,,28
RockTunnel4F_Channeler_5,RockTunnel4F_Channeler_5_Haunter_1,ROCK_TUNNEL_4F,ROCK_TUNNEL_B1F,Haunter,Lick,Badge_4,,29
RockTunnel4F_Channeler_5,RockTunnel4F_Channeler_5_Haunter_1,ROCK_TUNNEL_4F,ROCK_TUNNEL_B1F,Haunter,Confuse Ray,Badge_4,,29
RockTunnel4F_Channeler_5,RockTunnel4F_Channeler_5_Haunter_1,ROCK_TUNNEL_4F,ROCK_TUNNEL_B1F,Haunter,Smog,Badge_4,,29
RockTunnel4F_Channeler_5,RockTunnel4F_Channeler_5_Haunter_1,ROCK_TUNNEL_4F,ROCK_TUNNEL_B1F,Haunter,Psywave,Badge_4,,29
RockTunnel4F_Channeler_6,RockTunnel4F_Channeler_6_Gastly_1,ROCK_TUNNEL_4F,ROCK_TUNNEL_B1F,Gastly,Confuse Ray,Badge_4,,27
RockTunnel4F_Channeler_6,RockTunnel4F_Channeler_6_Gastly_1,ROCK_TUNNEL_4F,ROCK_TUNNEL_B1F,Gastly,Smog,Badge_4,,27
RockTunnel4F_Channeler_6,RockTunnel4F_Channeler_6_Gastly_1,ROCK_TUNNEL_4F,ROCK_TUNNEL_B1F,Gastly,Psywave,Badge_4,,27
RockTunnel4F_Channeler_6,RockTunnel4F_Channeler_6_Gastly_1,ROCK_TUNNEL_4F,ROCK_TUNNEL_B1F,Gastly,Poison Gas,Badge_4,,27
RockTunnel4F_Channeler_6,RockTunnel4F_Channeler_6_Shellder_2,ROCK_TUNNEL_4F,ROCK_TUNNEL_B1F,Shellder,Supersonic,Badge_4,,27
RockTunnel4F_Channeler_6,RockTunnel4F_Channeler_6_Shellder_2,ROCK_TUNNEL_4F,ROCK_TUNNEL_B1F,Shellder,Leer,Badge_4,,27
RockTunnel4F_Channeler_6,RockTunnel4F_Channeler_6_Shellder_2,ROCK_TUNNEL_4F,ROCK_TUNNEL_B1F,Shellder,Aurora Beam,Badge_4,,27
RockTunnel4F_Channeler_6,RockTunnel4F_Channeler_6_Shellder_2,ROCK_TUNNEL_4F,ROCK_TUNNEL_B1F,Shellder,Bubblebeam,Badge_4,,27
PokemonTower5F_Channeler_8,PokemonTower5F_Channeler_8_Gastly_1,POKEMON_TOWER_5F,POKEMON_TOWER_5F,Gastly,Confuse Ray,Badge_5,,30
PokemonTower5F_Channeler_8,PokemonTower5F_Channeler_8_Gastly_1,POKEMON_TOWER_5F,POKEMON_TOWER_5F,Gastly,Smog,Badge_5,,30
PokemonTower5F_Channeler_8,PokemonTower5F_Channeler_8_Gastly_1,POKEMON_TOWER_5F,POKEMON_TOWER_5F,Gastly,Psywave,Badge_5,,30
PokemonTower5F_Channeler_8,PokemonTower5F_Channeler_8_Gastly_1,POKEMON_TOWER_5F,POKEMON_TOWER_5F,Gastly,Poison Gas,Badge_5,,30
PokemonTower5F_Channeler_8,PokemonTower5F_Channeler_8_Gastly_2,POKEMON_TOWER_5F,POKEMON_TOWER_5F,Gastly,Confuse Ray,Badge_5,,30
PokemonTower5F_Channeler_8,PokemonTower5F_Channeler_8_Gastly_2,POKEMON_TOWER_5F,POKEMON_TOWER_5F,Gastly,Smog,Badge_5,,30
PokemonTower5F_Channeler_8,PokemonTower5F_Channeler_8_Gastly_2,POKEMON_TOWER_5F,POKEMON_TOWER_5F,Gastly,Psywave,Badge_5,,30
PokemonTower5F_Channeler_8,PokemonTower5F_Channeler_8_Gastly_2,POKEMON_TOWER_5F,POKEMON_TOWER_5F,Gastly,Poison Gas,Badge_5,,30
PokemonTower5F_Channeler_9,PokemonTower5F_Channeler_9_Gastly_1,POKEMON_TOWER_5F,POKEMON_TOWER_5F,Gastly,Confuse Ray,Badge_5,,28
PokemonTower5F_Channeler_9,PokemonTower5F_Channeler_9_Gastly_1,POKEMON_TOWER_5F,POKEMON_TOWER_5F,Gastly,Smog,Badge_5,,28
PokemonTower5F_Channeler_9,PokemonTower5F_Channeler_9_Gastly_1,POKEMON_TOWER_5F,POKEMON_TOWER_5F,Gastly,Psywave,Badge_5,,28
PokemonTower5F_Channeler_9,PokemonTower5F_Channeler_9_Gastly_1,POKEMON_TOWER_5F,POKEMON_TOWER_5F,Gastly,Poison Gas,Badge_5,,28
PokemonTower5F_Channeler_9,PokemonTower5F_Channeler_9_Drowzee_2,POKEMON_TOWER_5F,POKEMON_TOWER_5F,Drowzee,Hypnosis,Badge_5,,28
PokemonTower5F_Channeler_9,PokemonTower5F_Channeler_9_Drowzee_2,POKEMON_TOWER_5F,POKEMON_TOWER_5F,Drowzee,Disable,Badge_5,,28
PokemonTower5F_Channeler_9,PokemonTower5F_Channeler_9_Drowzee_2,POKEMON_TOWER_5F,POKEMON_TOWER_5F,Drowzee,Confusion,Badge_5,,28
PokemonTower5F_Channeler_9,PokemonTower5F_Channeler_9_Drowzee_2,POKEMON_TOWER_5F,POKEMON_TOWER_5F,Drowzee,Headbutt,Badge_5,,28
PokemonTower5F_Channeler_10,PokemonTower5F_Channeler_10_Shellder_1,POKEMON_TOWER_5F,POKEMON_TOWER_5F,Shellder,Supersonic,Badge_5,,28
PokemonTower5F_Channeler_10,PokemonTower5F_Channeler_10_Shellder_1,POKEMON_TOWER_5F,POKEMON_TOWER_5F,Shellder,Leer,Badge_5,,28
PokemonTower5F_Channeler_10,PokemonTower5F_Channeler_10_Shellder_1,POKEMON_TOWER_5F,POKEMON_TOWER_5F,Shellder,Aurora Beam,Badge_5,,28
PokemonTower5F_Channeler_10,PokemonTower5F_Channeler_10_Shellder_1,POKEMON_TOWER_5F,POKEMON_TOWER_5F,Shellder,Bubblebeam,Badge_5,,28
PokemonTower5F_Channeler_10,PokemonTower5F_Channeler_10_Gastly_2,POKEMON_TOWER_5F,POKEMON_TOWER_5F,Gastly,Confuse Ray,Badge_5,,28
PokemonTower5F_Channeler_10,PokemonTower5F_Channeler_10_Gastly_2,POKEMON_TOWER_5F,POKEMON_TOWER_5F,Gastly,Smog,Badge_5,,28
PokemonTower5F_Channeler_10,PokemonTower5F_Channeler_10_Gastly_2,POKEMON_TOWER_5F,POKEMON_TOWER_5F,Gastly,Psywave,Badge_5,,28
PokemonTower5F_Channeler_10,PokemonTower5F_Channeler_10_Gastly_2,POKEMON_TOWER_5F,POKEMON_TOWER_5F,Gastly,Poison Gas,Badge_5,,28
PokemonTower6F_Channeler_11,PokemonTower6F_Channeler_11_Gastly_1,POKEMON_TOWER_6F,POKEMON_TOWER_6F,Gastly,Confuse Ray,Badge_5,,32
PokemonTower6F_Channeler_11,PokemonTower6F_Channeler_11_Gastly_1,POKEMON_TOWER_6F,POKEMON_TOWER_6F,Gastly,Smog,Badge_5,,32
PokemonTower6F_Channeler_11,PokemonTower6F_Channeler_11_Gastly_1,POKEMON_TOWER_6F,POKEMON_TOWER_6F,Gastly,Psywave,Badge_5,,32
PokemonTower6F_Channeler_11,PokemonTower6F_Channeler_11_Gastly_1,POKEMON_TOWER_6F,POKEMON_TOWER_6F,Gastly,Poison Gas,Badge_5,,32
PokemonTower6F_Channeler_11,PokemonTower6F_Channeler_11_Drowzee_2,POKEMON_TOWER_6F,POKEMON_TOWER_6F,Drowzee,Confusion,Badge_5,,32
PokemonTower6F_Channeler_11,PokemonTower6F_Channeler_11_Drowzee_2,POKEMON_TOWER_6F,POKEMON_TOWER_6F,Drowzee,Headbutt,Badge_5,,32
PokemonTower6F_Channeler_11,PokemonTower6F_Channeler_11_Drowzee_2,POKEMON_TOWER_6F,POKEMON_TOWER_6F,Drowzee,Poison Gas,Badge_5,,32
PokemonTower6F_Channeler_11,PokemonTower6F_Channeler_11_Drowzee_2,POKEMON_TOWER_6F,POKEMON_TOWER_6F,Drowzee,Psychic,Badge_5,,32
PokemonTower6F_Channeler_11,PokemonTower6F_Channeler_11_Gastly_2,POKEMON_TOWER_6F,POKEMON_TOWER_6F,Gastly,Confuse Ray,Badge_5,,32
PokemonTower6F_Channeler_11,PokemonTower6F_Channeler_11_Gastly_2,POKEMON_TOWER_6F,POKEMON_TOWER_6F,Gastly,Smog,Badge_5,,32
PokemonTower6F_Channeler_11,PokemonTower6F_Channeler_11_Gastly_2,POKEMON_TOWER_6F,POKEMON_TOWER_6F,Gastly,Psywave,Badge_5,,32
PokemonTower6F_Channeler_11,PokemonTower6F_Channeler_11_Gastly_2,POKEMON_TOWER_6F,POKEMON_TOWER_6F,Gastly,Poison Gas,Badge_5,,32
PokemonTower6F_Lass_1,PokemonTower6F_Lass_1_Cubone_1,POKEMON_TOWER_6F,POKEMON_TOWER_6F,Cubone,Bone Club,Badge_5,,26
PokemonTower6F_Lass_1,PokemonTower6F_Lass_1_Cubone_1,POKEMON_TOWER_6F,POKEMON_TOWER_6F,Cubone,Tail Whip,Badge_5,,26
PokemonTower6F_Lass_1,PokemonTower6F_Lass_1_Cubone_1,POKEMON_TOWER_6F,POKEMON_TOWER_6F,Cubone,Headbutt,Badge_5,,26
PokemonTower6F_Lass_1,PokemonTower6F_Lass_1_Cubone_1,POKEMON_TOWER_6F,POKEMON_TOWER_6F,Cubone,Focus Energy,Badge_5,,26
PokemonTower6F_Lass_1,PokemonTower6F_Lass_1_Clefable_2,POKEMON_TOWER_6F,POKEMON_TOWER_6F,Clefable,Growl,Badge_5,,26
PokemonTower6F_Lass_1,PokemonTower6F_Lass_1_Clefable_2,POKEMON_TOWER_6F,POKEMON_TOWER_6F,Clefable,Doubleslap,Badge_5,,26
PokemonTower6F_Lass_1,PokemonTower6F_Lass_1_Clefable_2,POKEMON_TOWER_6F,POKEMON_TOWER_6F,Clefable,Minimize,Badge_5,,26
PokemonTower6F_Lass_1,PokemonTower6F_Lass_1_Clefable_2,POKEMON_TOWER_6F,POKEMON_TOWER_6F,Clefable,Defense Curl,Badge_5,,26
PokemonTower6F_Gambler_1,PokemonTower6F_Gambler_1_Magnemite_1,POKEMON_TOWER_6F,POKEMON_TOWER_6F,Magnemite,Sonicboom,Badge_5,,27
PokemonTower6F_Gambler_1,PokemonTower6F_Gambler_1_Magnemite_1,POKEMON_TOWER_6F,POKEMON_TOWER_6F,Magnemite,Thunder Wave,Badge_5,,27
PokemonTower6F_Gambler_1,PokemonTower6F_Gambler_1_Magnemite_1,POKEMON_TOWER_6F,POKEMON_TOWER_6F,Magnemite,Swift,Badge_5,,27
PokemonTower6F_Gambler_1,PokemonTower6F_Gambler_1_Magnemite_1,POKEMON_TOWER_6F,POKEMON_TOWER_6F,Magnemite,Reflect,Badge_5,,27
PokemonTower6F_Gambler_1,PokemonTower6F_Gambler_1_Shellder_2,POKEMON_TOWER_6F,POKEMON_TOWER_6F,Shellder,Supersonic,Badge_5,,27
PokemonTower6F_Gambler_1,PokemonTower6F_Gambler_1_Shellder_2,POKEMON_TOWER_6F,POKEMON_TOWER_6F,Shellder,Leer,Badge_5,,27
PokemonTower6F_Gambler_1,PokemonTower6F_Gambler_1_Shellder_2,POKEMON_TOWER_6F,POKEMON_TOWER_6F,Shellder,Aurora Beam,Badge_5,,27
PokemonTower6F_Gambler_1,PokemonTower6F_Gambler_1_Shellder_2,POKEMON_TOWER_6F,POKEMON_TOWER_6F,Shellder,Bubblebeam,Badge_5,,27
PokemonTower6F_Super_Nerd_1,PokemonTower6F_Super_Nerd_1_Grimer_1,POKEMON_TOWER_6F,POKEMON_TOWER_6F,Grimer,Acid,Badge_5,,27
PokemonTower6F_Super_Nerd_1,PokemonTower6F_Super_Nerd_1_Grimer_1,POKEMON_TOWER_6F,POKEMON_TOWER_6F,Grimer,Poison Gas,Badge_5,,27
PokemonTower6F_Super_Nerd_1,PokemonTower6F_Super_Nerd_1_Grimer_1,POKEMON_TOWER_6F,POKEMON_TOWER_6F,Grimer,Acid Armor,Badge_5,,27
PokemonTower6F_Super_Nerd_1,PokemonTower6F_Super_Nerd_1_Grimer_1,POKEMON_TOWER_6F,POKEMON_TOWER_6F,Grimer,Minimize,Badge_5,,27
PokemonTower6F_Super_Nerd_1,PokemonTower6F_Super_Nerd_1_Gyarados_2,POKEMON_TOWER_6F,POKEMON_TOWER_6F,Gyarados,Tackle,Badge_5,,27
PokemonTower6F_Super_Nerd_1,PokemonTower6F_Super_Nerd_1_Gyarados_2,POKEMON_TOWER_6F,POKEMON_TOWER_6F,Gyarados,Bite,Badge_5,,27
PokemonTower6F_Super_Nerd_1,PokemonTower6F_Super_Nerd_1_Gyarados_2,POKEMON_TOWER_6F,POKEMON_TOWER_6F,Gyarados,Gust,Badge_5,,27
PokemonTower6F_Super_Nerd_1,PokemonTower6F_Super_Nerd_1_Gyarados_2,POKEMON_TOWER_6F,POKEMON_TOWER_6F,Gyarados,Waterfall,Badge_5,,27
PokemonTower6F_Super_Nerd_1,PokemonTower6F_Super_Nerd_1_Grimer_2,POKEMON_TOWER_6F,POKEMON_TOWER_6F,Grimer,Acid,Badge_5,,27
PokemonTower6F_Super_Nerd_1,PokemonTower6F_Super_Nerd_1_Grimer_2,POKEMON_TOWER_6F,POKEMON_TOWER_6F,Grimer,Poison Gas,Badge_5,,27
PokemonTower6F_Super_Nerd_1,PokemonTower6F_Super_Nerd_1_Grimer_2,POKEMON_TOWER_6F,POKEMON_TOWER_6F,Grimer,Acid Armor,Badge_5,,27
PokemonTower6F_Super_Nerd_1,PokemonTower6F_Super_Nerd_1_Grimer_2,POKEMON_TOWER_6F,POKEMON_TOWER_6F,Grimer,Minimize,Badge_5,,27
PokemonTower6F_Lass_2,PokemonTower6F_Lass_2_Weepinbell_1,POKEMON_TOWER_6F,POKEMON_TOWER_6F,Weepinbell,Poisonpowder,Badge_5,,26
PokemonTower6F_Lass_2,PokemonTower6F_Lass_2_Weepinbell_1,POKEMON_TOWER_6F,POKEMON_TOWER_6F,Weepinbell,Vine Whip,Badge_5,,26
PokemonTower6F_Lass_2,PokemonTower6F_Lass_2_Weepinbell_1,POKEMON_TOWER_6F,POKEMON_TOWER_6F,Weepinbell,Stun Spore,Badge_5,,26
PokemonTower6F_Lass_2,PokemonTower6F_Lass_2_Weepinbell_1,POKEMON_TOWER_6F,POKEMON_TOWER_6F,Weepinbell,Acid,Badge_5,,26
PokemonTower6F_Lass_2,PokemonTower6F_Lass_2_Nidorina_2,POKEMON_TOWER_6F,POKEMON_TOWER_6F,Nidorina,Bite,Badge_5,,26
PokemonTower6F_Lass_2,PokemonTower6F_Lass_2_Nidorina_2,POKEMON_TOWER_6F,POKEMON_TOWER_6F,Nidorina,Double Kick,Badge_5,,26
PokemonTower6F_Lass_2,PokemonTower6F_Lass_2_Nidorina_2,POKEMON_TOWER_6F,POKEMON_TOWER_6F,Nidorina,Headbutt,Badge_5,,26
PokemonTower6F_Lass_2,PokemonTower6F_Lass_2_Nidorina_2,POKEMON_TOWER_6F,POKEMON_TOWER_6F,Nidorina,Dig,Badge_5,,26
PokemonTower6F_Super_Nerd_2,PokemonTower6F_Super_Nerd_2_Koffing_1,POKEMON_TOWER_6F,POKEMON_TOWER_6F,Koffing,Tackle,Badge_5,,28
PokemonTower6F_Super_Nerd_2,PokemonTower6F_Super_Nerd_2_Koffing_1,POKEMON_TOWER_6F,POKEMON_TOWER_6F,Koffing,Smog,Badge_5,,28
PokemonTower6F_Super_Nerd_2,PokemonTower6F_Super_Nerd_2_Koffing_1,POKEMON_TOWER_6F,POKEMON_TOWER_6F,Koffing,Acid,Badge_5,,28
PokemonTower6F_Super_Nerd_2,PokemonTower6F_Super_Nerd_2_Koffing_1,POKEMON_TOWER_6F,POKEMON_TOWER_6F,Koffing,Smokescreen,Badge_5,,28
PokemonTower6F_Lass_3,PokemonTower6F_Lass_3_Meowth_1,POKEMON_TOWER_6F,POKEMON_TOWER_6F,Meowth,Fury Swipes,Badge_5,,27
PokemonTower6F_Lass_3,PokemonTower6F_Lass_3_Meowth_1,POKEMON_TOWER_6F,POKEMON_TOWER_6F,Meowth,Bite,Badge_5,,27
PokemonTower6F_Lass_3,PokemonTower6F_Lass_3_Meowth_1,POKEMON_TOWER_6F,POKEMON_TOWER_6F,Meowth,Pay Day,Badge_5,,27
PokemonTower6F_Lass_3,PokemonTower6F_Lass_3_Meowth_1,POKEMON_TOWER_6F,POKEMON_TOWER_6F,Meowth,Screech,Badge_5,,27
PokemonTower6F_Lass_3,PokemonTower6F_Lass_3_Lickitung_2,POKEMON_TOWER_6F,POKEMON_TOWER_6F,Lickitung,Stomp,Badge_5,,27
PokemonTower6F_Lass_3,PokemonTower6F_Lass_3_Lickitung_2,POKEMON_TOWER_6F,POKEMON_TOWER_6F,Lickitung,Disable,Badge_5,,27
PokemonTower6F_Lass_3,PokemonTower6F_Lass_3_Lickitung_2,POKEMON_TOWER_6F,POKEMON_TOWER_6F,Lickitung,Headbutt,Badge_5,,27
PokemonTower6F_Lass_3,PokemonTower6F_Lass_3_Lickitung_2,POKEMON_TOWER_6F,POKEMON_TOWER_6F,Lickitung,Defense Curl,Badge_5,,27
PokemonTower6F_Lass_3,PokemonTower6F_Lass_3_Nidorina_3,POKEMON_TOWER_6F,POKEMON_TOWER_6F,Nidorina,Double Kick,Badge_5,,27
PokemonTower6F_Lass_3,PokemonTower6F_Lass_3_Nidorina_3,POKEMON_TOWER_6F,POKEMON_TOWER_6F,Nidorina,Headbutt,Badge_5,,27
PokemonTower6F_Lass_3,PokemonTower6F_Lass_3_Nidorina_3,POKEMON_TOWER_6F,POKEMON_TOWER_6F,Nidorina,Dig,Badge_5,,27
PokemonTower6F_Lass_3,PokemonTower6F_Lass_3_Nidorina_3,POKEMON_TOWER_6F,POKEMON_TOWER_6F,Nidorina,Tail Whip,Badge_5,,27
PokemonTower6F_Lass_4,PokemonTower6F_Lass_4_Pidgeotto_1,POKEMON_TOWER_6F,POKEMON_TOWER_6F,Pidgeotto,Sand Attack,Badge_5,,24
PokemonTower6F_Lass_4,PokemonTower6F_Lass_4_Pidgeotto_1,POKEMON_TOWER_6F,POKEMON_TOWER_6F,Pidgeotto,Quick Attack,Badge_5,,24
PokemonTower6F_Lass_4,PokemonTower6F_Lass_4_Pidgeotto_1,POKEMON_TOWER_6F,POKEMON_TOWER_6F,Pidgeotto,Wing Attack,Badge_5,,24
PokemonTower6F_Lass_4,PokemonTower6F_Lass_4_Pidgeotto_1,POKEMON_TOWER_6F,POKEMON_TOWER_6F,Pidgeotto,Whirlwind,Badge_5,,24
PokemonTower6F_Lass_4,PokemonTower6F_Lass_4_Raticate_2,POKEMON_TOWER_6F,POKEMON_TOWER_6F,Raticate,Bite,Badge_5,,24
PokemonTower6F_Lass_4,PokemonTower6F_Lass_4_Raticate_2,POKEMON_TOWER_6F,POKEMON_TOWER_6F,Raticate,Hyper Fang,Badge_5,,24
PokemonTower6F_Lass_4,PokemonTower6F_Lass_4_Raticate_2,POKEMON_TOWER_6F,POKEMON_TOWER_6F,Raticate,Focus Energy,Badge_5,,24
PokemonTower6F_Lass_4,PokemonTower6F_Lass_4_Raticate_2,POKEMON_TOWER_6F,POKEMON_TOWER_6F,Raticate,Dig,Badge_5,,24
PokemonTower6F_Lass_4,PokemonTower6F_Lass_4_Nidorina_3,POKEMON_TOWER_6F,POKEMON_TOWER_6F,Nidorina,Bite,Badge_5,,24
PokemonTower6F_Lass_4,PokemonTower6F_Lass_4_Nidorina_3,POKEMON_TOWER_6F,POKEMON_TOWER_6F,Nidorina,Double Kick,Badge_5,,24
PokemonTower6F_Lass_4,PokemonTower6F_Lass_4_Nidorina_3,POKEMON_TOWER_6F,POKEMON_TOWER_6F,Nidorina,Headbutt,Badge_5,,24
PokemonTower6F_Lass_4,PokemonTower6F_Lass_4_Nidorina_3,POKEMON_TOWER_6F,POKEMON_TOWER_6F,Nidorina,Dig,Badge_5,,24
PokemonTower6F_Lass_4,PokemonTower6F_Lass_4_Meowth_4,POKEMON_TOWER_6F,POKEMON_TOWER_6F,Meowth,Fury Swipes,Badge_5,,24
PokemonTower6F_Lass_4,PokemonTower6F_Lass_4_Meowth_4,POKEMON_TOWER_6F,POKEMON_TOWER_6F,Meowth,Bite,Badge_5,,24
PokemonTower6F_Lass_4,PokemonTower6F_Lass_4_Meowth_4,POKEMON_TOWER_6F,POKEMON_TOWER_6F,Meowth,Pay Day,Badge_5,,24
PokemonTower6F_Lass_4,PokemonTower6F_Lass_4_Meowth_4,POKEMON_TOWER_6F,POKEMON_TOWER_6F,Meowth,Screech,Badge_5,,24
PokemonTower6F_Lass_4,PokemonTower6F_Lass_4_Nidorino_5,POKEMON_TOWER_6F,POKEMON_TOWER_6F,Nidorino,Double Kick,Badge_5,,24
PokemonTower6F_Lass_4,PokemonTower6F_Lass_4_Nidorino_5,POKEMON_TOWER_6F,POKEMON_TOWER_6F,Nidorino,Poison Sting,Badge_5,,24
PokemonTower6F_Lass_4,PokemonTower6F_Lass_4_Nidorino_5,POKEMON_TOWER_6F,POKEMON_TOWER_6F,Nidorino,Bite,Badge_5,,24
PokemonTower6F_Lass_4,PokemonTower6F_Lass_4_Nidorino_5,POKEMON_TOWER_6F,POKEMON_TOWER_6F,Nidorino,Dig,Badge_5,,24
PokemonTower6F_Gambler_2,PokemonTower6F_Gambler_2_Poliwag_1,POKEMON_TOWER_6F,POKEMON_TOWER_6F,Poliwag,Mist,Badge_5,,24
PokemonTower6F_Gambler_2,PokemonTower6F_Gambler_2_Poliwag_1,POKEMON_TOWER_6F,POKEMON_TOWER_6F,Poliwag,Bubble,Badge_5,,24
PokemonTower6F_Gambler_2,PokemonTower6F_Gambler_2_Poliwag_1,POKEMON_TOWER_6F,POKEMON_TOWER_6F,Poliwag,Water Gun,Badge_5,,24
PokemonTower6F_Gambler_2,PokemonTower6F_Gambler_2_Poliwag_1,POKEMON_TOWER_6F,POKEMON_TOWER_6F,Poliwag,Bubblebeam,Badge_5,,24
PokemonTower6F_Gambler_2,PokemonTower6F_Gambler_2_Poliwag_2,POKEMON_TOWER_6F,POKEMON_TOWER_6F,Poliwag,Mist,Badge_5,,24
PokemonTower6F_Gambler_2,PokemonTower6F_Gambler_2_Poliwag_2,POKEMON_TOWER_6F,POKEMON_TOWER_6F,Poliwag,Bubble,Badge_5,,24
PokemonTower6F_Gambler_2,PokemonTower6F_Gambler_2_Poliwag_2,POKEMON_TOWER_6F,POKEMON_TOWER_6F,Poliwag,Water Gun,Badge_5,,24
PokemonTower6F_Gambler_2,PokemonTower6F_Gambler_2_Poliwag_2,POKEMON_TOWER_6F,POKEMON_TOWER_6F,Poliwag,Bubblebeam,Badge_5,,24
PokemonTower6F_Gambler_2,PokemonTower6F_Gambler_2_Poliwhirl_3,POKEMON_TOWER_6F,POKEMON_TOWER_6F,Poliwhirl,Doubleslap,Badge_5,,27
PokemonTower6F_Gambler_2,PokemonTower6F_Gambler_2_Poliwhirl_3,POKEMON_TOWER_6F,POKEMON_TOWER_6F,Poliwhirl,Water Gun,Badge_5,,27
PokemonTower6F_Gambler_2,PokemonTower6F_Gambler_2_Poliwhirl_3,POKEMON_TOWER_6F,POKEMON_TOWER_6F,Poliwhirl,Bubblebeam,Badge_5,,27
PokemonTower6F_Gambler_2,PokemonTower6F_Gambler_2_Poliwhirl_3,POKEMON_TOWER_6F,POKEMON_TOWER_6F,Poliwhirl,Karate Chop,Badge_5,,27
PokemonTower6F_Super_Nerd_3,PokemonTower6F_Super_Nerd_3_Ekans_1,POKEMON_TOWER_6F,POKEMON_TOWER_6F,Ekans,Bite,Badge_5,,26
PokemonTower6F_Super_Nerd_3,PokemonTower6F_Super_Nerd_3_Ekans_1,POKEMON_TOWER_6F,POKEMON_TOWER_6F,Ekans,Acid,Badge_5,,26
PokemonTower6F_Super_Nerd_3,PokemonTower6F_Super_Nerd_3_Ekans_1,POKEMON_TOWER_6F,POKEMON_TOWER_6F,Ekans,Substitute,Badge_5,,26
PokemonTower6F_Super_Nerd_3,PokemonTower6F_Super_Nerd_3_Ekans_1,POKEMON_TOWER_6F,POKEMON_TOWER_6F,Ekans,Glare,Badge_5,,26
PokemonTower6F_Super_Nerd_3,PokemonTower6F_Super_Nerd_3_Koffing_2,POKEMON_TOWER_6F,POKEMON_TOWER_6F,Koffing,Tackle,Badge_5,,26
PokemonTower6F_Super_Nerd_3,PokemonTower6F_Super_Nerd_3_Koffing_2,POKEMON_TOWER_6F,POKEMON_TOWER_6F,Koffing,Smog,Badge_5,,26
PokemonTower6F_Super_Nerd_3,PokemonTower6F_Super_Nerd_3_Koffing_2,POKEMON_TOWER_6F,POKEMON_TOWER_6F,Koffing,Acid,Badge_5,,26
PokemonTower6F_Super_Nerd_3,PokemonTower6F_Super_Nerd_3_Ekans_2,POKEMON_TOWER_6F,POKEMON_TOWER_6F,Ekans,Bite,Badge_5,,26
PokemonTower6F_Super_Nerd_3,PokemonTower6F_Super_Nerd_3_Ekans_2,POKEMON_TOWER_6F,POKEMON_TOWER_6F,Ekans,Acid,Badge_5,,26
PokemonTower6F_Super_Nerd_3,PokemonTower6F_Super_Nerd_3_Ekans_2,POKEMON_TOWER_6F,POKEMON_TOWER_6F,Ekans,Substitute,Badge_5,,26
PokemonTower6F_Super_Nerd_3,PokemonTower6F_Super_Nerd_3_Ekans_2,POKEMON_TOWER_6F,POKEMON_TOWER_6F,Ekans,Glare,Badge_5,,26
PokemonTower6F_Super_Nerd_3,PokemonTower6F_Super_Nerd_3_Shellder_4,POKEMON_TOWER_6F,POKEMON_TOWER_6F,Shellder,Supersonic,Badge_5,,26
PokemonTower6F_Super_Nerd_3,PokemonTower6F_Super_Nerd_3_Shellder_4,POKEMON_TOWER_6F,POKEMON_TOWER_6F,Shellder,Leer,Badge_5,,26
PokemonTower6F_Super_Nerd_3,PokemonTower6F_Super_Nerd_3_Shellder_4,POKEMON_TOWER_6F,POKEMON_TOWER_6F,Shellder,Aurora Beam,Badge_5,,26
PokemonTower6F_Super_Nerd_3,PokemonTower6F_Super_Nerd_3_Shellder_4,POKEMON_TOWER_6F,POKEMON_TOWER_6F,Shellder,Bubblebeam,Badge_5,,26
PokemonTower6F_Rocket_1,PokemonTower6F_Rocket_1_Raticate_1,POKEMON_TOWER_6F,POKEMON_TOWER_6F,Raticate,Quick Attack,Badge_5,,23
PokemonTower6F_Rocket_1,PokemonTower6F_Rocket_1_Raticate_1,POKEMON_TOWER_6F,POKEMON_TOWER_6F,Raticate,Bite,Badge_5,,23
PokemonTower6F_Rocket_1,PokemonTower6F_Rocket_1_Raticate_1,POKEMON_TOWER_6F,POKEMON_TOWER_6F,Raticate,Hyper Fang,Badge_5,,23
PokemonTower6F_Rocket_1,PokemonTower6F_Rocket_1_Raticate_1,POKEMON_TOWER_6F,POKEMON_TOWER_6F,Raticate,Focus Energy,Badge_5,,23
PokemonTower6F_Rocket_1,PokemonTower6F_Rocket_1_Golbat_2,POKEMON_TOWER_6F,POKEMON_TOWER_6F,Golbat,Gust,Badge_5,,23
PokemonTower6F_Rocket_1,PokemonTower6F_Rocket_1_Golbat_2,POKEMON_TOWER_6F,POKEMON_TOWER_6F,Golbat,Bite,Badge_5,,23
PokemonTower6F_Rocket_1,PokemonTower6F_Rocket_1_Golbat_2,POKEMON_TOWER_6F,POKEMON_TOWER_6F,Golbat,Confuse Ray,Badge_5,,23
PokemonTower6F_Rocket_1,PokemonTower6F_Rocket_1_Golbat_2,POKEMON_TOWER_6F,POKEMON_TOWER_6F,Golbat,Wing Attack,Badge_5,,23
PokemonTower6F_Rocket_1,PokemonTower6F_Rocket_1_Drowzee_1,POKEMON_TOWER_6F,POKEMON_TOWER_6F,Drowzee,Hypnosis,Badge_5,,25
PokemonTower6F_Rocket_1,PokemonTower6F_Rocket_1_Drowzee_1,POKEMON_TOWER_6F,POKEMON_TOWER_6F,Drowzee,Disable,Badge_5,,25
PokemonTower6F_Rocket_1,PokemonTower6F_Rocket_1_Drowzee_1,POKEMON_TOWER_6F,POKEMON_TOWER_6F,Drowzee,Confusion,Badge_5,,25
PokemonTower6F_Rocket_1,PokemonTower6F_Rocket_1_Drowzee_1,POKEMON_TOWER_6F,POKEMON_TOWER_6F,Drowzee,Headbutt,Badge_5,,25
PokemonTower6F_Rocket_1,PokemonTower6F_Rocket_1_Machop_2,POKEMON_TOWER_6F,POKEMON_TOWER_6F,Machop,Low Kick,Badge_5,,25
PokemonTower6F_Rocket_1,PokemonTower6F_Rocket_1_Machop_2,POKEMON_TOWER_6F,POKEMON_TOWER_6F,Machop,Leer,Badge_5,,25
PokemonTower6F_Rocket_1,PokemonTower6F_Rocket_1_Machop_2,POKEMON_TOWER_6F,POKEMON_TOWER_6F,Machop,Focus Energy,Badge_5,,25
PokemonTower6F_Rocket_1,PokemonTower6F_Rocket_1_Machop_2,POKEMON_TOWER_6F,POKEMON_TOWER_6F,Machop,Seismic Toss,Badge_5,,25
PokemonTower6F_Rocket_2,PokemonTower6F_Rocket_2_Ekans_1,POKEMON_TOWER_6F,POKEMON_TOWER_6F,Ekans,Bite,Badge_5,,26
PokemonTower6F_Rocket_2,PokemonTower6F_Rocket_2_Ekans_1,POKEMON_TOWER_6F,POKEMON_TOWER_6F,Ekans,Acid,Badge_5,,26
PokemonTower6F_Rocket_2,PokemonTower6F_Rocket_2_Ekans_1,POKEMON_TOWER_6F,POKEMON_TOWER_6F,Ekans,Substitute,Badge_5,,26
PokemonTower6F_Rocket_2,PokemonTower6F_Rocket_2_Ekans_1,POKEMON_TOWER_6F,POKEMON_TOWER_6F,Ekans,Glare,Badge_5,,26
PokemonTower6F_Rocket_2,PokemonTower6F_Rocket_2_Raticate_2,POKEMON_TOWER_6F,POKEMON_TOWER_6F,Raticate,Bite,Badge_5,,26
PokemonTower6F_Rocket_2,PokemonTower6F_Rocket_2_Raticate_2,POKEMON_TOWER_6F,POKEMON_TOWER_6F,Raticate,Hyper Fang,Badge_5,,26
PokemonTower6F_Rocket_2,PokemonTower6F_Rocket_2_Raticate_2,POKEMON_TOWER_6F,POKEMON_TOWER_6F,Raticate,Focus Energy,Badge_5,,26
PokemonTower6F_Rocket_2,PokemonTower6F_Rocket_2_Raticate_2,POKEMON_TOWER_6F,POKEMON_TOWER_6F,Raticate,Dig,Badge_5,,26
PokemonTower6F_Rocket_7,PokemonTower6F_Rocket_7_Drowzee_1,POKEMON_TOWER_6F,POKEMON_TOWER_6F,Drowzee,Hypnosis,Badge_5,,26
PokemonTower6F_Rocket_7,PokemonTower6F_Rocket_7_Drowzee_1,POKEMON_TOWER_6F,POKEMON_TOWER_6F,Drowzee,Disable,Badge_5,,26
PokemonTower6F_Rocket_7,PokemonTower6F_Rocket_7_Drowzee_1,POKEMON_TOWER_6F,POKEMON_TOWER_6F,Drowzee,Confusion,Badge_5,,26
PokemonTower6F_Rocket_7,PokemonTower6F_Rocket_7_Drowzee_1,POKEMON_TOWER_6F,POKEMON_TOWER_6F,Drowzee,Headbutt,Badge_5,,26
PokemonTower6F_Rocket_7,PokemonTower6F_Rocket_7_Sandshrew_2,POKEMON_TOWER_6F,POKEMON_TOWER_6F,Sandshrew,Sand Attack,Badge_5,,26
PokemonTower6F_Rocket_7,PokemonTower6F_Rocket_7_Sandshrew_2,POKEMON_TOWER_6F,POKEMON_TOWER_6F,Sandshrew,Dig,Badge_5,,26
PokemonTower6F_Rocket_7,PokemonTower6F_Rocket_7_Sandshrew_2,POKEMON_TOWER_6F,POKEMON_TOWER_6F,Sandshrew,Swift,Badge_5,,26
PokemonTower6F_Rocket_7,PokemonTower6F_Rocket_7_Sandshrew_2,POKEMON_TOWER_6F,POKEMON_TOWER_6F,Sandshrew,Slash,Badge_5,,26
PokemonTower6F_Rocket_7,PokemonTower6F_Rocket_7_Raticate_3,POKEMON_TOWER_6F,POKEMON_TOWER_6F,Raticate,Bite,Badge_5,,26
PokemonTower6F_Rocket_7,PokemonTower6F_Rocket_7_Raticate_3,POKEMON_TOWER_6F,POKEMON_TOWER_6F,Raticate,Hyper Fang,Badge_5,,26
PokemonTower6F_Rocket_7,PokemonTower6F_Rocket_7_Raticate_3,POKEMON_TOWER_6F,POKEMON_TOWER_6F,Raticate,Focus Energy,Badge_5,,26
PokemonTower6F_Rocket_7,PokemonTower6F_Rocket_7_Raticate_3,POKEMON_TOWER_6F,POKEMON_TOWER_6F,Raticate,Dig,Badge_5,,26
PokemonTower6F_Rocket_8,PokemonTower6F_Rocket_8_Grimer_1,POKEMON_TOWER_6F,POKEMON_TOWER_6F,Grimer,Harden,Badge_5,,25
PokemonTower6F_Rocket_8,PokemonTower6F_Rocket_8_Grimer_1,POKEMON_TOWER_6F,POKEMON_TOWER_6F,Grimer,Acid,Badge_5,,25
PokemonTower6F_Rocket_8,PokemonTower6F_Rocket_8_Grimer_1,POKEMON_TOWER_6F,POKEMON_TOWER_6F,Grimer,Poison Gas,Badge_5,,25
PokemonTower6F_Rocket_8,PokemonTower6F_Rocket_8_Grimer_1,POKEMON_TOWER_6F,POKEMON_TOWER_6F,Grimer,Acid Armor,Badge_5,,25
PokemonTower6F_Rocket_8,PokemonTower6F_Rocket_8_Koffing_2,POKEMON_TOWER_6F,POKEMON_TOWER_6F,Koffing,Tackle,Badge_5,,25
PokemonTower6F_Rocket_8,PokemonTower6F_Rocket_8_Koffing_2,POKEMON_TOWER_6F,POKEMON_TOWER_6F,Koffing,Smog,Badge_5,,25
PokemonTower6F_Rocket_8,PokemonTower6F_Rocket_8_Koffing_2,POKEMON_TOWER_6F,POKEMON_TOWER_6F,Koffing,Acid,Badge_5,,25
PokemonTower6F_Rocket_8,PokemonTower6F_Rocket_8_Seel_3,POKEMON_TOWER_6F,POKEMON_TOWER_6F,Seel,Water Gun,Badge_5,,25
PokemonTower6F_Rocket_8,PokemonTower6F_Rocket_8_Seel_3,POKEMON_TOWER_6F,POKEMON_TOWER_6F,Seel,Aurora Beam,Badge_5,,25
PokemonTower6F_Rocket_8,PokemonTower6F_Rocket_8_Seel_3,POKEMON_TOWER_6F,POKEMON_TOWER_6F,Seel,Rest,Badge_5,,25
PokemonTower6F_Rocket_8,PokemonTower6F_Rocket_8_Seel_3,POKEMON_TOWER_6F,POKEMON_TOWER_6F,Seel,Bubblebeam,Badge_5,,25
PokemonTowerB2F_Rocket_9,PokemonTowerB2F_Rocket_9_Golbat_1,POKEMON_TOWER_B2F,POKEMON_TOWER_2F,Golbat,Gust,Badge_5,,25
PokemonTowerB2F_Rocket_9,PokemonTowerB2F_Rocket_9_Golbat_1,POKEMON_TOWER_B2F,POKEMON_TOWER_2F,Golbat,Bite,Badge_5,,25
PokemonTowerB2F_Rocket_9,PokemonTowerB2F_Rocket_9_Golbat_1,POKEMON_TOWER_B2F,POKEMON_TOWER_2F,Golbat,Confuse Ray,Badge_5,,25
PokemonTowerB2F_Rocket_9,PokemonTowerB2F_Rocket_9_Golbat_1,POKEMON_TOWER_B2F,POKEMON_TOWER_2F,Golbat,Wing Attack,Badge_5,,25
PokemonTowerB2F_Rocket_9,PokemonTowerB2F_Rocket_9_Arbok_2,POKEMON_TOWER_B2F,POKEMON_TOWER_2F,Arbok,Bite,Badge_5,,25
PokemonTowerB2F_Rocket_9,PokemonTowerB2F_Rocket_9_Arbok_2,POKEMON_TOWER_B2F,POKEMON_TOWER_2F,Arbok,Acid,Badge_5,,25
PokemonTowerB2F_Rocket_9,PokemonTowerB2F_Rocket_9_Arbok_2,POKEMON_TOWER_B2F,POKEMON_TOWER_2F,Arbok,Substitute,Badge_5,,25
PokemonTowerB2F_Rocket_9,PokemonTowerB2F_Rocket_9_Arbok_2,POKEMON_TOWER_B2F,POKEMON_TOWER_2F,Arbok,Glare,Badge_5,,25
PokemonTowerB2F_Rocket_9,PokemonTowerB2F_Rocket_9_Grimer_3,POKEMON_TOWER_B2F,POKEMON_TOWER_2F,Grimer,Harden,Badge_5,,25
PokemonTowerB2F_Rocket_9,PokemonTowerB2F_Rocket_9_Grimer_3,POKEMON_TOWER_B2F,POKEMON_TOWER_2F,Grimer,Acid,Badge_5,,25
PokemonTowerB2F_Rocket_9,PokemonTowerB2F_Rocket_9_Grimer_3,POKEMON_TOWER_B2F,POKEMON_TOWER_2F,Grimer,Poison Gas,Badge_5,,25
PokemonTowerB2F_Rocket_9,PokemonTowerB2F_Rocket_9_Grimer_3,POKEMON_TOWER_B2F,POKEMON_TOWER_2F,Grimer,Acid Armor,Badge_5,,25
PokemonTowerB2F_Rocket_9,PokemonTowerB2F_Rocket_9_Raticate_4,POKEMON_TOWER_B2F,POKEMON_TOWER_2F,Raticate,Bite,Badge_5,,25
PokemonTowerB2F_Rocket_9,PokemonTowerB2F_Rocket_9_Raticate_4,POKEMON_TOWER_B2F,POKEMON_TOWER_2F,Raticate,Hyper Fang,Badge_5,,25
PokemonTowerB2F_Rocket_9,PokemonTowerB2F_Rocket_9_Raticate_4,POKEMON_TOWER_B2F,POKEMON_TOWER_2F,Raticate,Focus Energy,Badge_5,,25
PokemonTowerB2F_Rocket_9,PokemonTowerB2F_Rocket_9_Raticate_4,POKEMON_TOWER_B2F,POKEMON_TOWER_2F,Raticate,Dig,Badge_5,,25
PokemonTowerB2F_Rocket_3,PokemonTowerB2F_Rocket_3_Machoke_1,POKEMON_TOWER_B2F,POKEMON_TOWER_2F,Machoke,Low Kick,Badge_5,,24
PokemonTowerB2F_Rocket_3,PokemonTowerB2F_Rocket_3_Machoke_1,POKEMON_TOWER_B2F,POKEMON_TOWER_2F,Machoke,Leer,Badge_5,,24
PokemonTowerB2F_Rocket_3,PokemonTowerB2F_Rocket_3_Machoke_1,POKEMON_TOWER_B2F,POKEMON_TOWER_2F,Machoke,Focus Energy,Badge_5,,24
PokemonTowerB2F_Rocket_3,PokemonTowerB2F_Rocket_3_Machoke_1,POKEMON_TOWER_B2F,POKEMON_TOWER_2F,Machoke,Seismic Toss,Badge_5,,24
PokemonTowerB2F_Rocket_3,PokemonTowerB2F_Rocket_3_Arbok_2,POKEMON_TOWER_B2F,POKEMON_TOWER_2F,Arbok,Poison Sting,Badge_5,,24
PokemonTowerB2F_Rocket_3,PokemonTowerB2F_Rocket_3_Arbok_2,POKEMON_TOWER_B2F,POKEMON_TOWER_2F,Arbok,Bite,Badge_5,,24
PokemonTowerB2F_Rocket_3,PokemonTowerB2F_Rocket_3_Arbok_2,POKEMON_TOWER_B2F,POKEMON_TOWER_2F,Arbok,Acid,Badge_5,,24
PokemonTowerB2F_Rocket_3,PokemonTowerB2F_Rocket_3_Arbok_2,POKEMON_TOWER_B2F,POKEMON_TOWER_2F,Arbok,Substitute,Badge_5,,24
PokemonTowerB4F_Rocket_5,PokemonTowerB4F_Rocket_5_Ekans_1,POKEMON_TOWER_B4F,POKEMON_TOWER_4F,Ekans,Bite,Badge_5,,26
PokemonTowerB4F_Rocket_5,PokemonTowerB4F_Rocket_5_Ekans_1,POKEMON_TOWER_B4F,POKEMON_TOWER_4F,Ekans,Acid,Badge_5,,26
PokemonTowerB4F_Rocket_5,PokemonTowerB4F_Rocket_5_Ekans_1,POKEMON_TOWER_B4F,POKEMON_TOWER_4F,Ekans,Substitute,Badge_5,,26
PokemonTowerB4F_Rocket_5,PokemonTowerB4F_Rocket_5_Ekans_1,POKEMON_TOWER_B4F,POKEMON_TOWER_4F,Ekans,Glare,Badge_5,,26
PokemonTowerB4F_Rocket_5,PokemonTowerB4F_Rocket_5_Raticate_2,POKEMON_TOWER_B4F,POKEMON_TOWER_4F,Raticate,Bite,Badge_5,,26
PokemonTowerB4F_Rocket_5,PokemonTowerB4F_Rocket_5_Raticate_2,POKEMON_TOWER_B4F,POKEMON_TOWER_4F,Raticate,Hyper Fang,Badge_5,,26
PokemonTowerB4F_Rocket_5,PokemonTowerB4F_Rocket_5_Raticate_2,POKEMON_TOWER_B4F,POKEMON_TOWER_4F,Raticate,Focus Energy,Badge_5,,26
PokemonTowerB4F_Rocket_5,PokemonTowerB4F_Rocket_5_Raticate_2,POKEMON_TOWER_B4F,POKEMON_TOWER_4F,Raticate,Dig,Badge_5,,26
PokemonTowerB4F_Rocket_5,PokemonTowerB4F_Rocket_5_Drowzee_3,POKEMON_TOWER_B4F,POKEMON_TOWER_4F,Drowzee,Hypnosis,Badge_5,,26
PokemonTowerB4F_Rocket_5,PokemonTowerB4F_Rocket_5_Drowzee_3,POKEMON_TOWER_B4F,POKEMON_TOWER_4F,Drowzee,Disable,Badge_5,,26
PokemonTowerB4F_Rocket_5,PokemonTowerB4F_Rocket_5_Drowzee_3,POKEMON_TOWER_B4F,POKEMON_TOWER_4F,Drowzee,Confusion,Badge_5,,26
PokemonTowerB4F_Rocket_5,PokemonTowerB4F_Rocket_5_Drowzee_3,POKEMON_TOWER_B4F,POKEMON_TOWER_4F,Drowzee,Headbutt,Badge_5,,26
PokemonTowerB4F_Rocket_6_Lift_Key,PokemonTowerB4F_Rocket_6_Lift_Key_Koffing_1,POKEMON_TOWER_B4F,POKEMON_TOWER_4F,Koffing,Tackle,Badge_5,,26
PokemonTowerB4F_Rocket_6_Lift_Key,PokemonTowerB4F_Rocket_6_Lift_Key_Koffing_1,POKEMON_TOWER_B4F,POKEMON_TOWER_4F,Koffing,Smog,Badge_5,,26
PokemonTowerB4F_Rocket_6_Lift_Key,PokemonTowerB4F_Rocket_6_Lift_Key_Koffing_1,POKEMON_TOWER_B4F,POKEMON_TOWER_4F,Koffing,Acid,Badge_5,,26
PokemonTowerB4F_Rocket_6_Lift_Key,PokemonTowerB4F_Rocket_6_Lift_Key_Golbat_2,POKEMON_TOWER_B4F,POKEMON_TOWER_4F,Golbat,Gust,Badge_5,,26
PokemonTowerB4F_Rocket_6_Lift_Key,PokemonTowerB4F_Rocket_6_Lift_Key_Golbat_2,POKEMON_TOWER_B4F,POKEMON_TOWER_4F,Golbat,Bite,Badge_5,,26
PokemonTowerB4F_Rocket_6_Lift_Key,PokemonTowerB4F_Rocket_6_Lift_Key_Golbat_2,POKEMON_TOWER_B4F,POKEMON_TOWER_4F,Golbat,Confuse Ray,Badge_5,,26
PokemonTowerB4F_Rocket_6_Lift_Key,PokemonTowerB4F_Rocket_6_Lift_Key_Golbat_2,POKEMON_TOWER_B4F,POKEMON_TOWER_4F,Golbat,Wing Attack,Badge_5,,26
PokemonTowerB4F_Lass_1,PokemonTowerB4F_Lass_1_Gloom_1,POKEMON_TOWER_B4F,POKEMON_TOWER_4F,Gloom,Leech Seed,Badge_5,,28
PokemonTowerB4F_Lass_1,PokemonTowerB4F_Lass_1_Gloom_1,POKEMON_TOWER_B4F,POKEMON_TOWER_4F,Gloom,Absorb,Badge_5,,28
PokemonTowerB4F_Lass_1,PokemonTowerB4F_Lass_1_Gloom_1,POKEMON_TOWER_B4F,POKEMON_TOWER_4F,Gloom,Acid,Badge_5,,28
PokemonTowerB4F_Lass_1,PokemonTowerB4F_Lass_1_Gloom_1,POKEMON_TOWER_B4F,POKEMON_TOWER_4F,Gloom,Mega Drain,Badge_5,,28
PokemonTowerB4F_Lass_1,PokemonTowerB4F_Lass_1_Weepinbell_2,POKEMON_TOWER_B4F,POKEMON_TOWER_4F,Weepinbell,Vine Whip,Badge_5,,28
PokemonTowerB4F_Lass_1,PokemonTowerB4F_Lass_1_Weepinbell_2,POKEMON_TOWER_B4F,POKEMON_TOWER_4F,Weepinbell,Stun Spore,Badge_5,,28
PokemonTowerB4F_Lass_1,PokemonTowerB4F_Lass_1_Weepinbell_2,POKEMON_TOWER_B4F,POKEMON_TOWER_4F,Weepinbell,Acid,Badge_5,,28
PokemonTowerB4F_Lass_1,PokemonTowerB4F_Lass_1_Weepinbell_2,POKEMON_TOWER_B4F,POKEMON_TOWER_4F,Weepinbell,Headbutt,Badge_5,,28
PokemonTowerB4F_Beauty_1,PokemonTowerB4F_Beauty_1_Tangela_1,POKEMON_TOWER_B4F,POKEMON_TOWER_4F,Tangela,Vine Whip,Badge_5,,29
PokemonTowerB4F_Beauty_1,PokemonTowerB4F_Beauty_1_Tangela_1,POKEMON_TOWER_B4F,POKEMON_TOWER_4F,Tangela,Poisonpowder,Badge_5,,29
PokemonTowerB4F_Beauty_1,PokemonTowerB4F_Beauty_1_Tangela_1,POKEMON_TOWER_B4F,POKEMON_TOWER_4F,Tangela,Stun Spore,Badge_5,,29
PokemonTowerB4F_Beauty_1,PokemonTowerB4F_Beauty_1_Tangela_1,POKEMON_TOWER_B4F,POKEMON_TOWER_4F,Tangela,Sleep Powder,Badge_5,,29
PokemonTowerB4F_Beauty_1,PokemonTowerB4F_Beauty_1_Weepinbell_2,POKEMON_TOWER_B4F,POKEMON_TOWER_4F,Weepinbell,Stun Spore,Badge_5,,29
PokemonTowerB4F_Beauty_1,PokemonTowerB4F_Beauty_1_Weepinbell_2,POKEMON_TOWER_B4F,POKEMON_TOWER_4F,Weepinbell,Acid,Badge_5,,29
PokemonTowerB4F_Beauty_1,PokemonTowerB4F_Beauty_1_Weepinbell_2,POKEMON_TOWER_B4F,POKEMON_TOWER_4F,Weepinbell,Headbutt,Badge_5,,29
PokemonTowerB4F_Beauty_1,PokemonTowerB4F_Beauty_1_Weepinbell_2,POKEMON_TOWER_B4F,POKEMON_TOWER_4F,Weepinbell,Razor Leaf,Badge_5,,29
PokemonTowerB4F_Beauty_1,PokemonTowerB4F_Beauty_1_Exeggcute_3,POKEMON_TOWER_B4F,POKEMON_TOWER_4F,Exeggcute,Leech Seed,Badge_5,,29
PokemonTowerB4F_Beauty_1,PokemonTowerB4F_Beauty_1_Exeggcute_3,POKEMON_TOWER_B4F,POKEMON_TOWER_4F,Exeggcute,Confusion,Badge_5,,29
PokemonTowerB4F_Beauty_1,PokemonTowerB4F_Beauty_1_Exeggcute_3,POKEMON_TOWER_B4F,POKEMON_TOWER_4F,Exeggcute,Mega Drain,Badge_5,,29
PokemonTowerB4F_Beauty_1,PokemonTowerB4F_Beauty_1_Exeggcute_3,POKEMON_TOWER_B4F,POKEMON_TOWER_4F,Exeggcute,Reflect,Badge_5,,29
PokemonTowerB4F_Beauty_2,PokemonTowerB4F_Beauty_2_Tangela_1,POKEMON_TOWER_B4F,POKEMON_TOWER_4F,Tangela,Vine Whip,Badge_5,,30
PokemonTowerB4F_Beauty_2,PokemonTowerB4F_Beauty_2_Tangela_1,POKEMON_TOWER_B4F,POKEMON_TOWER_4F,Tangela,Poisonpowder,Badge_5,,30
PokemonTowerB4F_Beauty_2,PokemonTowerB4F_Beauty_2_Tangela_1,POKEMON_TOWER_B4F,POKEMON_TOWER_4F,Tangela,Stun Spore,Badge_5,,30
PokemonTowerB4F_Beauty_2,PokemonTowerB4F_Beauty_2_Tangela_1,POKEMON_TOWER_B4F,POKEMON_TOWER_4F,Tangela,Sleep Powder,Badge_5,,30
PokemonTowerB4F_Beauty_2,PokemonTowerB4F_Beauty_2_Ivysaur_2,POKEMON_TOWER_B4F,POKEMON_TOWER_4F,Ivysaur,Acid,Badge_5,,30
PokemonTowerB4F_Beauty_2,PokemonTowerB4F_Beauty_2_Ivysaur_2,POKEMON_TOWER_B4F,POKEMON_TOWER_4F,Ivysaur,Poisonpowder,Badge_5,,30
PokemonTowerB4F_Beauty_2,PokemonTowerB4F_Beauty_2_Ivysaur_2,POKEMON_TOWER_B4F,POKEMON_TOWER_4F,Ivysaur,Sleep Powder,Badge_5,,30
PokemonTowerB4F_Beauty_2,PokemonTowerB4F_Beauty_2_Ivysaur_2,POKEMON_TOWER_B4F,POKEMON_TOWER_4F,Ivysaur,Razor Leaf,Badge_5,,30
PokemonTowerB4F_Jr_Trainer_1,PokemonTowerB4F_Jr_Trainer_1_Bulbasaur_1,POKEMON_TOWER_B4F,POKEMON_TOWER_4F,Bulbasaur,Vine Whip,Badge_5,,29
PokemonTowerB4F_Jr_Trainer_1,PokemonTowerB4F_Jr_Trainer_1_Bulbasaur_1,POKEMON_TOWER_B4F,POKEMON_TOWER_4F,Bulbasaur,Poisonpowder,Badge_5,,29
PokemonTowerB4F_Jr_Trainer_1,PokemonTowerB4F_Jr_Trainer_1_Bulbasaur_1,POKEMON_TOWER_B4F,POKEMON_TOWER_4F,Bulbasaur,Sleep Powder,Badge_5,,29
PokemonTowerB4F_Jr_Trainer_1,PokemonTowerB4F_Jr_Trainer_1_Bulbasaur_1,POKEMON_TOWER_B4F,POKEMON_TOWER_4F,Bulbasaur,Razor Leaf,Badge_5,,29
PokemonTowerB4F_Jr_Trainer_1,PokemonTowerB4F_Jr_Trainer_1_Ivysaur_2,POKEMON_TOWER_B4F,POKEMON_TOWER_4F,Ivysaur,Acid,Badge_5,,29
PokemonTowerB4F_Jr_Trainer_1,PokemonTowerB4F_Jr_Trainer_1_Ivysaur_2,POKEMON_TOWER_B4F,POKEMON_TOWER_4F,Ivysaur,Poisonpowder,Badge_5,,29
PokemonTowerB4F_Jr_Trainer_1,PokemonTowerB4F_Jr_Trainer_1_Ivysaur_2,POKEMON_TOWER_B4F,POKEMON_TOWER_4F,Ivysaur,Sleep Powder,Badge_5,,29
PokemonTowerB4F_Jr_Trainer_1,PokemonTowerB4F_Jr_Trainer_1_Ivysaur_2,POKEMON_TOWER_B4F,POKEMON_TOWER_4F,Ivysaur,Razor Leaf,Badge_5,,29
PokemonTowerB4F_Beauty_3,PokemonTowerB4F_Beauty_3_Parasect_1,POKEMON_TOWER_B4F,POKEMON_TOWER_4F,Parasect,Poisonpowder,Badge_5,,32
PokemonTowerB4F_Beauty_3,PokemonTowerB4F_Beauty_3_Parasect_1,POKEMON_TOWER_B4F,POKEMON_TOWER_4F,Parasect,Spore,Badge_5,,32
PokemonTowerB4F_Beauty_3,PokemonTowerB4F_Beauty_3_Parasect_1,POKEMON_TOWER_B4F,POKEMON_TOWER_4F,Parasect,Mega Drain,Badge_5,,32
PokemonTowerB4F_Beauty_3,PokemonTowerB4F_Beauty_3_Parasect_1,POKEMON_TOWER_B4F,POKEMON_TOWER_4F,Parasect,Slash,Badge_5,,32
PokemonTowerB4F_Cooltrainer_1,PokemonTowerB4F_Cooltrainer_1_Weepinbell_1,POKEMON_TOWER_B4F,POKEMON_TOWER_4F,Weepinbell,Stun Spore,Badge_5,,29
PokemonTowerB4F_Cooltrainer_1,PokemonTowerB4F_Cooltrainer_1_Weepinbell_1,POKEMON_TOWER_B4F,POKEMON_TOWER_4F,Weepinbell,Acid,Badge_5,,29
PokemonTowerB4F_Cooltrainer_1,PokemonTowerB4F_Cooltrainer_1_Weepinbell_1,POKEMON_TOWER_B4F,POKEMON_TOWER_4F,Weepinbell,Headbutt,Badge_5,,29
PokemonTowerB4F_Cooltrainer_1,PokemonTowerB4F_Cooltrainer_1_Weepinbell_1,POKEMON_TOWER_B4F,POKEMON_TOWER_4F,Weepinbell,Razor Leaf,Badge_5,,29
PokemonTowerB4F_Cooltrainer_1,PokemonTowerB4F_Cooltrainer_1_Gloom_2,POKEMON_TOWER_B4F,POKEMON_TOWER_4F,Gloom,Leech Seed,Badge_5,,29
PokemonTowerB4F_Cooltrainer_1,PokemonTowerB4F_Cooltrainer_1_Gloom_2,POKEMON_TOWER_B4F,POKEMON_TOWER_4F,Gloom,Absorb,Badge_5,,29
PokemonTowerB4F_Cooltrainer_1,PokemonTowerB4F_Cooltrainer_1_Gloom_2,POKEMON_TOWER_B4F,POKEMON_TOWER_4F,Gloom,Acid,Badge_5,,29
PokemonTowerB4F_Cooltrainer_1,PokemonTowerB4F_Cooltrainer_1_Gloom_2,POKEMON_TOWER_B4F,POKEMON_TOWER_4F,Gloom,Mega Drain,Badge_5,,29
PokemonTowerB4F_Cooltrainer_1,PokemonTowerB4F_Cooltrainer_1_Ivysaur_3,POKEMON_TOWER_B4F,POKEMON_TOWER_4F,Ivysaur,Acid,Badge_5,,29
PokemonTowerB4F_Cooltrainer_1,PokemonTowerB4F_Cooltrainer_1_Ivysaur_3,POKEMON_TOWER_B4F,POKEMON_TOWER_4F,Ivysaur,Poisonpowder,Badge_5,,29
PokemonTowerB4F_Cooltrainer_1,PokemonTowerB4F_Cooltrainer_1_Ivysaur_3,POKEMON_TOWER_B4F,POKEMON_TOWER_4F,Ivysaur,Sleep Powder,Badge_5,,29
PokemonTowerB4F_Cooltrainer_1,PokemonTowerB4F_Cooltrainer_1_Ivysaur_3,POKEMON_TOWER_B4F,POKEMON_TOWER_4F,Ivysaur,Razor Leaf,Badge_5,,29
PokemonTowerB4F_Lass_2,PokemonTowerB4F_Lass_2_Parasect_1,POKEMON_TOWER_B4F,POKEMON_TOWER_4F,Parasect,Leech Life,Badge_5,,29
PokemonTowerB4F_Lass_2,PokemonTowerB4F_Lass_2_Parasect_1,POKEMON_TOWER_B4F,POKEMON_TOWER_4F,Parasect,Poisonpowder,Badge_5,,29
PokemonTowerB4F_Lass_2,PokemonTowerB4F_Lass_2_Parasect_1,POKEMON_TOWER_B4F,POKEMON_TOWER_4F,Parasect,Spore,Badge_5,,29
PokemonTowerB4F_Lass_2,PokemonTowerB4F_Lass_2_Parasect_1,POKEMON_TOWER_B4F,POKEMON_TOWER_4F,Parasect,Mega Drain,Badge_5,,29
PokemonTowerB4F_Lass_2,PokemonTowerB4F_Lass_2_Exeggcute_2,POKEMON_TOWER_B4F,POKEMON_TOWER_4F,Exeggcute,Leech Seed,Badge_5,,29
PokemonTowerB4F_Lass_2,PokemonTowerB4F_Lass_2_Exeggcute_2,POKEMON_TOWER_B4F,POKEMON_TOWER_4F,Exeggcute,Confusion,Badge_5,,29
PokemonTowerB4F_Lass_2,PokemonTowerB4F_Lass_2_Exeggcute_2,POKEMON_TOWER_B4F,POKEMON_TOWER_4F,Exeggcute,Mega Drain,Badge_5,,29
PokemonTowerB4F_Lass_2,PokemonTowerB4F_Lass_2_Exeggcute_2,POKEMON_TOWER_B4F,POKEMON_TOWER_4F,Exeggcute,Reflect,Badge_5,,29
PokemonTowerB4F_Fisherman_1,PokemonTowerB4F_Fisherman_1_Goldeen_1,POKEMON_TOWER_B4F,POKEMON_TOWER_4F,Goldeen,Water Gun,Badge_5,,25
PokemonTowerB4F_Fisherman_1,PokemonTowerB4F_Fisherman_1_Goldeen_1,POKEMON_TOWER_B4F,POKEMON_TOWER_4F,Goldeen,Horn Attack,Badge_5,,25
PokemonTowerB4F_Fisherman_1,PokemonTowerB4F_Fisherman_1_Goldeen_1,POKEMON_TOWER_B4F,POKEMON_TOWER_4F,Goldeen,Waterfall,Badge_5,,25
PokemonTowerB4F_Fisherman_1,PokemonTowerB4F_Fisherman_1_Goldeen_1,POKEMON_TOWER_B4F,POKEMON_TOWER_4F,Goldeen,Fury Attack,Badge_5,,25
PokemonTowerB4F_Fisherman_1,PokemonTowerB4F_Fisherman_1_Poliwag_2,POKEMON_TOWER_B4F,POKEMON_TOWER_4F,Poliwag,Mist,Badge_5,,25
PokemonTowerB4F_Fisherman_1,PokemonTowerB4F_Fisherman_1_Poliwag_2,POKEMON_TOWER_B4F,POKEMON_TOWER_4F,Poliwag,Bubble,Badge_5,,25
PokemonTowerB4F_Fisherman_1,PokemonTowerB4F_Fisherman_1_Poliwag_2,POKEMON_TOWER_B4F,POKEMON_TOWER_4F,Poliwag,Water Gun,Badge_5,,25
PokemonTowerB4F_Fisherman_1,PokemonTowerB4F_Fisherman_1_Poliwag_2,POKEMON_TOWER_B4F,POKEMON_TOWER_4F,Poliwag,Bubblebeam,Badge_5,,25
PokemonTowerB4F_Fisherman_1,PokemonTowerB4F_Fisherman_1_Goldeen_2,POKEMON_TOWER_B4F,POKEMON_TOWER_4F,Goldeen,Water Gun,Badge_5,,25
PokemonTowerB4F_Fisherman_1,PokemonTowerB4F_Fisherman_1_Goldeen_2,POKEMON_TOWER_B4F,POKEMON_TOWER_4F,Goldeen,Horn Attack,Badge_5,,25
PokemonTowerB4F_Fisherman_1,PokemonTowerB4F_Fisherman_1_Goldeen_2,POKEMON_TOWER_B4F,POKEMON_TOWER_4F,Goldeen,Waterfall,Badge_5,,25
PokemonTowerB4F_Fisherman_1,PokemonTowerB4F_Fisherman_1_Goldeen_2,POKEMON_TOWER_B4F,POKEMON_TOWER_4F,Goldeen,Fury Attack,Badge_5,,25
PokemonTowerB4F_Fisherman_2,PokemonTowerB4F_Fisherman_2_Tentacool_1,POKEMON_TOWER_B4F,POKEMON_TOWER_4F,Tentacool,Supersonic,Badge_5,,26
PokemonTowerB4F_Fisherman_2,PokemonTowerB4F_Fisherman_2_Tentacool_1,POKEMON_TOWER_B4F,POKEMON_TOWER_4F,Tentacool,Water Gun,Badge_5,,26
PokemonTowerB4F_Fisherman_2,PokemonTowerB4F_Fisherman_2_Tentacool_1,POKEMON_TOWER_B4F,POKEMON_TOWER_4F,Tentacool,Acid,Badge_5,,26
PokemonTowerB4F_Fisherman_2,PokemonTowerB4F_Fisherman_2_Tentacool_1,POKEMON_TOWER_B4F,POKEMON_TOWER_4F,Tentacool,Bubblebeam,Badge_5,,26
PokemonTowerB4F_Fisherman_2,PokemonTowerB4F_Fisherman_2_Goldeen_2,POKEMON_TOWER_B4F,POKEMON_TOWER_4F,Goldeen,Water Gun,Badge_5,,26
PokemonTowerB4F_Fisherman_2,PokemonTowerB4F_Fisherman_2_Goldeen_2,POKEMON_TOWER_B4F,POKEMON_TOWER_4F,Goldeen,Horn Attack,Badge_5,,26
PokemonTowerB4F_Fisherman_2,PokemonTowerB4F_Fisherman_2_Goldeen_2,POKEMON_TOWER_B4F,POKEMON_TOWER_4F,Goldeen,Waterfall,Badge_5,,26
PokemonTowerB4F_Fisherman_2,PokemonTowerB4F_Fisherman_2_Goldeen_2,POKEMON_TOWER_B4F,POKEMON_TOWER_4F,Goldeen,Fury Attack,Badge_5,,26
PokemonTowerB4F_Fisherman_3,PokemonTowerB4F_Fisherman_3_Seaking_1,POKEMON_TOWER_B4F,POKEMON_TOWER_4F,Seaking,Water Gun,Badge_5,,28
PokemonTowerB4F_Fisherman_3,PokemonTowerB4F_Fisherman_3_Seaking_1,POKEMON_TOWER_B4F,POKEMON_TOWER_4F,Seaking,Horn Attack,Badge_5,,28
PokemonTowerB4F_Fisherman_3,PokemonTowerB4F_Fisherman_3_Seaking_1,POKEMON_TOWER_B4F,POKEMON_TOWER_4F,Seaking,Waterfall,Badge_5,,28
PokemonTowerB4F_Fisherman_3,PokemonTowerB4F_Fisherman_3_Seaking_1,POKEMON_TOWER_B4F,POKEMON_TOWER_4F,Seaking,Fury Attack,Badge_5,,28
PokemonTowerB4F_Fisherman_4,PokemonTowerB4F_Fisherman_4_Poliwag_1,POKEMON_TOWER_B4F,POKEMON_TOWER_4F,Poliwag,Mist,Badge_5,,24
PokemonTowerB4F_Fisherman_4,PokemonTowerB4F_Fisherman_4_Poliwag_1,POKEMON_TOWER_B4F,POKEMON_TOWER_4F,Poliwag,Bubble,Badge_5,,24
PokemonTowerB4F_Fisherman_4,PokemonTowerB4F_Fisherman_4_Poliwag_1,POKEMON_TOWER_B4F,POKEMON_TOWER_4F,Poliwag,Water Gun,Badge_5,,24
PokemonTowerB4F_Fisherman_4,PokemonTowerB4F_Fisherman_4_Poliwag_1,POKEMON_TOWER_B4F,POKEMON_TOWER_4F,Poliwag,Bubblebeam,Badge_5,,24
PokemonTowerB4F_Fisherman_4,PokemonTowerB4F_Fisherman_4_Magnemite_2,POKEMON_TOWER_B4F,POKEMON_TOWER_4F,Magnemite,Supersonic,Badge_5,,24
PokemonTowerB4F_Fisherman_4,PokemonTowerB4F_Fisherman_4_Magnemite_2,POKEMON_TOWER_B4F,POKEMON_TOWER_4F,Magnemite,Sonicboom,Badge_5,,24
PokemonTowerB4F_Fisherman_4,PokemonTowerB4F_Fisherman_4_Magnemite_2,POKEMON_TOWER_B4F,POKEMON_TOWER_4F,Magnemite,Thunder Wave,Badge_5,,24
PokemonTowerB4F_Fisherman_4,PokemonTowerB4F_Fisherman_4_Magnemite_2,POKEMON_TOWER_B4F,POKEMON_TOWER_4F,Magnemite,Swift,Badge_5,,24
PokemonTowerB4F_Fisherman_4,PokemonTowerB4F_Fisherman_4_Goldeen_3,POKEMON_TOWER_B4F,POKEMON_TOWER_4F,Goldeen,Water Gun,Badge_5,,24
PokemonTowerB4F_Fisherman_4,PokemonTowerB4F_Fisherman_4_Goldeen_3,POKEMON_TOWER_B4F,POKEMON_TOWER_4F,Goldeen,Horn Attack,Badge_5,,24
PokemonTowerB4F_Fisherman_4,PokemonTowerB4F_Fisherman_4_Goldeen_3,POKEMON_TOWER_B4F,POKEMON_TOWER_4F,Goldeen,Waterfall,Badge_5,,24
PokemonTowerB4F_Fisherman_4,PokemonTowerB4F_Fisherman_4_Goldeen_3,POKEMON_TOWER_B4F,POKEMON_TOWER_4F,Goldeen,Fury Attack,Badge_5,,24
PokemonTowerB4F_Fisherman_4,PokemonTowerB4F_Fisherman_4_Horsea_4,POKEMON_TOWER_B4F,POKEMON_TOWER_4F,Horsea,Water Gun,Badge_5,,24
PokemonTowerB4F_Fisherman_4,PokemonTowerB4F_Fisherman_4_Horsea_4,POKEMON_TOWER_B4F,POKEMON_TOWER_4F,Horsea,Smokescreen,Badge_5,,24
PokemonTowerB4F_Fisherman_4,PokemonTowerB4F_Fisherman_4_Horsea_4,POKEMON_TOWER_B4F,POKEMON_TOWER_4F,Horsea,Leer,Badge_5,,24
PokemonTowerB4F_Fisherman_4,PokemonTowerB4F_Fisherman_4_Horsea_4,POKEMON_TOWER_B4F,POKEMON_TOWER_4F,Horsea,Bubblebeam,Badge_5,,24
PokemonTowerB4F_Rocker_1,PokemonTowerB4F_Rocker_1_Nidorina_1,POKEMON_TOWER_B4F,POKEMON_TOWER_4F,Nidorina,Double Kick,Badge_5,,29
PokemonTowerB4F_Rocker_1,PokemonTowerB4F_Rocker_1_Nidorina_1,POKEMON_TOWER_B4F,POKEMON_TOWER_4F,Nidorina,Headbutt,Badge_5,,29
PokemonTowerB4F_Rocker_1,PokemonTowerB4F_Rocker_1_Nidorina_1,POKEMON_TOWER_B4F,POKEMON_TOWER_4F,Nidorina,Dig,Badge_5,,29
PokemonTowerB4F_Rocker_1,PokemonTowerB4F_Rocker_1_Nidorina_1,POKEMON_TOWER_B4F,POKEMON_TOWER_4F,Nidorina,Tail Whip,Badge_5,,29
PokemonTowerB4F_Rocker_1,PokemonTowerB4F_Rocker_1_Nidorino_2,POKEMON_TOWER_B4F,POKEMON_TOWER_4F,Nidorino,Poison Sting,Badge_5,,29
PokemonTowerB4F_Rocker_1,PokemonTowerB4F_Rocker_1_Nidorino_2,POKEMON_TOWER_B4F,POKEMON_TOWER_4F,Nidorino,Bite,Badge_5,,29
PokemonTowerB4F_Rocker_1,PokemonTowerB4F_Rocker_1_Nidorino_2,POKEMON_TOWER_B4F,POKEMON_TOWER_4F,Nidorino,Dig,Badge_5,,29
PokemonTowerB4F_Rocker_1,PokemonTowerB4F_Rocker_1_Nidorino_2,POKEMON_TOWER_B4F,POKEMON_TOWER_4F,Nidorino,Focus Energy,Badge_5,,29
PokemonTowerB4F_Jr_Trainer_1,PokemonTowerB4F_Jr_Trainer_1_Magikarp_1,POKEMON_TOWER_B4F,POKEMON_TOWER_4F,Magikarp,Splash,Badge_5,,29
PokemonTowerB4F_Jr_Trainer_1,PokemonTowerB4F_Jr_Trainer_1_Magikarp_1,POKEMON_TOWER_B4F,POKEMON_TOWER_4F,Magikarp,Tackle,Badge_5,,29
PokemonTowerB4F_Jr_Trainer_1,PokemonTowerB4F_Jr_Trainer_1_Magikarp_2,POKEMON_TOWER_B4F,POKEMON_TOWER_4F,Magikarp,Splash,Badge_5,,29
PokemonTowerB4F_Jr_Trainer_1,PokemonTowerB4F_Jr_Trainer_1_Magikarp_2,POKEMON_TOWER_B4F,POKEMON_TOWER_4F,Magikarp,Tackle,Badge_5,,29
PokemonTowerB4F_Jr_Trainer_1,PokemonTowerB4F_Jr_Trainer_1_Gyarados_3,POKEMON_TOWER_B4F,POKEMON_TOWER_4F,Gyarados,Bite,Badge_5,,29
PokemonTowerB4F_Jr_Trainer_1,PokemonTowerB4F_Jr_Trainer_1_Gyarados_3,POKEMON_TOWER_B4F,POKEMON_TOWER_4F,Gyarados,Gust,Badge_5,,29
PokemonTowerB4F_Jr_Trainer_1,PokemonTowerB4F_Jr_Trainer_1_Gyarados_3,POKEMON_TOWER_B4F,POKEMON_TOWER_4F,Gyarados,Waterfall,Badge_5,,29
PokemonTowerB4F_Jr_Trainer_1,PokemonTowerB4F_Jr_Trainer_1_Gyarados_3,POKEMON_TOWER_B4F,POKEMON_TOWER_4F,Gyarados,Dragon Rage,Badge_5,,29
PokemonTowerB4F_Fisherman_5,PokemonTowerB4F_Fisherman_5_Poliwhirl_1,POKEMON_TOWER_B4F,POKEMON_TOWER_4F,Poliwhirl,Doubleslap,Badge_5,,27
PokemonTowerB4F_Fisherman_5,PokemonTowerB4F_Fisherman_5_Poliwhirl_1,POKEMON_TOWER_B4F,POKEMON_TOWER_4F,Poliwhirl,Water Gun,Badge_5,,27
PokemonTowerB4F_Fisherman_5,PokemonTowerB4F_Fisherman_5_Poliwhirl_1,POKEMON_TOWER_B4F,POKEMON_TOWER_4F,Poliwhirl,Bubblebeam,Badge_5,,27
PokemonTowerB4F_Fisherman_5,PokemonTowerB4F_Fisherman_5_Poliwhirl_1,POKEMON_TOWER_B4F,POKEMON_TOWER_4F,Poliwhirl,Karate Chop,Badge_5,,27
PokemonTowerB4F_Fisherman_5,PokemonTowerB4F_Fisherman_5_Seadra_2,POKEMON_TOWER_B4F,POKEMON_TOWER_4F,Seadra,Smokescreen,Badge_5,,27
PokemonTowerB4F_Fisherman_5,PokemonTowerB4F_Fisherman_5_Seadra_2,POKEMON_TOWER_B4F,POKEMON_TOWER_4F,Seadra,Leer,Badge_5,,27
PokemonTowerB4F_Fisherman_5,PokemonTowerB4F_Fisherman_5_Seadra_2,POKEMON_TOWER_B4F,POKEMON_TOWER_4F,Seadra,Bubblebeam,Badge_5,,27
PokemonTowerB4F_Fisherman_5,PokemonTowerB4F_Fisherman_5_Seadra_2,POKEMON_TOWER_B4F,POKEMON_TOWER_4F,Seadra,Dragon Rage,Badge_5,,27
PokemonTowerB4F_Bird_Keeper_1,PokemonTowerB4F_Bird_Keeper_1_Fearow_1,POKEMON_TOWER_B4F,POKEMON_TOWER_4F,Fearow,Mirror Move,Badge_5,,32
PokemonTowerB4F_Bird_Keeper_1,PokemonTowerB4F_Bird_Keeper_1_Fearow_1,POKEMON_TOWER_B4F,POKEMON_TOWER_4F,Fearow,Drill Peck,Badge_5,,32
PokemonTowerB4F_Bird_Keeper_1,PokemonTowerB4F_Bird_Keeper_1_Fearow_1,POKEMON_TOWER_B4F,POKEMON_TOWER_4F,Fearow,Whirlwind,Badge_5,,32
PokemonTowerB4F_Bird_Keeper_1,PokemonTowerB4F_Bird_Keeper_1_Fearow_1,POKEMON_TOWER_B4F,POKEMON_TOWER_4F,Fearow,Sharpen,Badge_5,,32
PokemonTowerB4F_Bird_Keeper_1,PokemonTowerB4F_Bird_Keeper_1_Pidgeotto_2,POKEMON_TOWER_B4F,POKEMON_TOWER_4F,Pidgeotto,Quick Attack,Badge_5,,32
PokemonTowerB4F_Bird_Keeper_1,PokemonTowerB4F_Bird_Keeper_1_Pidgeotto_2,POKEMON_TOWER_B4F,POKEMON_TOWER_4F,Pidgeotto,Wing Attack,Badge_5,,32
PokemonTowerB4F_Bird_Keeper_1,PokemonTowerB4F_Bird_Keeper_1_Pidgeotto_2,POKEMON_TOWER_B4F,POKEMON_TOWER_4F,Pidgeotto,Whirlwind,Badge_5,,32
PokemonTowerB4F_Bird_Keeper_1,PokemonTowerB4F_Bird_Keeper_1_Pidgeotto_2,POKEMON_TOWER_B4F,POKEMON_TOWER_4F,Pidgeotto,Take Down,Badge_5,,32
PokemonTowerB4F_Jr_Trainer_2,PokemonTowerB4F_Jr_Trainer_2_Poliwhirl_1,POKEMON_TOWER_B4F,POKEMON_TOWER_4F,Poliwhirl,Doubleslap,Badge_5,,28
PokemonTowerB4F_Jr_Trainer_2,PokemonTowerB4F_Jr_Trainer_2_Poliwhirl_1,POKEMON_TOWER_B4F,POKEMON_TOWER_4F,Poliwhirl,Water Gun,Badge_5,,28
PokemonTowerB4F_Jr_Trainer_2,PokemonTowerB4F_Jr_Trainer_2_Poliwhirl_1,POKEMON_TOWER_B4F,POKEMON_TOWER_4F,Poliwhirl,Bubblebeam,Badge_5,,28
PokemonTowerB4F_Jr_Trainer_2,PokemonTowerB4F_Jr_Trainer_2_Poliwhirl_1,POKEMON_TOWER_B4F,POKEMON_TOWER_4F,Poliwhirl,Karate Chop,Badge_5,,28
PokemonTowerB4F_Jr_Trainer_2,PokemonTowerB4F_Jr_Trainer_2_Cubone_2,POKEMON_TOWER_B4F,POKEMON_TOWER_4F,Cubone,Bone Club,Badge_5,,28
PokemonTowerB4F_Jr_Trainer_2,PokemonTowerB4F_Jr_Trainer_2_Cubone_2,POKEMON_TOWER_B4F,POKEMON_TOWER_4F,Cubone,Tail Whip,Badge_5,,28
PokemonTowerB4F_Jr_Trainer_2,PokemonTowerB4F_Jr_Trainer_2_Cubone_2,POKEMON_TOWER_B4F,POKEMON_TOWER_4F,Cubone,Headbutt,Badge_5,,28
PokemonTowerB4F_Jr_Trainer_2,PokemonTowerB4F_Jr_Trainer_2_Cubone_2,POKEMON_TOWER_B4F,POKEMON_TOWER_4F,Cubone,Focus Energy,Badge_5,,28
PokemonTowerB4F_Jr_Trainer_2,PokemonTowerB4F_Jr_Trainer_2_Weepinbell_3,POKEMON_TOWER_B4F,POKEMON_TOWER_4F,Weepinbell,Vine Whip,Badge_5,,28
PokemonTowerB4F_Jr_Trainer_2,PokemonTowerB4F_Jr_Trainer_2_Weepinbell_3,POKEMON_TOWER_B4F,POKEMON_TOWER_4F,Weepinbell,Stun Spore,Badge_5,,28
PokemonTowerB4F_Jr_Trainer_2,PokemonTowerB4F_Jr_Trainer_2_Weepinbell_3,POKEMON_TOWER_B4F,POKEMON_TOWER_4F,Weepinbell,Acid,Badge_5,,28
PokemonTowerB4F_Jr_Trainer_2,PokemonTowerB4F_Jr_Trainer_2_Weepinbell_3,POKEMON_TOWER_B4F,POKEMON_TOWER_4F,Weepinbell,Headbutt,Badge_5,,28
PokemonTowerB4F_Jr_Trainer_2,PokemonTowerB4F_Jr_Trainer_2_Poliwhirl_2,POKEMON_TOWER_B4F,POKEMON_TOWER_4F,Poliwhirl,Doubleslap,Badge_5,,28
PokemonTowerB4F_Jr_Trainer_2,PokemonTowerB4F_Jr_Trainer_2_Poliwhirl_2,POKEMON_TOWER_B4F,POKEMON_TOWER_4F,Poliwhirl,Water Gun,Badge_5,,28
PokemonTowerB4F_Jr_Trainer_2,PokemonTowerB4F_Jr_Trainer_2_Poliwhirl_2,POKEMON_TOWER_B4F,POKEMON_TOWER_4F,Poliwhirl,Bubblebeam,Badge_5,,28
PokemonTowerB4F_Jr_Trainer_2,PokemonTowerB4F_Jr_Trainer_2_Poliwhirl_2,POKEMON_TOWER_B4F,POKEMON_TOWER_4F,Poliwhirl,Karate Chop,Badge_5,,28
PokemonTowerB4F_Jr_Trainer_2,PokemonTowerB4F_Jr_Trainer_2_Meowth_5,POKEMON_TOWER_B4F,POKEMON_TOWER_4F,Meowth,Fury Swipes,Badge_5,,28
PokemonTowerB4F_Jr_Trainer_2,PokemonTowerB4F_Jr_Trainer_2_Meowth_5,POKEMON_TOWER_B4F,POKEMON_TOWER_4F,Meowth,Bite,Badge_5,,28
PokemonTowerB4F_Jr_Trainer_2,PokemonTowerB4F_Jr_Trainer_2_Meowth_5,POKEMON_TOWER_B4F,POKEMON_TOWER_4F,Meowth,Pay Day,Badge_5,,28
PokemonTowerB4F_Jr_Trainer_2,PokemonTowerB4F_Jr_Trainer_2_Meowth_5,POKEMON_TOWER_B4F,POKEMON_TOWER_4F,Meowth,Screech,Badge_5,,28
PokemonTowerB4F_Beauty_1,PokemonTowerB4F_Beauty_1_Raticate_1,POKEMON_TOWER_B4F,POKEMON_TOWER_4F,Raticate,Hyper Fang,Badge_5,,28
PokemonTowerB4F_Beauty_1,PokemonTowerB4F_Beauty_1_Raticate_1,POKEMON_TOWER_B4F,POKEMON_TOWER_4F,Raticate,Focus Energy,Badge_5,,28
PokemonTowerB4F_Beauty_1,PokemonTowerB4F_Beauty_1_Raticate_1,POKEMON_TOWER_B4F,POKEMON_TOWER_4F,Raticate,Dig,Badge_5,,28
PokemonTowerB4F_Beauty_1,PokemonTowerB4F_Beauty_1_Raticate_1,POKEMON_TOWER_B4F,POKEMON_TOWER_4F,Raticate,Super Fang,Badge_5,,28
PokemonTowerB4F_Beauty_1,PokemonTowerB4F_Beauty_1_Exeggutor_2,POKEMON_TOWER_B4F,POKEMON_TOWER_4F,Exeggutor,Confusion,Badge_5,,28
PokemonTowerB4F_Beauty_1,PokemonTowerB4F_Beauty_1_Exeggutor_2,POKEMON_TOWER_B4F,POKEMON_TOWER_4F,Exeggutor,Mega Drain,Badge_5,,28
PokemonTowerB4F_Beauty_1,PokemonTowerB4F_Beauty_1_Exeggutor_2,POKEMON_TOWER_B4F,POKEMON_TOWER_4F,Exeggutor,Reflect,Badge_5,,28
PokemonTowerB4F_Beauty_1,PokemonTowerB4F_Beauty_1_Exeggutor_2,POKEMON_TOWER_B4F,POKEMON_TOWER_4F,Exeggutor,Stomp,Badge_5,,28
PokemonTowerB4F_Beauty_1,PokemonTowerB4F_Beauty_1_Gloom_3,POKEMON_TOWER_B4F,POKEMON_TOWER_4F,Gloom,Leech Seed,Badge_5,,28
PokemonTowerB4F_Beauty_1,PokemonTowerB4F_Beauty_1_Gloom_3,POKEMON_TOWER_B4F,POKEMON_TOWER_4F,Gloom,Absorb,Badge_5,,28
PokemonTowerB4F_Beauty_1,PokemonTowerB4F_Beauty_1_Gloom_3,POKEMON_TOWER_B4F,POKEMON_TOWER_4F,Gloom,Acid,Badge_5,,28
PokemonTowerB4F_Beauty_1,PokemonTowerB4F_Beauty_1_Gloom_3,POKEMON_TOWER_B4F,POKEMON_TOWER_4F,Gloom,Mega Drain,Badge_5,,28
PokemonTowerB4F_Beauty_2,PokemonTowerB4F_Beauty_2_Poliwhirl_1,POKEMON_TOWER_B4F,POKEMON_TOWER_4F,Poliwhirl,Water Gun,Badge_5,,30
PokemonTowerB4F_Beauty_2,PokemonTowerB4F_Beauty_2_Poliwhirl_1,POKEMON_TOWER_B4F,POKEMON_TOWER_4F,Poliwhirl,Bubblebeam,Badge_5,,30
PokemonTowerB4F_Beauty_2,PokemonTowerB4F_Beauty_2_Poliwhirl_1,POKEMON_TOWER_B4F,POKEMON_TOWER_4F,Poliwhirl,Karate Chop,Badge_5,,30
PokemonTowerB4F_Beauty_2,PokemonTowerB4F_Beauty_2_Poliwhirl_1,POKEMON_TOWER_B4F,POKEMON_TOWER_4F,Poliwhirl,Ice Punch,Badge_5,,30
PokemonTowerB4F_Beauty_2,PokemonTowerB4F_Beauty_2_Seaking_2,POKEMON_TOWER_B4F,POKEMON_TOWER_4F,Seaking,Water Gun,Badge_5,,30
PokemonTowerB4F_Beauty_2,PokemonTowerB4F_Beauty_2_Seaking_2,POKEMON_TOWER_B4F,POKEMON_TOWER_4F,Seaking,Horn Attack,Badge_5,,30
PokemonTowerB4F_Beauty_2,PokemonTowerB4F_Beauty_2_Seaking_2,POKEMON_TOWER_B4F,POKEMON_TOWER_4F,Seaking,Waterfall,Badge_5,,30
PokemonTowerB4F_Beauty_2,PokemonTowerB4F_Beauty_2_Seaking_2,POKEMON_TOWER_B4F,POKEMON_TOWER_4F,Seaking,Fury Attack,Badge_5,,30
PokemonTowerB4F_Jr_Trainer_3,PokemonTowerB4F_Jr_Trainer_3_Tangela_1,POKEMON_TOWER_B4F,POKEMON_TOWER_4F,Tangela,Vine Whip,Badge_5,,29
PokemonTowerB4F_Jr_Trainer_3,PokemonTowerB4F_Jr_Trainer_3_Tangela_1,POKEMON_TOWER_B4F,POKEMON_TOWER_4F,Tangela,Poisonpowder,Badge_5,,29
PokemonTowerB4F_Jr_Trainer_3,PokemonTowerB4F_Jr_Trainer_3_Tangela_1,POKEMON_TOWER_B4F,POKEMON_TOWER_4F,Tangela,Stun Spore,Badge_5,,29
PokemonTowerB4F_Jr_Trainer_3,PokemonTowerB4F_Jr_Trainer_3_Tangela_1,POKEMON_TOWER_B4F,POKEMON_TOWER_4F,Tangela,Sleep Powder,Badge_5,,29
PokemonTowerB4F_Jr_Trainer_3,PokemonTowerB4F_Jr_Trainer_3_Persian_2,POKEMON_TOWER_B4F,POKEMON_TOWER_4F,Persian,Bite,Badge_5,,29
PokemonTowerB4F_Jr_Trainer_3,PokemonTowerB4F_Jr_Trainer_3_Persian_2,POKEMON_TOWER_B4F,POKEMON_TOWER_4F,Persian,Pay Day,Badge_5,,29
PokemonTowerB4F_Jr_Trainer_3,PokemonTowerB4F_Jr_Trainer_3_Persian_2,POKEMON_TOWER_B4F,POKEMON_TOWER_4F,Persian,Screech,Badge_5,,29
PokemonTowerB4F_Jr_Trainer_3,PokemonTowerB4F_Jr_Trainer_3_Persian_2,POKEMON_TOWER_B4F,POKEMON_TOWER_4F,Persian,Take Down,Badge_5,,29
PokemonTowerB4F_Jr_Trainer_4,PokemonTowerB4F_Jr_Trainer_4_Spearow_1,POKEMON_TOWER_B4F,POKEMON_TOWER_4F,Spearow,Swift,Badge_5,,28
PokemonTowerB4F_Jr_Trainer_4,PokemonTowerB4F_Jr_Trainer_4_Spearow_1,POKEMON_TOWER_B4F,POKEMON_TOWER_4F,Spearow,Mirror Move,Badge_5,,28
PokemonTowerB4F_Jr_Trainer_4,PokemonTowerB4F_Jr_Trainer_4_Spearow_1,POKEMON_TOWER_B4F,POKEMON_TOWER_4F,Spearow,Drill Peck,Badge_5,,28
PokemonTowerB4F_Jr_Trainer_4,PokemonTowerB4F_Jr_Trainer_4_Spearow_1,POKEMON_TOWER_B4F,POKEMON_TOWER_4F,Spearow,Whirlwind,Badge_5,,28
PokemonTowerB4F_Jr_Trainer_4,PokemonTowerB4F_Jr_Trainer_4_Haunter_2,POKEMON_TOWER_B4F,POKEMON_TOWER_4F,Haunter,Lick,Badge_5,,28
PokemonTowerB4F_Jr_Trainer_4,PokemonTowerB4F_Jr_Trainer_4_Haunter_2,POKEMON_TOWER_B4F,POKEMON_TOWER_4F,Haunter,Confuse Ray,Badge_5,,28
PokemonTowerB4F_Jr_Trainer_4,PokemonTowerB4F_Jr_Trainer_4_Haunter_2,POKEMON_TOWER_B4F,POKEMON_TOWER_4F,Haunter,Smog,Badge_5,,28
PokemonTowerB4F_Jr_Trainer_4,PokemonTowerB4F_Jr_Trainer_4_Haunter_2,POKEMON_TOWER_B4F,POKEMON_TOWER_4F,Haunter,Psywave,Badge_5,,28
PokemonTowerB4F_Jr_Trainer_4,PokemonTowerB4F_Jr_Trainer_4_Pidgey_3,POKEMON_TOWER_B4F,POKEMON_TOWER_4F,Pidgey,Sand Attack,Badge_5,,28
PokemonTowerB4F_Jr_Trainer_4,PokemonTowerB4F_Jr_Trainer_4_Pidgey_3,POKEMON_TOWER_B4F,POKEMON_TOWER_4F,Pidgey,Quick Attack,Badge_5,,28
PokemonTowerB4F_Jr_Trainer_4,PokemonTowerB4F_Jr_Trainer_4_Pidgey_3,POKEMON_TOWER_B4F,POKEMON_TOWER_4F,Pidgey,Wing Attack,Badge_5,,28
PokemonTowerB4F_Jr_Trainer_4,PokemonTowerB4F_Jr_Trainer_4_Pidgey_3,POKEMON_TOWER_B4F,POKEMON_TOWER_4F,Pidgey,Whirlwind,Badge_5,,28
PokemonTowerB4F_Jr_Trainer_4,PokemonTowerB4F_Jr_Trainer_4_Spearow_4,POKEMON_TOWER_B4F,POKEMON_TOWER_4F,Spearow,Swift,Badge_5,,28
PokemonTowerB4F_Jr_Trainer_4,PokemonTowerB4F_Jr_Trainer_4_Spearow_4,POKEMON_TOWER_B4F,POKEMON_TOWER_4F,Spearow,Mirror Move,Badge_5,,28
PokemonTowerB4F_Jr_Trainer_4,PokemonTowerB4F_Jr_Trainer_4_Spearow_4,POKEMON_TOWER_B4F,POKEMON_TOWER_4F,Spearow,Drill Peck,Badge_5,,28
PokemonTowerB4F_Jr_Trainer_4,PokemonTowerB4F_Jr_Trainer_4_Spearow_4,POKEMON_TOWER_B4F,POKEMON_TOWER_4F,Spearow,Whirlwind,Badge_5,,28
PokemonTowerB4F_Jr_Trainer_4,PokemonTowerB4F_Jr_Trainer_4_Spearow_2,POKEMON_TOWER_B4F,POKEMON_TOWER_4F,Spearow,Swift,Badge_5,,28
PokemonTowerB4F_Jr_Trainer_4,PokemonTowerB4F_Jr_Trainer_4_Spearow_2,POKEMON_TOWER_B4F,POKEMON_TOWER_4F,Spearow,Mirror Move,Badge_5,,28
PokemonTowerB4F_Jr_Trainer_4,PokemonTowerB4F_Jr_Trainer_4_Spearow_2,POKEMON_TOWER_B4F,POKEMON_TOWER_4F,Spearow,Drill Peck,Badge_5,,28
PokemonTowerB4F_Jr_Trainer_4,PokemonTowerB4F_Jr_Trainer_4_Spearow_2,POKEMON_TOWER_B4F,POKEMON_TOWER_4F,Spearow,Whirlwind,Badge_5,,28
PokemonTowerB4F_Bird_Keeper_3,PokemonTowerB4F_Bird_Keeper_3_Pidgeotto_1,POKEMON_TOWER_B4F,POKEMON_TOWER_4F,Pidgeotto,Quick Attack,Badge_5,,30
PokemonTowerB4F_Bird_Keeper_3,PokemonTowerB4F_Bird_Keeper_3_Pidgeotto_1,POKEMON_TOWER_B4F,POKEMON_TOWER_4F,Pidgeotto,Wing Attack,Badge_5,,30
PokemonTowerB4F_Bird_Keeper_3,PokemonTowerB4F_Bird_Keeper_3_Pidgeotto_1,POKEMON_TOWER_B4F,POKEMON_TOWER_4F,Pidgeotto,Whirlwind,Badge_5,,30
PokemonTowerB4F_Bird_Keeper_3,PokemonTowerB4F_Bird_Keeper_3_Pidgeotto_1,POKEMON_TOWER_B4F,POKEMON_TOWER_4F,Pidgeotto,Take Down,Badge_5,,30
PokemonTowerB4F_Bird_Keeper_3,PokemonTowerB4F_Bird_Keeper_3_Fearow_2,POKEMON_TOWER_B4F,POKEMON_TOWER_4F,Fearow,Mirror Move,Badge_5,,30
PokemonTowerB4F_Bird_Keeper_3,PokemonTowerB4F_Bird_Keeper_3_Fearow_2,POKEMON_TOWER_B4F,POKEMON_TOWER_4F,Fearow,Drill Peck,Badge_5,,30
PokemonTowerB4F_Bird_Keeper_3,PokemonTowerB4F_Bird_Keeper_3_Fearow_2,POKEMON_TOWER_B4F,POKEMON_TOWER_4F,Fearow,Whirlwind,Badge_5,,30
PokemonTowerB4F_Bird_Keeper_3,PokemonTowerB4F_Bird_Keeper_3_Fearow_2,POKEMON_TOWER_B4F,POKEMON_TOWER_4F,Fearow,Sharpen,Badge_5,,30
PokemonTowerB4F_Bird_Keeper_3,PokemonTowerB4F_Bird_Keeper_3_Pidgeotto_2,POKEMON_TOWER_B4F,POKEMON_TOWER_4F,Pidgeotto,Quick Attack,Badge_5,,30
PokemonTowerB4F_Bird_Keeper_3,PokemonTowerB4F_Bird_Keeper_3_Pidgeotto_2,POKEMON_TOWER_B4F,POKEMON_TOWER_4F,Pidgeotto,Wing Attack,Badge_5,,30
PokemonTowerB4F_Bird_Keeper_3,PokemonTowerB4F_Bird_Keeper_3_Pidgeotto_2,POKEMON_TOWER_B4F,POKEMON_TOWER_4F,Pidgeotto,Whirlwind,Badge_5,,30
PokemonTowerB4F_Bird_Keeper_3,PokemonTowerB4F_Bird_Keeper_3_Pidgeotto_2,POKEMON_TOWER_B4F,POKEMON_TOWER_4F,Pidgeotto,Take Down,Badge_5,,30
PokemonTowerB4F_Biker_1,PokemonTowerB4F_Biker_1_Magnemite_1,POKEMON_TOWER_B4F,POKEMON_TOWER_4F,Magnemite,Sonicboom,Badge_5,,29
PokemonTowerB4F_Biker_1,PokemonTowerB4F_Biker_1_Magnemite_1,POKEMON_TOWER_B4F,POKEMON_TOWER_4F,Magnemite,Thunder Wave,Badge_5,,29
PokemonTowerB4F_Biker_1,PokemonTowerB4F_Biker_1_Magnemite_1,POKEMON_TOWER_B4F,POKEMON_TOWER_4F,Magnemite,Swift,Badge_5,,29
PokemonTowerB4F_Biker_1,PokemonTowerB4F_Biker_1_Magnemite_1,POKEMON_TOWER_B4F,POKEMON_TOWER_4F,Magnemite,Reflect,Badge_5,,29
PokemonTowerB4F_Biker_1,PokemonTowerB4F_Biker_1_Weezing_2,POKEMON_TOWER_B4F,POKEMON_TOWER_4F,Weezing,Tackle,Badge_5,,29
PokemonTowerB4F_Biker_1,PokemonTowerB4F_Biker_1_Weezing_2,POKEMON_TOWER_B4F,POKEMON_TOWER_4F,Weezing,Smog,Badge_5,,29
PokemonTowerB4F_Biker_1,PokemonTowerB4F_Biker_1_Weezing_2,POKEMON_TOWER_B4F,POKEMON_TOWER_4F,Weezing,Acid,Badge_5,,29
PokemonTowerB4F_Biker_1,PokemonTowerB4F_Biker_1_Weezing_2,POKEMON_TOWER_B4F,POKEMON_TOWER_4F,Weezing,Smokescreen,Badge_5,,29
PokemonTowerB4F_Biker_1,PokemonTowerB4F_Biker_1_Gyarados_3,POKEMON_TOWER_B4F,POKEMON_TOWER_4F,Gyarados,Bite,Badge_5,,29
PokemonTowerB4F_Biker_1,PokemonTowerB4F_Biker_1_Gyarados_3,POKEMON_TOWER_B4F,POKEMON_TOWER_4F,Gyarados,Gust,Badge_5,,29
PokemonTowerB4F_Biker_1,PokemonTowerB4F_Biker_1_Gyarados_3,POKEMON_TOWER_B4F,POKEMON_TOWER_4F,Gyarados,Waterfall,Badge_5,,29
PokemonTowerB4F_Biker_1,PokemonTowerB4F_Biker_1_Gyarados_3,POKEMON_TOWER_B4F,POKEMON_TOWER_4F,Gyarados,Dragon Rage,Badge_5,,29
PokemonTowerB4F_Bird_Keeper_1,PokemonTowerB4F_Bird_Keeper_1_Farfetchd_1,POKEMON_TOWER_B4F,POKEMON_TOWER_4F,Farfetchd,Wing Attack,Badge_5,,31
PokemonTowerB4F_Bird_Keeper_1,PokemonTowerB4F_Bird_Keeper_1_Farfetchd_1,POKEMON_TOWER_B4F,POKEMON_TOWER_4F,Farfetchd,Slash,Badge_5,,31
PokemonTowerB4F_Bird_Keeper_1,PokemonTowerB4F_Bird_Keeper_1_Farfetchd_1,POKEMON_TOWER_B4F,POKEMON_TOWER_4F,Farfetchd,Swords Dance,Badge_5,,31
PokemonTowerB4F_Bird_Keeper_1,PokemonTowerB4F_Bird_Keeper_1_Farfetchd_1,POKEMON_TOWER_B4F,POKEMON_TOWER_4F,Farfetchd,Drill Peck,Badge_5,,31
PokemonTowerB4F_Bird_Keeper_1,PokemonTowerB4F_Bird_Keeper_1_Spearow_2,POKEMON_TOWER_B4F,POKEMON_TOWER_4F,Spearow,Mirror Move,Badge_5,,31
PokemonTowerB4F_Bird_Keeper_1,PokemonTowerB4F_Bird_Keeper_1_Spearow_2,POKEMON_TOWER_B4F,POKEMON_TOWER_4F,Spearow,Drill Peck,Badge_5,,31
PokemonTowerB4F_Bird_Keeper_1,PokemonTowerB4F_Bird_Keeper_1_Spearow_2,POKEMON_TOWER_B4F,POKEMON_TOWER_4F,Spearow,Whirlwind,Badge_5,,31
PokemonTowerB4F_Bird_Keeper_1,PokemonTowerB4F_Bird_Keeper_1_Spearow_2,POKEMON_TOWER_B4F,POKEMON_TOWER_4F,Spearow,Sharpen,Badge_5,,31
PokemonTowerB4F_Bird_Keeper_1,PokemonTowerB4F_Bird_Keeper_1_Pidgey_3,POKEMON_TOWER_B4F,POKEMON_TOWER_4F,Pidgey,Quick Attack,Badge_5,,31
PokemonTowerB4F_Bird_Keeper_1,PokemonTowerB4F_Bird_Keeper_1_Pidgey_3,POKEMON_TOWER_B4F,POKEMON_TOWER_4F,Pidgey,Wing Attack,Badge_5,,31
PokemonTowerB4F_Bird_Keeper_1,PokemonTowerB4F_Bird_Keeper_1_Pidgey_3,POKEMON_TOWER_B4F,POKEMON_TOWER_4F,Pidgey,Whirlwind,Badge_5,,31
PokemonTowerB4F_Bird_Keeper_1,PokemonTowerB4F_Bird_Keeper_1_Pidgey_3,POKEMON_TOWER_B4F,POKEMON_TOWER_4F,Pidgey,Take Down,Badge_5,,31
PokemonTowerB4F_Bird_Keeper_1,PokemonTowerB4F_Bird_Keeper_1_Fearow_4,POKEMON_TOWER_B4F,POKEMON_TOWER_4F,Fearow,Mirror Move,Badge_5,,31
PokemonTowerB4F_Bird_Keeper_1,PokemonTowerB4F_Bird_Keeper_1_Fearow_4,POKEMON_TOWER_B4F,POKEMON_TOWER_4F,Fearow,Drill Peck,Badge_5,,31
PokemonTowerB4F_Bird_Keeper_1,PokemonTowerB4F_Bird_Keeper_1_Fearow_4,POKEMON_TOWER_B4F,POKEMON_TOWER_4F,Fearow,Whirlwind,Badge_5,,31
PokemonTowerB4F_Bird_Keeper_1,PokemonTowerB4F_Bird_Keeper_1_Fearow_4,POKEMON_TOWER_B4F,POKEMON_TOWER_4F,Fearow,Sharpen,Badge_5,,31
PokemonTowerB4F_Bird_Keeper_2,PokemonTowerB4F_Bird_Keeper_2_Pidgey_1,POKEMON_TOWER_B4F,POKEMON_TOWER_4F,Pidgey,Quick Attack,Badge_5,,33
PokemonTowerB4F_Bird_Keeper_2,PokemonTowerB4F_Bird_Keeper_2_Pidgey_1,POKEMON_TOWER_B4F,POKEMON_TOWER_4F,Pidgey,Wing Attack,Badge_5,,33
PokemonTowerB4F_Bird_Keeper_2,PokemonTowerB4F_Bird_Keeper_2_Pidgey_1,POKEMON_TOWER_B4F,POKEMON_TOWER_4F,Pidgey,Whirlwind,Badge_5,,33
PokemonTowerB4F_Bird_Keeper_2,PokemonTowerB4F_Bird_Keeper_2_Pidgey_1,POKEMON_TOWER_B4F,POKEMON_TOWER_4F,Pidgey,Take Down,Badge_5,,33
PokemonTowerB4F_Bird_Keeper_2,PokemonTowerB4F_Bird_Keeper_2_Haunter_2,POKEMON_TOWER_B4F,POKEMON_TOWER_4F,Haunter,Lick,Badge_5,,33
PokemonTowerB4F_Bird_Keeper_2,PokemonTowerB4F_Bird_Keeper_2_Haunter_2,POKEMON_TOWER_B4F,POKEMON_TOWER_4F,Haunter,Confuse Ray,Badge_5,,33
PokemonTowerB4F_Bird_Keeper_2,PokemonTowerB4F_Bird_Keeper_2_Haunter_2,POKEMON_TOWER_B4F,POKEMON_TOWER_4F,Haunter,Smog,Badge_5,,33
PokemonTowerB4F_Bird_Keeper_2,PokemonTowerB4F_Bird_Keeper_2_Haunter_2,POKEMON_TOWER_B4F,POKEMON_TOWER_4F,Haunter,Psywave,Badge_5,,33
PokemonTowerB4F_Bird_Keeper_2,PokemonTowerB4F_Bird_Keeper_2_Pidgeotto_3,POKEMON_TOWER_B4F,POKEMON_TOWER_4F,Pidgeotto,Quick Attack,Badge_5,,33
PokemonTowerB4F_Bird_Keeper_2,PokemonTowerB4F_Bird_Keeper_2_Pidgeotto_3,POKEMON_TOWER_B4F,POKEMON_TOWER_4F,Pidgeotto,Wing Attack,Badge_5,,33
PokemonTowerB4F_Bird_Keeper_2,PokemonTowerB4F_Bird_Keeper_2_Pidgeotto_3,POKEMON_TOWER_B4F,POKEMON_TOWER_4F,Pidgeotto,Whirlwind,Badge_5,,33
PokemonTowerB4F_Bird_Keeper_2,PokemonTowerB4F_Bird_Keeper_2_Pidgeotto_3,POKEMON_TOWER_B4F,POKEMON_TOWER_4F,Pidgeotto,Take Down,Badge_5,,33
PokemonTowerB4F_Bird_Keeper_3,PokemonTowerB4F_Bird_Keeper_3_Fearow_1,POKEMON_TOWER_B4F,POKEMON_TOWER_4F,Fearow,Mirror Move,Badge_5,,34
PokemonTowerB4F_Bird_Keeper_3,PokemonTowerB4F_Bird_Keeper_3_Fearow_1,POKEMON_TOWER_B4F,POKEMON_TOWER_4F,Fearow,Drill Peck,Badge_5,,34
PokemonTowerB4F_Bird_Keeper_3,PokemonTowerB4F_Bird_Keeper_3_Fearow_1,POKEMON_TOWER_B4F,POKEMON_TOWER_4F,Fearow,Whirlwind,Badge_5,,34
PokemonTowerB4F_Bird_Keeper_3,PokemonTowerB4F_Bird_Keeper_3_Fearow_1,POKEMON_TOWER_B4F,POKEMON_TOWER_4F,Fearow,Sharpen,Badge_5,,34
PokemonTowerB4F_Bird_Keeper_3,PokemonTowerB4F_Bird_Keeper_3_Pidgeotto_3,POKEMON_TOWER_B4F,POKEMON_TOWER_4F,Pidgeotto,Wing Attack,Badge_5,,34
PokemonTowerB4F_Bird_Keeper_3,PokemonTowerB4F_Bird_Keeper_3_Pidgeotto_3,POKEMON_TOWER_B4F,POKEMON_TOWER_4F,Pidgeotto,Whirlwind,Badge_5,,34
PokemonTowerB4F_Bird_Keeper_3,PokemonTowerB4F_Bird_Keeper_3_Pidgeotto_3,POKEMON_TOWER_B4F,POKEMON_TOWER_4F,Pidgeotto,Take Down,Badge_5,,34
PokemonTowerB4F_Bird_Keeper_3,PokemonTowerB4F_Bird_Keeper_3_Pidgeotto_3,POKEMON_TOWER_B4F,POKEMON_TOWER_4F,Pidgeotto,Agility,Badge_5,,34
PokemonTowerB4F_Bird_Keeper_4,PokemonTowerB4F_Bird_Keeper_4_Pidgeotto_1,POKEMON_TOWER_B4F,POKEMON_TOWER_4F,Pidgeotto,Quick Attack,Badge_5,,32
PokemonTowerB4F_Bird_Keeper_4,PokemonTowerB4F_Bird_Keeper_4_Pidgeotto_1,POKEMON_TOWER_B4F,POKEMON_TOWER_4F,Pidgeotto,Wing Attack,Badge_5,,32
PokemonTowerB4F_Bird_Keeper_4,PokemonTowerB4F_Bird_Keeper_4_Pidgeotto_1,POKEMON_TOWER_B4F,POKEMON_TOWER_4F,Pidgeotto,Whirlwind,Badge_5,,32
PokemonTowerB4F_Bird_Keeper_4,PokemonTowerB4F_Bird_Keeper_4_Pidgeotto_1,POKEMON_TOWER_B4F,POKEMON_TOWER_4F,Pidgeotto,Take Down,Badge_5,,32
PokemonTowerB4F_Bird_Keeper_4,PokemonTowerB4F_Bird_Keeper_4_Haunter_2,POKEMON_TOWER_B4F,POKEMON_TOWER_4F,Haunter,Lick,Badge_5,,32
PokemonTowerB4F_Bird_Keeper_4,PokemonTowerB4F_Bird_Keeper_4_Haunter_2,POKEMON_TOWER_B4F,POKEMON_TOWER_4F,Haunter,Confuse Ray,Badge_5,,32
PokemonTowerB4F_Bird_Keeper_4,PokemonTowerB4F_Bird_Keeper_4_Haunter_2,POKEMON_TOWER_B4F,POKEMON_TOWER_4F,Haunter,Smog,Badge_5,,32
PokemonTowerB4F_Bird_Keeper_4,PokemonTowerB4F_Bird_Keeper_4_Haunter_2,POKEMON_TOWER_B4F,POKEMON_TOWER_4F,Haunter,Psywave,Badge_5,,32
PokemonTowerB4F_Bird_Keeper_4,PokemonTowerB4F_Bird_Keeper_4_Fearow_3,POKEMON_TOWER_B4F,POKEMON_TOWER_4F,Fearow,Mirror Move,Badge_5,,32
PokemonTowerB4F_Bird_Keeper_4,PokemonTowerB4F_Bird_Keeper_4_Fearow_3,POKEMON_TOWER_B4F,POKEMON_TOWER_4F,Fearow,Drill Peck,Badge_5,,32
PokemonTowerB4F_Bird_Keeper_4,PokemonTowerB4F_Bird_Keeper_4_Fearow_3,POKEMON_TOWER_B4F,POKEMON_TOWER_4F,Fearow,Whirlwind,Badge_5,,32
PokemonTowerB4F_Bird_Keeper_4,PokemonTowerB4F_Bird_Keeper_4_Fearow_3,POKEMON_TOWER_B4F,POKEMON_TOWER_4F,Fearow,Sharpen,Badge_5,,32
PokemonTowerB4F_Biker_1,PokemonTowerB4F_Biker_1_Hitmonlee_1,POKEMON_TOWER_B4F,POKEMON_TOWER_4F,Hitmonlee,Double Kick,Badge_5,,32
PokemonTowerB4F_Biker_1,PokemonTowerB4F_Biker_1_Hitmonlee_1,POKEMON_TOWER_B4F,POKEMON_TOWER_4F,Hitmonlee,Meditate,Badge_5,,32
PokemonTowerB4F_Biker_1,PokemonTowerB4F_Biker_1_Hitmonlee_1,POKEMON_TOWER_B4F,POKEMON_TOWER_4F,Hitmonlee,Focus Energy,Badge_5,,32
PokemonTowerB4F_Biker_1,PokemonTowerB4F_Biker_1_Muk_2,POKEMON_TOWER_B4F,POKEMON_TOWER_4F,Muk,Acid,Badge_5,,32
PokemonTowerB4F_Biker_1,PokemonTowerB4F_Biker_1_Muk_2,POKEMON_TOWER_B4F,POKEMON_TOWER_4F,Muk,Poison Gas,Badge_5,,32
PokemonTowerB4F_Biker_1,PokemonTowerB4F_Biker_1_Muk_2,POKEMON_TOWER_B4F,POKEMON_TOWER_4F,Muk,Acid Armor,Badge_5,,32
PokemonTowerB4F_Biker_1,PokemonTowerB4F_Biker_1_Muk_2,POKEMON_TOWER_B4F,POKEMON_TOWER_4F,Muk,Minimize,Badge_5,,32
PokemonTowerB4F_Bird_Keeper_5,PokemonTowerB4F_Bird_Keeper_5_Farfetchd_1,POKEMON_TOWER_B4F,POKEMON_TOWER_4F,Farfetchd,Wing Attack,Badge_5,,33
PokemonTowerB4F_Bird_Keeper_5,PokemonTowerB4F_Bird_Keeper_5_Farfetchd_1,POKEMON_TOWER_B4F,POKEMON_TOWER_4F,Farfetchd,Slash,Badge_5,,33
PokemonTowerB4F_Bird_Keeper_5,PokemonTowerB4F_Bird_Keeper_5_Farfetchd_1,POKEMON_TOWER_B4F,POKEMON_TOWER_4F,Farfetchd,Swords Dance,Badge_5,,33
PokemonTowerB4F_Bird_Keeper_5,PokemonTowerB4F_Bird_Keeper_5_Farfetchd_1,POKEMON_TOWER_B4F,POKEMON_TOWER_4F,Farfetchd,Drill Peck,Badge_5,,33
PokemonTowerB4F_Biker_2,PokemonTowerB4F_Biker_2_Sandslash_1,POKEMON_TOWER_B4F,POKEMON_TOWER_4F,Sandslash,Dig,Badge_5,,30
PokemonTowerB4F_Biker_2,PokemonTowerB4F_Biker_2_Sandslash_1,POKEMON_TOWER_B4F,POKEMON_TOWER_4F,Sandslash,Swift,Badge_5,,30
PokemonTowerB4F_Biker_2,PokemonTowerB4F_Biker_2_Sandslash_1,POKEMON_TOWER_B4F,POKEMON_TOWER_4F,Sandslash,Slash,Badge_5,,30
PokemonTowerB4F_Biker_2,PokemonTowerB4F_Biker_2_Sandslash_1,POKEMON_TOWER_B4F,POKEMON_TOWER_4F,Sandslash,Earthquake,Badge_5,,30
PokemonTowerB4F_Biker_2,PokemonTowerB4F_Biker_2_Machoke_2,POKEMON_TOWER_B4F,POKEMON_TOWER_4F,Machoke,Leer,Badge_5,,30
PokemonTowerB4F_Biker_2,PokemonTowerB4F_Biker_2_Machoke_2,POKEMON_TOWER_B4F,POKEMON_TOWER_4F,Machoke,Focus Energy,Badge_5,,30
PokemonTowerB4F_Biker_2,PokemonTowerB4F_Biker_2_Machoke_2,POKEMON_TOWER_B4F,POKEMON_TOWER_4F,Machoke,Seismic Toss,Badge_5,,30
PokemonTowerB4F_Biker_2,PokemonTowerB4F_Biker_2_Machoke_2,POKEMON_TOWER_B4F,POKEMON_TOWER_4F,Machoke,Submission,Badge_5,,30
PokemonTowerB4F_Biker_3,PokemonTowerB4F_Biker_3_Hitmonchan_1,POKEMON_TOWER_B4F,POKEMON_TOWER_4F,Hitmonchan,Comet Punch,Badge_5,,32
PokemonTowerB4F_Biker_3,PokemonTowerB4F_Biker_3_Hitmonchan_1,POKEMON_TOWER_B4F,POKEMON_TOWER_4F,Hitmonchan,Agility,Badge_5,,32
PokemonTowerB4F_Biker_3,PokemonTowerB4F_Biker_3_Hitmonchan_1,POKEMON_TOWER_B4F,POKEMON_TOWER_4F,Hitmonchan,Karate Chop,Badge_5,,32
PokemonTowerB4F_Biker_3,PokemonTowerB4F_Biker_3_Grimer_2,POKEMON_TOWER_B4F,POKEMON_TOWER_4F,Grimer,Acid,Badge_5,,32
PokemonTowerB4F_Biker_3,PokemonTowerB4F_Biker_3_Grimer_2,POKEMON_TOWER_B4F,POKEMON_TOWER_4F,Grimer,Poison Gas,Badge_5,,32
PokemonTowerB4F_Biker_3,PokemonTowerB4F_Biker_3_Grimer_2,POKEMON_TOWER_B4F,POKEMON_TOWER_4F,Grimer,Acid Armor,Badge_5,,32
PokemonTowerB4F_Biker_3,PokemonTowerB4F_Biker_3_Grimer_2,POKEMON_TOWER_B4F,POKEMON_TOWER_4F,Grimer,Minimize,Badge_5,,32
PokemonTowerB4F_Biker_3,PokemonTowerB4F_Biker_3_Koffing_3,POKEMON_TOWER_B4F,POKEMON_TOWER_4F,Koffing,Tackle,Badge_5,,32
PokemonTowerB4F_Biker_3,PokemonTowerB4F_Biker_3_Koffing_3,POKEMON_TOWER_B4F,POKEMON_TOWER_4F,Koffing,Smog,Badge_5,,32
PokemonTowerB4F_Biker_3,PokemonTowerB4F_Biker_3_Koffing_3,POKEMON_TOWER_B4F,POKEMON_TOWER_4F,Koffing,Acid,Badge_5,,32
PokemonTowerB4F_Biker_3,PokemonTowerB4F_Biker_3_Koffing_3,POKEMON_TOWER_B4F,POKEMON_TOWER_4F,Koffing,Smokescreen,Badge_5,,32
PokemonTowerB4F_Biker_4,PokemonTowerB4F_Biker_4_Beedrill_1,POKEMON_TOWER_B4F,POKEMON_TOWER_4F,Beedrill,Fury Attack,Badge_5,,31
PokemonTowerB4F_Biker_4,PokemonTowerB4F_Biker_4_Beedrill_1,POKEMON_TOWER_B4F,POKEMON_TOWER_4F,Beedrill,Acid,Badge_5,,31
PokemonTowerB4F_Biker_4,PokemonTowerB4F_Biker_4_Beedrill_1,POKEMON_TOWER_B4F,POKEMON_TOWER_4F,Beedrill,Twineedle,Badge_5,,31
PokemonTowerB4F_Biker_4,PokemonTowerB4F_Biker_4_Beedrill_1,POKEMON_TOWER_B4F,POKEMON_TOWER_4F,Beedrill,Sludge,Badge_5,,31
PokemonTowerB4F_Biker_4,PokemonTowerB4F_Biker_4_Weezing_2,POKEMON_TOWER_B4F,POKEMON_TOWER_4F,Weezing,Tackle,Badge_5,,31
PokemonTowerB4F_Biker_4,PokemonTowerB4F_Biker_4_Weezing_2,POKEMON_TOWER_B4F,POKEMON_TOWER_4F,Weezing,Smog,Badge_5,,31
PokemonTowerB4F_Biker_4,PokemonTowerB4F_Biker_4_Weezing_2,POKEMON_TOWER_B4F,POKEMON_TOWER_4F,Weezing,Acid,Badge_5,,31
PokemonTowerB4F_Biker_4,PokemonTowerB4F_Biker_4_Weezing_2,POKEMON_TOWER_B4F,POKEMON_TOWER_4F,Weezing,Smokescreen,Badge_5,,31
PokemonTowerB4F_Biker_4,PokemonTowerB4F_Biker_4_Beedrill_2,POKEMON_TOWER_B4F,POKEMON_TOWER_4F,Beedrill,Fury Attack,Badge_5,,31
PokemonTowerB4F_Biker_4,PokemonTowerB4F_Biker_4_Beedrill_2,POKEMON_TOWER_B4F,POKEMON_TOWER_4F,Beedrill,Acid,Badge_5,,31
PokemonTowerB4F_Biker_4,PokemonTowerB4F_Biker_4_Beedrill_2,POKEMON_TOWER_B4F,POKEMON_TOWER_4F,Beedrill,Twineedle,Badge_5,,31
PokemonTowerB4F_Biker_4,PokemonTowerB4F_Biker_4_Beedrill_2,POKEMON_TOWER_B4F,POKEMON_TOWER_4F,Beedrill,Sludge,Badge_5,,31
PokemonTowerB4F_Bird_Keeper_6,PokemonTowerB4F_Bird_Keeper_6_Rhydon_1,POKEMON_TOWER_B4F,POKEMON_TOWER_4F,Rhydon,Fury Attack,Badge_5,,31
PokemonTowerB4F_Bird_Keeper_6,PokemonTowerB4F_Bird_Keeper_6_Rhydon_1,POKEMON_TOWER_B4F,POKEMON_TOWER_4F,Rhydon,Stomp,Badge_5,,31
PokemonTowerB4F_Bird_Keeper_6,PokemonTowerB4F_Bird_Keeper_6_Rhydon_1,POKEMON_TOWER_B4F,POKEMON_TOWER_4F,Rhydon,Rock Throw,Badge_5,,31
PokemonTowerB4F_Bird_Keeper_6,PokemonTowerB4F_Bird_Keeper_6_Rhydon_1,POKEMON_TOWER_B4F,POKEMON_TOWER_4F,Rhydon,Dig,Badge_5,,31
PokemonTowerB4F_Bird_Keeper_6,PokemonTowerB4F_Bird_Keeper_6_Fearow_2,POKEMON_TOWER_B4F,POKEMON_TOWER_4F,Fearow,Mirror Move,Badge_5,,31
PokemonTowerB4F_Bird_Keeper_6,PokemonTowerB4F_Bird_Keeper_6_Fearow_2,POKEMON_TOWER_B4F,POKEMON_TOWER_4F,Fearow,Drill Peck,Badge_5,,31
PokemonTowerB4F_Bird_Keeper_6,PokemonTowerB4F_Bird_Keeper_6_Fearow_2,POKEMON_TOWER_B4F,POKEMON_TOWER_4F,Fearow,Whirlwind,Badge_5,,31
PokemonTowerB4F_Bird_Keeper_6,PokemonTowerB4F_Bird_Keeper_6_Fearow_2,POKEMON_TOWER_B4F,POKEMON_TOWER_4F,Fearow,Sharpen,Badge_5,,31
PokemonTowerB4F_Jr_Trainer_1,PokemonTowerB4F_Jr_Trainer_1_Clefable_1,POKEMON_TOWER_B4F,POKEMON_TOWER_4F,Clefable,Minimize,Badge_5,,38
PokemonTowerB4F_Jr_Trainer_1,PokemonTowerB4F_Jr_Trainer_1_Clefable_1,POKEMON_TOWER_B4F,POKEMON_TOWER_4F,Clefable,Defense Curl,Badge_5,,38
PokemonTowerB4F_Jr_Trainer_1,PokemonTowerB4F_Jr_Trainer_1_Clefable_1,POKEMON_TOWER_B4F,POKEMON_TOWER_4F,Clefable,Metronome,Badge_5,,38
PokemonTowerB4F_Jr_Trainer_1,PokemonTowerB4F_Jr_Trainer_1_Clefable_1,POKEMON_TOWER_B4F,POKEMON_TOWER_4F,Clefable,Body Slam,Badge_5,,38
PokemonTowerB4F_Beauty_1,PokemonTowerB4F_Beauty_1_Pidgeot_1,POKEMON_TOWER_B4F,POKEMON_TOWER_4F,Pidgeot,Wing Attack,Badge_5,,35
PokemonTowerB4F_Beauty_1,PokemonTowerB4F_Beauty_1_Pidgeot_1,POKEMON_TOWER_B4F,POKEMON_TOWER_4F,Pidgeot,Whirlwind,Badge_5,,35
PokemonTowerB4F_Beauty_1,PokemonTowerB4F_Beauty_1_Pidgeot_1,POKEMON_TOWER_B4F,POKEMON_TOWER_4F,Pidgeot,Take Down,Badge_5,,35
PokemonTowerB4F_Beauty_1,PokemonTowerB4F_Beauty_1_Pidgeot_1,POKEMON_TOWER_B4F,POKEMON_TOWER_4F,Pidgeot,Agility,Badge_5,,35
PokemonTowerB4F_Beauty_1,PokemonTowerB4F_Beauty_1_Wigglytuff_2,POKEMON_TOWER_B4F,POKEMON_TOWER_4F,Wigglytuff,Defense Curl,Badge_5,,35
PokemonTowerB4F_Beauty_1,PokemonTowerB4F_Beauty_1_Wigglytuff_2,POKEMON_TOWER_B4F,POKEMON_TOWER_4F,Wigglytuff,Disable,Badge_5,,35
PokemonTowerB4F_Beauty_1,PokemonTowerB4F_Beauty_1_Wigglytuff_2,POKEMON_TOWER_B4F,POKEMON_TOWER_4F,Wigglytuff,Rest,Badge_5,,35
PokemonTowerB4F_Beauty_1,PokemonTowerB4F_Beauty_1_Wigglytuff_2,POKEMON_TOWER_B4F,POKEMON_TOWER_4F,Wigglytuff,Body Slam,Badge_5,,35
PokemonTowerB4F_Jr_Trainer_2,PokemonTowerB4F_Jr_Trainer_2_Weepinbell_1,POKEMON_TOWER_B4F,POKEMON_TOWER_4F,Weepinbell,Acid,Badge_5,,36
PokemonTowerB4F_Jr_Trainer_2,PokemonTowerB4F_Jr_Trainer_2_Weepinbell_1,POKEMON_TOWER_B4F,POKEMON_TOWER_4F,Weepinbell,Headbutt,Badge_5,,36
PokemonTowerB4F_Jr_Trainer_2,PokemonTowerB4F_Jr_Trainer_2_Weepinbell_1,POKEMON_TOWER_B4F,POKEMON_TOWER_4F,Weepinbell,Razor Leaf,Badge_5,,36
PokemonTowerB4F_Jr_Trainer_2,PokemonTowerB4F_Jr_Trainer_2_Weepinbell_1,POKEMON_TOWER_B4F,POKEMON_TOWER_4F,Weepinbell,Sludge,Badge_5,,36
PokemonTowerB4F_Jr_Trainer_2,PokemonTowerB4F_Jr_Trainer_2_Poliwrath_2,POKEMON_TOWER_B4F,POKEMON_TOWER_4F,Poliwrath,Bubblebeam,Badge_5,,36
PokemonTowerB4F_Jr_Trainer_2,PokemonTowerB4F_Jr_Trainer_2_Poliwrath_2,POKEMON_TOWER_B4F,POKEMON_TOWER_4F,Poliwrath,Karate Chop,Badge_5,,36
PokemonTowerB4F_Jr_Trainer_2,PokemonTowerB4F_Jr_Trainer_2_Poliwrath_2,POKEMON_TOWER_B4F,POKEMON_TOWER_4F,Poliwrath,Ice Punch,Badge_5,,36
PokemonTowerB4F_Jr_Trainer_2,PokemonTowerB4F_Jr_Trainer_2_Poliwrath_2,POKEMON_TOWER_B4F,POKEMON_TOWER_4F,Poliwrath,Body Slam,Badge_5,,36
PokemonTowerB4F_Biker_1,PokemonTowerB4F_Biker_1_Sandslash_1,POKEMON_TOWER_B4F,POKEMON_TOWER_4F,Sandslash,Dig,Badge_5,,34
PokemonTowerB4F_Biker_1,PokemonTowerB4F_Biker_1_Sandslash_1,POKEMON_TOWER_B4F,POKEMON_TOWER_4F,Sandslash,Swift,Badge_5,,34
PokemonTowerB4F_Biker_1,PokemonTowerB4F_Biker_1_Sandslash_1,POKEMON_TOWER_B4F,POKEMON_TOWER_4F,Sandslash,Slash,Badge_5,,34
PokemonTowerB4F_Biker_1,PokemonTowerB4F_Biker_1_Sandslash_1,POKEMON_TOWER_B4F,POKEMON_TOWER_4F,Sandslash,Earthquake,Badge_5,,34
PokemonTowerB4F_Biker_1,PokemonTowerB4F_Biker_1_Koffing_2,POKEMON_TOWER_B4F,POKEMON_TOWER_4F,Koffing,Smog,Badge_5,,34
PokemonTowerB4F_Biker_1,PokemonTowerB4F_Biker_1_Koffing_2,POKEMON_TOWER_B4F,POKEMON_TOWER_4F,Koffing,Acid,Badge_5,,34
PokemonTowerB4F_Biker_1,PokemonTowerB4F_Biker_1_Koffing_2,POKEMON_TOWER_B4F,POKEMON_TOWER_4F,Koffing,Smokescreen,Badge_5,,34
PokemonTowerB4F_Biker_1,PokemonTowerB4F_Biker_1_Koffing_2,POKEMON_TOWER_B4F,POKEMON_TOWER_4F,Koffing,Sludge,Badge_5,,34
PokemonTowerB4F_Biker_1,PokemonTowerB4F_Biker_1_Sandslash_2,POKEMON_TOWER_B4F,POKEMON_TOWER_4F,Sandslash,Dig,Badge_5,,34
PokemonTowerB4F_Biker_1,PokemonTowerB4F_Biker_1_Sandslash_2,POKEMON_TOWER_B4F,POKEMON_TOWER_4F,Sandslash,Swift,Badge_5,,34
PokemonTowerB4F_Biker_1,PokemonTowerB4F_Biker_1_Sandslash_2,POKEMON_TOWER_B4F,POKEMON_TOWER_4F,Sandslash,Slash,Badge_5,,34
PokemonTowerB4F_Biker_1,PokemonTowerB4F_Biker_1_Sandslash_2,POKEMON_TOWER_B4F,POKEMON_TOWER_4F,Sandslash,Earthquake,Badge_5,,34
PokemonTowerB4F_Biker_1,PokemonTowerB4F_Biker_1_Grimer_4,POKEMON_TOWER_B4F,POKEMON_TOWER_4F,Grimer,Poison Gas,Badge_5,,34
PokemonTowerB4F_Biker_1,PokemonTowerB4F_Biker_1_Grimer_4,POKEMON_TOWER_B4F,POKEMON_TOWER_4F,Grimer,Acid Armor,Badge_5,,34
PokemonTowerB4F_Biker_1,PokemonTowerB4F_Biker_1_Grimer_4,POKEMON_TOWER_B4F,POKEMON_TOWER_4F,Grimer,Minimize,Badge_5,,34
PokemonTowerB4F_Biker_1,PokemonTowerB4F_Biker_1_Grimer_4,POKEMON_TOWER_B4F,POKEMON_TOWER_4F,Grimer,Sludge,Badge_5,,34
PokemonTowerB4F_Biker_2,PokemonTowerB4F_Biker_2_Koffing_1,POKEMON_TOWER_B4F,POKEMON_TOWER_4F,Koffing,Smog,Badge_5,,34
PokemonTowerB4F_Biker_2,PokemonTowerB4F_Biker_2_Koffing_1,POKEMON_TOWER_B4F,POKEMON_TOWER_4F,Koffing,Acid,Badge_5,,34
PokemonTowerB4F_Biker_2,PokemonTowerB4F_Biker_2_Koffing_1,POKEMON_TOWER_B4F,POKEMON_TOWER_4F,Koffing,Smokescreen,Badge_5,,34
PokemonTowerB4F_Biker_2,PokemonTowerB4F_Biker_2_Koffing_1,POKEMON_TOWER_B4F,POKEMON_TOWER_4F,Koffing,Sludge,Badge_5,,34
PokemonTowerB4F_Biker_2,PokemonTowerB4F_Biker_2_Grimer_2,POKEMON_TOWER_B4F,POKEMON_TOWER_4F,Grimer,Poison Gas,Badge_5,,34
PokemonTowerB4F_Biker_2,PokemonTowerB4F_Biker_2_Grimer_2,POKEMON_TOWER_B4F,POKEMON_TOWER_4F,Grimer,Acid Armor,Badge_5,,34
PokemonTowerB4F_Biker_2,PokemonTowerB4F_Biker_2_Grimer_2,POKEMON_TOWER_B4F,POKEMON_TOWER_4F,Grimer,Minimize,Badge_5,,34
PokemonTowerB4F_Biker_2,PokemonTowerB4F_Biker_2_Grimer_2,POKEMON_TOWER_B4F,POKEMON_TOWER_4F,Grimer,Sludge,Badge_5,,34
PokemonTowerB4F_Biker_2,PokemonTowerB4F_Biker_2_Weezing_3,POKEMON_TOWER_B4F,POKEMON_TOWER_4F,Weezing,Smog,Badge_5,,36
PokemonTowerB4F_Biker_2,PokemonTowerB4F_Biker_2_Weezing_3,POKEMON_TOWER_B4F,POKEMON_TOWER_4F,Weezing,Acid,Badge_5,,36
PokemonTowerB4F_Biker_2,PokemonTowerB4F_Biker_2_Weezing_3,POKEMON_TOWER_B4F,POKEMON_TOWER_4F,Weezing,Smokescreen,Badge_5,,36
PokemonTowerB4F_Biker_2,PokemonTowerB4F_Biker_2_Weezing_3,POKEMON_TOWER_B4F,POKEMON_TOWER_4F,Weezing,Sludge,Badge_5,,36
PokemonTowerB4F_Beauty_2,PokemonTowerB4F_Beauty_2_Ivysaur_1,POKEMON_TOWER_B4F,POKEMON_TOWER_4F,Ivysaur,Acid,Badge_5,,35
PokemonTowerB4F_Beauty_2,PokemonTowerB4F_Beauty_2_Ivysaur_1,POKEMON_TOWER_B4F,POKEMON_TOWER_4F,Ivysaur,Poisonpowder,Badge_5,,35
PokemonTowerB4F_Beauty_2,PokemonTowerB4F_Beauty_2_Ivysaur_1,POKEMON_TOWER_B4F,POKEMON_TOWER_4F,Ivysaur,Sleep Powder,Badge_5,,35
PokemonTowerB4F_Beauty_2,PokemonTowerB4F_Beauty_2_Ivysaur_1,POKEMON_TOWER_B4F,POKEMON_TOWER_4F,Ivysaur,Razor Leaf,Badge_5,,35
PokemonTowerB4F_Beauty_2,PokemonTowerB4F_Beauty_2_Tangela_2,POKEMON_TOWER_B4F,POKEMON_TOWER_4F,Tangela,Poisonpowder,Badge_5,,35
PokemonTowerB4F_Beauty_2,PokemonTowerB4F_Beauty_2_Tangela_2,POKEMON_TOWER_B4F,POKEMON_TOWER_4F,Tangela,Stun Spore,Badge_5,,35
PokemonTowerB4F_Beauty_2,PokemonTowerB4F_Beauty_2_Tangela_2,POKEMON_TOWER_B4F,POKEMON_TOWER_4F,Tangela,Sleep Powder,Badge_5,,35
PokemonTowerB4F_Beauty_2,PokemonTowerB4F_Beauty_2_Tangela_2,POKEMON_TOWER_B4F,POKEMON_TOWER_4F,Tangela,Mega Drain,Badge_5,,35
PokemonTowerB4F_Jr_Trainer_3,PokemonTowerB4F_Jr_Trainer_3_Psyduck_1,POKEMON_TOWER_B4F,POKEMON_TOWER_4F,Psyduck,Disable,Badge_5,,34
PokemonTowerB4F_Jr_Trainer_3,PokemonTowerB4F_Jr_Trainer_3_Psyduck_1,POKEMON_TOWER_B4F,POKEMON_TOWER_4F,Psyduck,Confusion,Badge_5,,34
PokemonTowerB4F_Jr_Trainer_3,PokemonTowerB4F_Jr_Trainer_3_Psyduck_1,POKEMON_TOWER_B4F,POKEMON_TOWER_4F,Psyduck,Bubblebeam,Badge_5,,34
PokemonTowerB4F_Jr_Trainer_3,PokemonTowerB4F_Jr_Trainer_3_Psyduck_1,POKEMON_TOWER_B4F,POKEMON_TOWER_4F,Psyduck,Screech,Badge_5,,34
PokemonTowerB4F_Jr_Trainer_3,PokemonTowerB4F_Jr_Trainer_3_Persian_3,POKEMON_TOWER_B4F,POKEMON_TOWER_4F,Persian,Pay Day,Badge_5,,34
PokemonTowerB4F_Jr_Trainer_3,PokemonTowerB4F_Jr_Trainer_3_Persian_3,POKEMON_TOWER_B4F,POKEMON_TOWER_4F,Persian,Screech,Badge_5,,34
PokemonTowerB4F_Jr_Trainer_3,PokemonTowerB4F_Jr_Trainer_3_Persian_3,POKEMON_TOWER_B4F,POKEMON_TOWER_4F,Persian,Take Down,Badge_5,,34
PokemonTowerB4F_Jr_Trainer_3,PokemonTowerB4F_Jr_Trainer_3_Persian_3,POKEMON_TOWER_B4F,POKEMON_TOWER_4F,Persian,Slash,Badge_5,,34
PokemonTowerB4F_Jr_Trainer_3,PokemonTowerB4F_Jr_Trainer_3_Pidgeot_3,POKEMON_TOWER_B4F,POKEMON_TOWER_4F,Pidgeot,Wing Attack,Badge_5,,34
PokemonTowerB4F_Jr_Trainer_3,PokemonTowerB4F_Jr_Trainer_3_Pidgeot_3,POKEMON_TOWER_B4F,POKEMON_TOWER_4F,Pidgeot,Whirlwind,Badge_5,,34
PokemonTowerB4F_Jr_Trainer_3,PokemonTowerB4F_Jr_Trainer_3_Pidgeot_3,POKEMON_TOWER_B4F,POKEMON_TOWER_4F,Pidgeot,Take Down,Badge_5,,34
PokemonTowerB4F_Jr_Trainer_3,PokemonTowerB4F_Jr_Trainer_3_Pidgeot_3,POKEMON_TOWER_B4F,POKEMON_TOWER_4F,Pidgeot,Agility,Badge_5,,34
PokemonTowerB4F_Bird_Keeper_1,PokemonTowerB4F_Bird_Keeper_1_Rhydon_1,POKEMON_TOWER_B4F,POKEMON_TOWER_4F,Rhydon,Fury Attack,Badge_5,,36
PokemonTowerB4F_Bird_Keeper_1,PokemonTowerB4F_Bird_Keeper_1_Rhydon_1,POKEMON_TOWER_B4F,POKEMON_TOWER_4F,Rhydon,Stomp,Badge_5,,36
PokemonTowerB4F_Bird_Keeper_1,PokemonTowerB4F_Bird_Keeper_1_Rhydon_1,POKEMON_TOWER_B4F,POKEMON_TOWER_4F,Rhydon,Rock Throw,Badge_5,,36
PokemonTowerB4F_Bird_Keeper_1,PokemonTowerB4F_Bird_Keeper_1_Rhydon_1,POKEMON_TOWER_B4F,POKEMON_TOWER_4F,Rhydon,Dig,Badge_5,,36
PokemonTowerB4F_Bird_Keeper_1,PokemonTowerB4F_Bird_Keeper_1_Pidgeot_2,POKEMON_TOWER_B4F,POKEMON_TOWER_4F,Pidgeot,Wing Attack,Badge_5,,36
PokemonTowerB4F_Bird_Keeper_1,PokemonTowerB4F_Bird_Keeper_1_Pidgeot_2,POKEMON_TOWER_B4F,POKEMON_TOWER_4F,Pidgeot,Whirlwind,Badge_5,,36
PokemonTowerB4F_Bird_Keeper_1,PokemonTowerB4F_Bird_Keeper_1_Pidgeot_2,POKEMON_TOWER_B4F,POKEMON_TOWER_4F,Pidgeot,Take Down,Badge_5,,36
PokemonTowerB4F_Bird_Keeper_1,PokemonTowerB4F_Bird_Keeper_1_Pidgeot_2,POKEMON_TOWER_B4F,POKEMON_TOWER_4F,Pidgeot,Agility,Badge_5,,36
PokemonTowerB4F_Bird_Keeper_2,PokemonTowerB4F_Bird_Keeper_2_Pidgeotto_1,POKEMON_TOWER_B4F,POKEMON_TOWER_4F,Pidgeotto,Wing Attack,Badge_5,,35
PokemonTowerB4F_Bird_Keeper_2,PokemonTowerB4F_Bird_Keeper_2_Pidgeotto_1,POKEMON_TOWER_B4F,POKEMON_TOWER_4F,Pidgeotto,Whirlwind,Badge_5,,35
PokemonTowerB4F_Bird_Keeper_2,PokemonTowerB4F_Bird_Keeper_2_Pidgeotto_1,POKEMON_TOWER_B4F,POKEMON_TOWER_4F,Pidgeotto,Take Down,Badge_5,,35
PokemonTowerB4F_Bird_Keeper_2,PokemonTowerB4F_Bird_Keeper_2_Pidgeotto_1,POKEMON_TOWER_B4F,POKEMON_TOWER_4F,Pidgeotto,Agility,Badge_5,,35
PokemonTowerB4F_Bird_Keeper_2,PokemonTowerB4F_Bird_Keeper_2_Farfetchd_2,POKEMON_TOWER_B4F,POKEMON_TOWER_4F,Farfetchd,Wing Attack,Badge_5,,35
PokemonTowerB4F_Bird_Keeper_2,PokemonTowerB4F_Bird_Keeper_2_Farfetchd_2,POKEMON_TOWER_B4F,POKEMON_TOWER_4F,Farfetchd,Slash,Badge_5,,35
PokemonTowerB4F_Bird_Keeper_2,PokemonTowerB4F_Bird_Keeper_2_Farfetchd_2,POKEMON_TOWER_B4F,POKEMON_TOWER_4F,Farfetchd,Swords Dance,Badge_5,,35
PokemonTowerB4F_Bird_Keeper_2,PokemonTowerB4F_Bird_Keeper_2_Farfetchd_2,POKEMON_TOWER_B4F,POKEMON_TOWER_4F,Farfetchd,Drill Peck,Badge_5,,35
PokemonTowerB4F_Bird_Keeper_2,PokemonTowerB4F_Bird_Keeper_2_Rhydon_3,POKEMON_TOWER_B4F,POKEMON_TOWER_4F,Rhydon,Fury Attack,Badge_5,,35
PokemonTowerB4F_Bird_Keeper_2,PokemonTowerB4F_Bird_Keeper_2_Rhydon_3,POKEMON_TOWER_B4F,POKEMON_TOWER_4F,Rhydon,Stomp,Badge_5,,35
PokemonTowerB4F_Bird_Keeper_2,PokemonTowerB4F_Bird_Keeper_2_Rhydon_3,POKEMON_TOWER_B4F,POKEMON_TOWER_4F,Rhydon,Rock Throw,Badge_5,,35
PokemonTowerB4F_Bird_Keeper_2,PokemonTowerB4F_Bird_Keeper_2_Rhydon_3,POKEMON_TOWER_B4F,POKEMON_TOWER_4F,Rhydon,Dig,Badge_5,,35
PokemonTowerB4F_Bird_Keeper_2,PokemonTowerB4F_Bird_Keeper_2_Pidgeotto_2,POKEMON_TOWER_B4F,POKEMON_TOWER_4F,Pidgeotto,Wing Attack,Badge_5,,35
PokemonTowerB4F_Bird_Keeper_2,PokemonTowerB4F_Bird_Keeper_2_Pidgeotto_2,POKEMON_TOWER_B4F,POKEMON_TOWER_4F,Pidgeotto,Whirlwind,Badge_5,,35
PokemonTowerB4F_Bird_Keeper_2,PokemonTowerB4F_Bird_Keeper_2_Pidgeotto_2,POKEMON_TOWER_B4F,POKEMON_TOWER_4F,Pidgeotto,Take Down,Badge_5,,35
PokemonTowerB4F_Bird_Keeper_2,PokemonTowerB4F_Bird_Keeper_2_Pidgeotto_2,POKEMON_TOWER_B4F,POKEMON_TOWER_4F,Pidgeotto,Agility,Badge_5,,35
PokemonTowerB4F_Jr_Trainer_4,PokemonTowerB4F_Jr_Trainer_4_Tangela_1,POKEMON_TOWER_B4F,POKEMON_TOWER_4F,Tangela,Poisonpowder,Badge_5,,35
PokemonTowerB4F_Jr_Trainer_4,PokemonTowerB4F_Jr_Trainer_4_Tangela_1,POKEMON_TOWER_B4F,POKEMON_TOWER_4F,Tangela,Stun Spore,Badge_5,,35
PokemonTowerB4F_Jr_Trainer_4,PokemonTowerB4F_Jr_Trainer_4_Tangela_1,POKEMON_TOWER_B4F,POKEMON_TOWER_4F,Tangela,Sleep Powder,Badge_5,,35
PokemonTowerB4F_Jr_Trainer_4,PokemonTowerB4F_Jr_Trainer_4_Tangela_1,POKEMON_TOWER_B4F,POKEMON_TOWER_4F,Tangela,Mega Drain,Badge_5,,35
PokemonTowerB4F_Jr_Trainer_4,PokemonTowerB4F_Jr_Trainer_4_Ponyta_2,POKEMON_TOWER_B4F,POKEMON_TOWER_4F,Ponyta,Double Kick,Badge_5,,35
PokemonTowerB4F_Jr_Trainer_4,PokemonTowerB4F_Jr_Trainer_4_Ponyta_2,POKEMON_TOWER_B4F,POKEMON_TOWER_4F,Ponyta,Tail Whip,Badge_5,,35
PokemonTowerB4F_Jr_Trainer_4,PokemonTowerB4F_Jr_Trainer_4_Ponyta_2,POKEMON_TOWER_B4F,POKEMON_TOWER_4F,Ponyta,Flamethrower,Badge_5,,35
PokemonTowerB4F_Jr_Trainer_4,PokemonTowerB4F_Jr_Trainer_4_Ponyta_2,POKEMON_TOWER_B4F,POKEMON_TOWER_4F,Ponyta,Agility,Badge_5,,35
PokemonTowerB4F_Jr_Trainer_4,PokemonTowerB4F_Jr_Trainer_4_Sandslash_3,POKEMON_TOWER_B4F,POKEMON_TOWER_4F,Sandslash,Dig,Badge_5,,35
PokemonTowerB4F_Jr_Trainer_4,PokemonTowerB4F_Jr_Trainer_4_Sandslash_3,POKEMON_TOWER_B4F,POKEMON_TOWER_4F,Sandslash,Swift,Badge_5,,35
PokemonTowerB4F_Jr_Trainer_4,PokemonTowerB4F_Jr_Trainer_4_Sandslash_3,POKEMON_TOWER_B4F,POKEMON_TOWER_4F,Sandslash,Slash,Badge_5,,35
PokemonTowerB4F_Jr_Trainer_4,PokemonTowerB4F_Jr_Trainer_4_Sandslash_3,POKEMON_TOWER_B4F,POKEMON_TOWER_4F,Sandslash,Earthquake,Badge_5,,35
FuchsiaGym_Janine,FuchsiaGym_Janine_Golbat_1,FUCHSIA_GYM,ROUTE_12,Golbat,Confuse Ray,Badge_5,,40
FuchsiaGym_Janine,FuchsiaGym_Janine_Golbat_1,FUCHSIA_GYM,ROUTE_12,Golbat,Wing Attack,Badge_5,,40
FuchsiaGym_Janine,FuchsiaGym_Janine_Golbat_1,FUCHSIA_GYM,ROUTE_12,Golbat,Acid,Badge_5,,40
FuchsiaGym_Janine,FuchsiaGym_Janine_Golbat_1,FUCHSIA_GYM,ROUTE_12,Golbat,Sludge,Badge_5,,40
FuchsiaGym_Janine,FuchsiaGym_Janine_Gloom_2,FUCHSIA_GYM,ROUTE_12,Gloom,Mega Drain,Badge_5,,40
FuchsiaGym_Janine,FuchsiaGym_Janine_Gloom_2,FUCHSIA_GYM,ROUTE_12,Gloom,Sleep Powder,Badge_5,,40
FuchsiaGym_Janine,FuchsiaGym_Janine_Gloom_2,FUCHSIA_GYM,ROUTE_12,Gloom,Petal Dance,Badge_5,,40
FuchsiaGym_Janine,FuchsiaGym_Janine_Gloom_2,FUCHSIA_GYM,ROUTE_12,Gloom,Sludge,Badge_5,,40
FuchsiaGym_Janine,FuchsiaGym_Janine_Nidoqueen_3,FUCHSIA_GYM,ROUTE_12,Nidoqueen,Headbutt,Badge_5,,40
FuchsiaGym_Janine,FuchsiaGym_Janine_Nidoqueen_3,FUCHSIA_GYM,ROUTE_12,Nidoqueen,Double Kick,Badge_5,,40
FuchsiaGym_Janine,FuchsiaGym_Janine_Nidoqueen_3,FUCHSIA_GYM,ROUTE_12,Nidoqueen,Sludge,Badge_5,,40
FuchsiaGym_Janine,FuchsiaGym_Janine_Nidoqueen_3,FUCHSIA_GYM,ROUTE_12,Nidoqueen,Earthquake,Badge_5,,40
FuchsiaGym_Juggler_1,FuchsiaGym_Juggler_1_Drowzee_1,FUCHSIA_GYM,ROUTE_12,Drowzee,Poison Gas,Badge_5,,40
FuchsiaGym_Juggler_1,FuchsiaGym_Juggler_1_Drowzee_1,FUCHSIA_GYM,ROUTE_12,Drowzee,Psychic,Badge_5,,40
FuchsiaGym_Juggler_1,FuchsiaGym_Juggler_1_Drowzee_1,FUCHSIA_GYM,ROUTE_12,Drowzee,Meditate,Badge_5,,40
FuchsiaGym_Juggler_1,FuchsiaGym_Juggler_1_Drowzee_1,FUCHSIA_GYM,ROUTE_12,Drowzee,Hypnosis,Badge_5,,40
FuchsiaGym_Tamer_1,FuchsiaGym_Tamer_1_Arbok_1,FUCHSIA_GYM,ROUTE_12,Arbok,Substitute,Badge_5,,35
FuchsiaGym_Tamer_1,FuchsiaGym_Tamer_1_Arbok_1,FUCHSIA_GYM,ROUTE_12,Arbok,Glare,Badge_5,,35
FuchsiaGym_Tamer_1,FuchsiaGym_Tamer_1_Arbok_1,FUCHSIA_GYM,ROUTE_12,Arbok,Screech,Badge_5,,35
FuchsiaGym_Tamer_1,FuchsiaGym_Tamer_1_Arbok_1,FUCHSIA_GYM,ROUTE_12,Arbok,Sludge,Badge_5,,35
FuchsiaGym_Tamer_1,FuchsiaGym_Tamer_1_Nidoqueen_2,FUCHSIA_GYM,ROUTE_12,Nidoqueen,Poison Sting,Badge_5,,35
FuchsiaGym_Tamer_1,FuchsiaGym_Tamer_1_Nidoqueen_2,FUCHSIA_GYM,ROUTE_12,Nidoqueen,Headbutt,Badge_5,,35
FuchsiaGym_Tamer_1,FuchsiaGym_Tamer_1_Nidoqueen_2,FUCHSIA_GYM,ROUTE_12,Nidoqueen,Double Kick,Badge_5,,35
FuchsiaGym_Tamer_1,FuchsiaGym_Tamer_1_Nidoqueen_2,FUCHSIA_GYM,ROUTE_12,Nidoqueen,Sludge,Badge_5,,35
FuchsiaGym_Tamer_1,FuchsiaGym_Tamer_1_Arbok_2,FUCHSIA_GYM,ROUTE_12,Arbok,Substitute,Badge_5,,35
FuchsiaGym_Tamer_1,FuchsiaGym_Tamer_1_Arbok_2,FUCHSIA_GYM,ROUTE_12,Arbok,Glare,Badge_5,,35
FuchsiaGym_Tamer_1,FuchsiaGym_Tamer_1_Arbok_2,FUCHSIA_GYM,ROUTE_12,Arbok,Screech,Badge_5,,35
FuchsiaGym_Tamer_1,FuchsiaGym_Tamer_1_Arbok_2,FUCHSIA_GYM,ROUTE_12,Arbok,Sludge,Badge_5,,35
FuchsiaGym_Tamer_2,FuchsiaGym_Tamer_2_Sandslash_1,FUCHSIA_GYM,ROUTE_12,Sandslash,Dig,Badge_5,,36
FuchsiaGym_Tamer_2,FuchsiaGym_Tamer_2_Sandslash_1,FUCHSIA_GYM,ROUTE_12,Sandslash,Swift,Badge_5,,36
FuchsiaGym_Tamer_2,FuchsiaGym_Tamer_2_Sandslash_1,FUCHSIA_GYM,ROUTE_12,Sandslash,Slash,Badge_5,,36
FuchsiaGym_Tamer_2,FuchsiaGym_Tamer_2_Sandslash_1,FUCHSIA_GYM,ROUTE_12,Sandslash,Earthquake,Badge_5,,36
FuchsiaGym_Tamer_2,FuchsiaGym_Tamer_2_Arbok_2,FUCHSIA_GYM,ROUTE_12,Arbok,Substitute,Badge_5,,36
FuchsiaGym_Tamer_2,FuchsiaGym_Tamer_2_Arbok_2,FUCHSIA_GYM,ROUTE_12,Arbok,Glare,Badge_5,,36
FuchsiaGym_Tamer_2,FuchsiaGym_Tamer_2_Arbok_2,FUCHSIA_GYM,ROUTE_12,Arbok,Screech,Badge_5,,36
FuchsiaGym_Tamer_2,FuchsiaGym_Tamer_2_Arbok_2,FUCHSIA_GYM,ROUTE_12,Arbok,Sludge,Badge_5,,36
Route16_Biker_1,Route16_Biker_1_Grimer_1,ROUTE_16,ROUTE_16,Grimer,Acid,Badge_5,,29
Route16_Biker_1,Route16_Biker_1_Grimer_1,ROUTE_16,ROUTE_16,Grimer,Poison Gas,Badge_5,,29
Route16_Biker_1,Route16_Biker_1_Grimer_1,ROUTE_16,ROUTE_16,Grimer,Acid Armor,Badge_5,,29
Route16_Biker_1,Route16_Biker_1_Grimer_1,ROUTE_16,ROUTE_16,Grimer,Minimize,Badge_5,,29
Route16_Biker_1,Route16_Biker_1_Beedrill_2,ROUTE_16,ROUTE_16,Beedrill,Focus Energy,Badge_5,,29
Route16_Biker_1,Route16_Biker_1_Beedrill_2,ROUTE_16,ROUTE_16,Beedrill,Fury Attack,Badge_5,,29
Route16_Biker_1,Route16_Biker_1_Beedrill_2,ROUTE_16,ROUTE_16,Beedrill,Acid,Badge_5,,29
Route16_Biker_1,Route16_Biker_1_Beedrill_2,ROUTE_16,ROUTE_16,Beedrill,Twineedle,Badge_5,,29
Route16_Cue_Ball_1,Route16_Cue_Ball_1_Machop_1,ROUTE_16,ROUTE_16,Machop,Leer,Badge_5,,28
Route16_Cue_Ball_1,Route16_Cue_Ball_1_Machop_1,ROUTE_16,ROUTE_16,Machop,Focus Energy,Badge_5,,28
Route16_Cue_Ball_1,Route16_Cue_Ball_1_Machop_1,ROUTE_16,ROUTE_16,Machop,Seismic Toss,Badge_5,,28
Route16_Cue_Ball_1,Route16_Cue_Ball_1_Machop_1,ROUTE_16,ROUTE_16,Machop,Submission,Badge_5,,28
Route16_Cue_Ball_1,Route16_Cue_Ball_1_Wigglytuff_2,ROUTE_16,ROUTE_16,Wigglytuff,Pound,Badge_5,,28
Route16_Cue_Ball_1,Route16_Cue_Ball_1_Wigglytuff_2,ROUTE_16,ROUTE_16,Wigglytuff,Defense Curl,Badge_5,,28
Route16_Cue_Ball_1,Route16_Cue_Ball_1_Wigglytuff_2,ROUTE_16,ROUTE_16,Wigglytuff,Disable,Badge_5,,28
Route16_Cue_Ball_1,Route16_Cue_Ball_1_Wigglytuff_2,ROUTE_16,ROUTE_16,Wigglytuff,Rest,Badge_5,,28
Route16_Cue_Ball_1,Route16_Cue_Ball_1_Machop_2,ROUTE_16,ROUTE_16,Machop,Leer,Badge_5,,28
Route16_Cue_Ball_1,Route16_Cue_Ball_1_Machop_2,ROUTE_16,ROUTE_16,Machop,Focus Energy,Badge_5,,28
Route16_Cue_Ball_1,Route16_Cue_Ball_1_Machop_2,ROUTE_16,ROUTE_16,Machop,Seismic Toss,Badge_5,,28
Route16_Cue_Ball_1,Route16_Cue_Ball_1_Machop_2,ROUTE_16,ROUTE_16,Machop,Submission,Badge_5,,28
Route16_Cue_Ball_2,Route16_Cue_Ball_2_Mankey_1,ROUTE_16,ROUTE_16,Mankey,Low Kick,Badge_5,,29
Route16_Cue_Ball_2,Route16_Cue_Ball_2_Mankey_1,ROUTE_16,ROUTE_16,Mankey,Fury Swipes,Badge_5,,29
Route16_Cue_Ball_2,Route16_Cue_Ball_2_Mankey_1,ROUTE_16,ROUTE_16,Mankey,Karate Chop,Badge_5,,29
Route16_Cue_Ball_2,Route16_Cue_Ball_2_Mankey_1,ROUTE_16,ROUTE_16,Mankey,Focus Energy,Badge_5,,29
Route16_Cue_Ball_2,Route16_Cue_Ball_2_Machop_2,ROUTE_16,ROUTE_16,Machop,Leer,Badge_5,,29
Route16_Cue_Ball_2,Route16_Cue_Ball_2_Machop_2,ROUTE_16,ROUTE_16,Machop,Focus Energy,Badge_5,,29
Route16_Cue_Ball_2,Route16_Cue_Ball_2_Machop_2,ROUTE_16,ROUTE_16,Machop,Seismic Toss,Badge_5,,29
Route16_Cue_Ball_2,Route16_Cue_Ball_2_Machop_2,ROUTE_16,ROUTE_16,Machop,Submission,Badge_5,,29
Route16_Biker_2,Route16_Biker_2_Weezing_1,ROUTE_16,ROUTE_16,Weezing,Tackle,Badge_5,,30
Route16_Biker_2,Route16_Biker_2_Weezing_1,ROUTE_16,ROUTE_16,Weezing,Smog,Badge_5,,30
Route16_Biker_2,Route16_Biker_2_Weezing_1,ROUTE_16,ROUTE_16,Weezing,Acid,Badge_5,,30
Route16_Biker_2,Route16_Biker_2_Weezing_1,ROUTE_16,ROUTE_16,Weezing,Smokescreen,Badge_5,,30
Route16_Cue_Ball_3,Route16_Cue_Ball_3_Machoke_1,ROUTE_16,ROUTE_16,Machoke,Leer,Badge_5,,31
Route16_Cue_Ball_3,Route16_Cue_Ball_3_Machoke_1,ROUTE_16,ROUTE_16,Machoke,Focus Energy,Badge_5,,31
Route16_Cue_Ball_3,Route16_Cue_Ball_3_Machoke_1,ROUTE_16,ROUTE_16,Machoke,Seismic Toss,Badge_5,,31
Route16_Cue_Ball_3,Route16_Cue_Ball_3_Machoke_1,ROUTE_16,ROUTE_16,Machoke,Submission,Badge_5,,31
Route16_Biker_3,Route16_Biker_3_Grimer_1,ROUTE_16,ROUTE_16,Grimer,Acid,Badge_5,,28
Route16_Biker_3,Route16_Biker_3_Grimer_1,ROUTE_16,ROUTE_16,Grimer,Poison Gas,Badge_5,,28
Route16_Biker_3,Route16_Biker_3_Grimer_1,ROUTE_16,ROUTE_16,Grimer,Acid Armor,Badge_5,,28
Route16_Biker_3,Route16_Biker_3_Grimer_1,ROUTE_16,ROUTE_16,Grimer,Minimize,Badge_5,,28
Route16_Biker_3,Route16_Biker_3_Charmeleon_2,ROUTE_16,ROUTE_16,Charmeleon,Leer,Badge_5,,28
Route16_Biker_3,Route16_Biker_3_Charmeleon_2,ROUTE_16,ROUTE_16,Charmeleon,Rage,Badge_5,,28
Route16_Biker_3,Route16_Biker_3_Charmeleon_2,ROUTE_16,ROUTE_16,Charmeleon,Fire Punch,Badge_5,,28
Route16_Biker_3,Route16_Biker_3_Charmeleon_2,ROUTE_16,ROUTE_16,Charmeleon,Bite,Badge_5,,28
Route16_Biker_3,Route16_Biker_3_Rhyhorn_3,ROUTE_16,ROUTE_16,Rhyhorn,Fury Attack,Badge_5,,28
Route16_Biker_3,Route16_Biker_3_Rhyhorn_3,ROUTE_16,ROUTE_16,Rhyhorn,Stomp,Badge_5,,28
Route16_Biker_3,Route16_Biker_3_Rhyhorn_3,ROUTE_16,ROUTE_16,Rhyhorn,Rock Throw,Badge_5,,28
Route16_Biker_3,Route16_Biker_3_Rhyhorn_3,ROUTE_16,ROUTE_16,Rhyhorn,Dig,Badge_5,,28
Route16_Biker_3,Route16_Biker_3_Grimer_2,ROUTE_16,ROUTE_16,Grimer,Acid,Badge_5,,28
Route16_Biker_3,Route16_Biker_3_Grimer_2,ROUTE_16,ROUTE_16,Grimer,Poison Gas,Badge_5,,28
Route16_Biker_3,Route16_Biker_3_Grimer_2,ROUTE_16,ROUTE_16,Grimer,Acid Armor,Badge_5,,28
Route16_Biker_3,Route16_Biker_3_Grimer_2,ROUTE_16,ROUTE_16,Grimer,Minimize,Badge_5,,28
Route17_Cue_Ball_1,Route17_Cue_Ball_1_Machoke_1,ROUTE_17,ROUTE_17,Machoke,Leer,Badge_5,,32
Route17_Cue_Ball_1,Route17_Cue_Ball_1_Machoke_1,ROUTE_17,ROUTE_17,Machoke,Focus Energy,Badge_5,,32
Route17_Cue_Ball_1,Route17_Cue_Ball_1_Machoke_1,ROUTE_17,ROUTE_17,Machoke,Seismic Toss,Badge_5,,32
Route17_Cue_Ball_1,Route17_Cue_Ball_1_Machoke_1,ROUTE_17,ROUTE_17,Machoke,Submission,Badge_5,,32
Route17_Cue_Ball_1,Route17_Cue_Ball_1_Clefable_2,ROUTE_17,ROUTE_17,Clefable,Doubleslap,Badge_5,,32
Route17_Cue_Ball_1,Route17_Cue_Ball_1_Clefable_2,ROUTE_17,ROUTE_17,Clefable,Minimize,Badge_5,,32
Route17_Cue_Ball_1,Route17_Cue_Ball_1_Clefable_2,ROUTE_17,ROUTE_17,Clefable,Defense Curl,Badge_5,,32
Route17_Cue_Ball_1,Route17_Cue_Ball_1_Clefable_2,ROUTE_17,ROUTE_17,Clefable,Metronome,Badge_5,,32
Route17_Cue_Ball_2,Route17_Cue_Ball_2_Rhydon_1,ROUTE_17,ROUTE_17,Rhydon,Fury Attack,Badge_5,,31
Route17_Cue_Ball_2,Route17_Cue_Ball_2_Rhydon_1,ROUTE_17,ROUTE_17,Rhydon,Stomp,Badge_5,,31
Route17_Cue_Ball_2,Route17_Cue_Ball_2_Rhydon_1,ROUTE_17,ROUTE_17,Rhydon,Rock Throw,Badge_5,,31
Route17_Cue_Ball_2,Route17_Cue_Ball_2_Rhydon_1,ROUTE_17,ROUTE_17,Rhydon,Dig,Badge_5,,31
Route17_Cue_Ball_2,Route17_Cue_Ball_2_Wigglytuff_2,ROUTE_17,ROUTE_17,Wigglytuff,Defense Curl,Badge_5,,31
Route17_Cue_Ball_2,Route17_Cue_Ball_2_Wigglytuff_2,ROUTE_17,ROUTE_17,Wigglytuff,Disable,Badge_5,,31
Route17_Cue_Ball_2,Route17_Cue_Ball_2_Wigglytuff_2,ROUTE_17,ROUTE_17,Wigglytuff,Rest,Badge_5,,31
Route17_Cue_Ball_2,Route17_Cue_Ball_2_Wigglytuff_2,ROUTE_17,ROUTE_17,Wigglytuff,Body Slam,Badge_5,,31
Route17_Biker_1,Route17_Biker_1_Weezing_1,ROUTE_17,ROUTE_17,Weezing,Smog,Badge_5,,33
Route17_Biker_1,Route17_Biker_1_Weezing_1,ROUTE_17,ROUTE_17,Weezing,Acid,Badge_5,,33
Route17_Biker_1,Route17_Biker_1_Weezing_1,ROUTE_17,ROUTE_17,Weezing,Smokescreen,Badge_5,,33
Route17_Biker_1,Route17_Biker_1_Weezing_1,ROUTE_17,ROUTE_17,Weezing,Sludge,Badge_5,,33
Route17_Biker_1,Route17_Biker_1_Koffing_2,ROUTE_17,ROUTE_17,Koffing,Smog,Badge_5,,33
Route17_Biker_1,Route17_Biker_1_Koffing_2,ROUTE_17,ROUTE_17,Koffing,Acid,Badge_5,,33
Route17_Biker_1,Route17_Biker_1_Koffing_2,ROUTE_17,ROUTE_17,Koffing,Smokescreen,Badge_5,,33
Route17_Biker_1,Route17_Biker_1_Koffing_2,ROUTE_17,ROUTE_17,Koffing,Sludge,Badge_5,,33
Route17_Biker_1,Route17_Biker_1_Weezing_2,ROUTE_17,ROUTE_17,Weezing,Smog,Badge_5,,33
Route17_Biker_1,Route17_Biker_1_Weezing_2,ROUTE_17,ROUTE_17,Weezing,Acid,Badge_5,,33
Route17_Biker_1,Route17_Biker_1_Weezing_2,ROUTE_17,ROUTE_17,Weezing,Smokescreen,Badge_5,,33
Route17_Biker_1,Route17_Biker_1_Weezing_2,ROUTE_17,ROUTE_17,Weezing,Sludge,Badge_5,,33
Route17_Biker_2,Route17_Biker_2_Muk_1,ROUTE_17,ROUTE_17,Muk,Poison Gas,Badge_5,,35
Route17_Biker_2,Route17_Biker_2_Muk_1,ROUTE_17,ROUTE_17,Muk,Acid Armor,Badge_5,,35
Route17_Biker_2,Route17_Biker_2_Muk_1,ROUTE_17,ROUTE_17,Muk,Minimize,Badge_5,,35
Route17_Biker_2,Route17_Biker_2_Muk_1,ROUTE_17,ROUTE_17,Muk,Sludge,Badge_5,,35
Route17_Biker_3,Route17_Biker_3_Electrode_1,ROUTE_17,ROUTE_17,Electrode,Thundershock,Badge_5,,32
Route17_Biker_3,Route17_Biker_3_Electrode_1,ROUTE_17,ROUTE_17,Electrode,Selfdestruct,Badge_5,,32
Route17_Biker_3,Route17_Biker_3_Electrode_1,ROUTE_17,ROUTE_17,Electrode,Swift,Badge_5,,32
Route17_Biker_3,Route17_Biker_3_Electrode_1,ROUTE_17,ROUTE_17,Electrode,Light Screen,Badge_5,,32
Route17_Biker_3,Route17_Biker_3_Exeggutor_2,ROUTE_17,ROUTE_17,Exeggutor,Mega Drain,Badge_5,,32
Route17_Biker_3,Route17_Biker_3_Exeggutor_2,ROUTE_17,ROUTE_17,Exeggutor,Reflect,Badge_5,,32
Route17_Biker_3,Route17_Biker_3_Exeggutor_2,ROUTE_17,ROUTE_17,Exeggutor,Stomp,Badge_5,,32
Route17_Biker_3,Route17_Biker_3_Exeggutor_2,ROUTE_17,ROUTE_17,Exeggutor,Stun Spore,Badge_5,,32
Route17_Cue_Ball_3,Route17_Cue_Ball_3_Machoke_1,ROUTE_17,ROUTE_17,Machoke,Focus Energy,Badge_5,,34
Route17_Cue_Ball_3,Route17_Cue_Ball_3_Machoke_1,ROUTE_17,ROUTE_17,Machoke,Seismic Toss,Badge_5,,34
Route17_Cue_Ball_3,Route17_Cue_Ball_3_Machoke_1,ROUTE_17,ROUTE_17,Machoke,Submission,Badge_5,,34
Route17_Cue_Ball_3,Route17_Cue_Ball_3_Machoke_1,ROUTE_17,ROUTE_17,Machoke,Body Slam,Badge_5,,34
Route17_Cue_Ball_4,Route17_Cue_Ball_4_Rhydon_1,ROUTE_17,ROUTE_17,Rhydon,Fury Attack,Badge_5,,32
Route17_Cue_Ball_4,Route17_Cue_Ball_4_Rhydon_1,ROUTE_17,ROUTE_17,Rhydon,Stomp,Badge_5,,32
Route17_Cue_Ball_4,Route17_Cue_Ball_4_Rhydon_1,ROUTE_17,ROUTE_17,Rhydon,Rock Throw,Badge_5,,32
Route17_Cue_Ball_4,Route17_Cue_Ball_4_Rhydon_1,ROUTE_17,ROUTE_17,Rhydon,Dig,Badge_5,,32
Route17_Cue_Ball_4,Route17_Cue_Ball_4_Machoke_2,ROUTE_17,ROUTE_17,Machoke,Leer,Badge_5,,32
Route17_Cue_Ball_4,Route17_Cue_Ball_4_Machoke_2,ROUTE_17,ROUTE_17,Machoke,Focus Energy,Badge_5,,32
Route17_Cue_Ball_4,Route17_Cue_Ball_4_Machoke_2,ROUTE_17,ROUTE_17,Machoke,Seismic Toss,Badge_5,,32
Route17_Cue_Ball_4,Route17_Cue_Ball_4_Machoke_2,ROUTE_17,ROUTE_17,Machoke,Submission,Badge_5,,32
Route17_Cue_Ball_5,Route17_Cue_Ball_5_Mankey_1,ROUTE_17,ROUTE_17,Mankey,Low Kick,Badge_5,,29
Route17_Cue_Ball_5,Route17_Cue_Ball_5_Mankey_1,ROUTE_17,ROUTE_17,Mankey,Fury Swipes,Badge_5,,29
Route17_Cue_Ball_5,Route17_Cue_Ball_5_Mankey_1,ROUTE_17,ROUTE_17,Mankey,Karate Chop,Badge_5,,29
Route17_Cue_Ball_5,Route17_Cue_Ball_5_Mankey_1,ROUTE_17,ROUTE_17,Mankey,Focus Energy,Badge_5,,29
Route17_Cue_Ball_5,Route17_Cue_Ball_5_Rhydon_2,ROUTE_17,ROUTE_17,Rhydon,Fury Attack,Badge_5,,29
Route17_Cue_Ball_5,Route17_Cue_Ball_5_Rhydon_2,ROUTE_17,ROUTE_17,Rhydon,Stomp,Badge_5,,29
Route17_Cue_Ball_5,Route17_Cue_Ball_5_Rhydon_2,ROUTE_17,ROUTE_17,Rhydon,Rock Throw,Badge_5,,29
Route17_Cue_Ball_5,Route17_Cue_Ball_5_Rhydon_2,ROUTE_17,ROUTE_17,Rhydon,Dig,Badge_5,,29
Route17_Cue_Ball_5,Route17_Cue_Ball_5_Clefable_3,ROUTE_17,ROUTE_17,Clefable,Growl,Badge_5,,29
Route17_Cue_Ball_5,Route17_Cue_Ball_5_Clefable_3,ROUTE_17,ROUTE_17,Clefable,Doubleslap,Badge_5,,29
Route17_Cue_Ball_5,Route17_Cue_Ball_5_Clefable_3,ROUTE_17,ROUTE_17,Clefable,Minimize,Badge_5,,29
Route17_Cue_Ball_5,Route17_Cue_Ball_5_Clefable_3,ROUTE_17,ROUTE_17,Clefable,Defense Curl,Badge_5,,29
Route17_Cue_Ball_5,Route17_Cue_Ball_5_Machoke_4,ROUTE_17,ROUTE_17,Machoke,Leer,Badge_5,,29
Route17_Cue_Ball_5,Route17_Cue_Ball_5_Machoke_4,ROUTE_17,ROUTE_17,Machoke,Focus Energy,Badge_5,,29
Route17_Cue_Ball_5,Route17_Cue_Ball_5_Machoke_4,ROUTE_17,ROUTE_17,Machoke,Seismic Toss,Badge_5,,29
Route17_Cue_Ball_5,Route17_Cue_Ball_5_Machoke_4,ROUTE_17,ROUTE_17,Machoke,Submission,Badge_5,,29
Route17_Biker_4,Route17_Biker_4_Weezing_1,ROUTE_17,ROUTE_17,Weezing,Tackle,Badge_5,,32
Route17_Biker_4,Route17_Biker_4_Weezing_1,ROUTE_17,ROUTE_17,Weezing,Smog,Badge_5,,32
Route17_Biker_4,Route17_Biker_4_Weezing_1,ROUTE_17,ROUTE_17,Weezing,Acid,Badge_5,,32
Route17_Biker_4,Route17_Biker_4_Weezing_1,ROUTE_17,ROUTE_17,Weezing,Smokescreen,Badge_5,,32
Route17_Biker_4,Route17_Biker_4_Muk_2,ROUTE_17,ROUTE_17,Muk,Acid,Badge_5,,32
Route17_Biker_4,Route17_Biker_4_Muk_2,ROUTE_17,ROUTE_17,Muk,Poison Gas,Badge_5,,32
Route17_Biker_4,Route17_Biker_4_Muk_2,ROUTE_17,ROUTE_17,Muk,Acid Armor,Badge_5,,32
Route17_Biker_4,Route17_Biker_4_Muk_2,ROUTE_17,ROUTE_17,Muk,Minimize,Badge_5,,32
Route17_Biker_5,Route17_Biker_5_Sandslash_1,ROUTE_17,ROUTE_17,Sandslash,Dig,Badge_5,,30
Route17_Biker_5,Route17_Biker_5_Sandslash_1,ROUTE_17,ROUTE_17,Sandslash,Swift,Badge_5,,30
Route17_Biker_5,Route17_Biker_5_Sandslash_1,ROUTE_17,ROUTE_17,Sandslash,Slash,Badge_5,,30
Route17_Biker_5,Route17_Biker_5_Sandslash_1,ROUTE_17,ROUTE_17,Sandslash,Earthquake,Badge_5,,30
Route17_Biker_5,Route17_Biker_5_Krabby_2,ROUTE_17,ROUTE_17,Krabby,Vicegrip,Badge_5,,30
Route17_Biker_5,Route17_Biker_5_Krabby_2,ROUTE_17,ROUTE_17,Krabby,Bubblebeam,Badge_5,,30
Route17_Biker_5,Route17_Biker_5_Krabby_2,ROUTE_17,ROUTE_17,Krabby,Cut,Badge_5,,30
Route17_Biker_5,Route17_Biker_5_Krabby_2,ROUTE_17,ROUTE_17,Krabby,Stomp,Badge_5,,30
Route17_Biker_5,Route17_Biker_5_Koffing_3,ROUTE_17,ROUTE_17,Koffing,Tackle,Badge_5,,30
Route17_Biker_5,Route17_Biker_5_Koffing_3,ROUTE_17,ROUTE_17,Koffing,Smog,Badge_5,,30
Route17_Biker_5,Route17_Biker_5_Koffing_3,ROUTE_17,ROUTE_17,Koffing,Acid,Badge_5,,30
Route17_Biker_5,Route17_Biker_5_Koffing_3,ROUTE_17,ROUTE_17,Koffing,Smokescreen,Badge_5,,30
Route17_Biker_5,Route17_Biker_5_Kingler_4,ROUTE_17,ROUTE_17,Kingler,Vicegrip,Badge_5,,30
Route17_Biker_5,Route17_Biker_5_Kingler_4,ROUTE_17,ROUTE_17,Kingler,Bubblebeam,Badge_5,,30
Route17_Biker_5,Route17_Biker_5_Kingler_4,ROUTE_17,ROUTE_17,Kingler,Cut,Badge_5,,30
Route17_Biker_5,Route17_Biker_5_Kingler_4,ROUTE_17,ROUTE_17,Kingler,Stomp,Badge_5,,30
Route18_Bird_Keeper_1,Route18_Bird_Keeper_1_Pidgeotto_1,ROUTE_18,ROUTE_18,Pidgeotto,Wing Attack,Badge_5,,34
Route18_Bird_Keeper_1,Route18_Bird_Keeper_1_Pidgeotto_1,ROUTE_18,ROUTE_18,Pidgeotto,Whirlwind,Badge_5,,34
Route18_Bird_Keeper_1,Route18_Bird_Keeper_1_Pidgeotto_1,ROUTE_18,ROUTE_18,Pidgeotto,Take Down,Badge_5,,34
Route18_Bird_Keeper_1,Route18_Bird_Keeper_1_Pidgeotto_1,ROUTE_18,ROUTE_18,Pidgeotto,Agility,Badge_5,,34
Route18_Bird_Keeper_1,Route18_Bird_Keeper_1_Fearow_2,ROUTE_18,ROUTE_18,Fearow,Mirror Move,Badge_5,,34
Route18_Bird_Keeper_1,Route18_Bird_Keeper_1_Fearow_2,ROUTE_18,ROUTE_18,Fearow,Drill Peck,Badge_5,,34
Route18_Bird_Keeper_1,Route18_Bird_Keeper_1_Fearow_2,ROUTE_18,ROUTE_18,Fearow,Whirlwind,Badge_5,,34
Route18_Bird_Keeper_1,Route18_Bird_Keeper_1_Fearow_2,ROUTE_18,ROUTE_18,Fearow,Sharpen,Badge_5,,34
Route18_Bird_Keeper_2,Route18_Bird_Keeper_2_Farfetchd_1,ROUTE_18,ROUTE_18,Farfetchd,Wing Attack,Badge_5,,32
Route18_Bird_Keeper_2,Route18_Bird_Keeper_2_Farfetchd_1,ROUTE_18,ROUTE_18,Farfetchd,Slash,Badge_5,,32
Route18_Bird_Keeper_2,Route18_Bird_Keeper_2_Farfetchd_1,ROUTE_18,ROUTE_18,Farfetchd,Swords Dance,Badge_5,,32
Route18_Bird_Keeper_2,Route18_Bird_Keeper_2_Farfetchd_1,ROUTE_18,ROUTE_18,Farfetchd,Drill Peck,Badge_5,,32
Route18_Bird_Keeper_2,Route18_Bird_Keeper_2_Haunter_2,ROUTE_18,ROUTE_18,Haunter,Lick,Badge_5,,32
Route18_Bird_Keeper_2,Route18_Bird_Keeper_2_Haunter_2,ROUTE_18,ROUTE_18,Haunter,Confuse Ray,Badge_5,,32
Route18_Bird_Keeper_2,Route18_Bird_Keeper_2_Haunter_2,ROUTE_18,ROUTE_18,Haunter,Smog,Badge_5,,32
Route18_Bird_Keeper_2,Route18_Bird_Keeper_2_Haunter_2,ROUTE_18,ROUTE_18,Haunter,Psywave,Badge_5,,32
Route18_Bird_Keeper_2,Route18_Bird_Keeper_2_Fearow_3,ROUTE_18,ROUTE_18,Fearow,Mirror Move,Badge_5,,32
Route18_Bird_Keeper_2,Route18_Bird_Keeper_2_Fearow_3,ROUTE_18,ROUTE_18,Fearow,Drill Peck,Badge_5,,32
Route18_Bird_Keeper_2,Route18_Bird_Keeper_2_Fearow_3,ROUTE_18,ROUTE_18,Fearow,Whirlwind,Badge_5,,32
Route18_Bird_Keeper_2,Route18_Bird_Keeper_2_Fearow_3,ROUTE_18,ROUTE_18,Fearow,Sharpen,Badge_5,,32
Route18_Bird_Keeper_3,Route18_Bird_Keeper_3_Rhydon_1,ROUTE_18,ROUTE_18,Rhydon,Fury Attack,Badge_5,,36
Route18_Bird_Keeper_3,Route18_Bird_Keeper_3_Rhydon_1,ROUTE_18,ROUTE_18,Rhydon,Stomp,Badge_5,,36
Route18_Bird_Keeper_3,Route18_Bird_Keeper_3_Rhydon_1,ROUTE_18,ROUTE_18,Rhydon,Rock Throw,Badge_5,,36
Route18_Bird_Keeper_3,Route18_Bird_Keeper_3_Rhydon_1,ROUTE_18,ROUTE_18,Rhydon,Dig,Badge_5,,36
SaffronCity_Blackbelt_1,SaffronCity_Blackbelt_1_Machop_1,SAFFRON_CITY,SAFFRON_CITY,Machop,Leer,Badge_6,,31
SaffronCity_Blackbelt_1,SaffronCity_Blackbelt_1_Machop_1,SAFFRON_CITY,SAFFRON_CITY,Machop,Focus Energy,Badge_6,,31
SaffronCity_Blackbelt_1,SaffronCity_Blackbelt_1_Machop_1,SAFFRON_CITY,SAFFRON_CITY,Machop,Seismic Toss,Badge_6,,31
SaffronCity_Blackbelt_1,SaffronCity_Blackbelt_1_Machop_1,SAFFRON_CITY,SAFFRON_CITY,Machop,Submission,Badge_6,,31
SaffronCity_Blackbelt_1,SaffronCity_Blackbelt_1_Mankey_2,SAFFRON_CITY,SAFFRON_CITY,Mankey,Low Kick,Badge_6,,31
SaffronCity_Blackbelt_1,SaffronCity_Blackbelt_1_Mankey_2,SAFFRON_CITY,SAFFRON_CITY,Mankey,Fury Swipes,Badge_6,,31
SaffronCity_Blackbelt_1,SaffronCity_Blackbelt_1_Mankey_2,SAFFRON_CITY,SAFFRON_CITY,Mankey,Karate Chop,Badge_6,,31
SaffronCity_Blackbelt_1,SaffronCity_Blackbelt_1_Mankey_2,SAFFRON_CITY,SAFFRON_CITY,Mankey,Focus Energy,Badge_6,,31
SaffronCity_Blackbelt_1,SaffronCity_Blackbelt_1_Rhydon_3,SAFFRON_CITY,SAFFRON_CITY,Rhydon,Fury Attack,Badge_6,,31
SaffronCity_Blackbelt_1,SaffronCity_Blackbelt_1_Rhydon_3,SAFFRON_CITY,SAFFRON_CITY,Rhydon,Stomp,Badge_6,,31
SaffronCity_Blackbelt_1,SaffronCity_Blackbelt_1_Rhydon_3,SAFFRON_CITY,SAFFRON_CITY,Rhydon,Rock Throw,Badge_6,,31
SaffronCity_Blackbelt_1,SaffronCity_Blackbelt_1_Rhydon_3,SAFFRON_CITY,SAFFRON_CITY,Rhydon,Dig,Badge_6,,31
SaffronCity_Blackbelt_2,SaffronCity_Blackbelt_2_Machop_1,SAFFRON_CITY,SAFFRON_CITY,Machop,Leer,Badge_6,,32
SaffronCity_Blackbelt_2,SaffronCity_Blackbelt_2_Machop_1,SAFFRON_CITY,SAFFRON_CITY,Machop,Focus Energy,Badge_6,,32
SaffronCity_Blackbelt_2,SaffronCity_Blackbelt_2_Machop_1,SAFFRON_CITY,SAFFRON_CITY,Machop,Seismic Toss,Badge_6,,32
SaffronCity_Blackbelt_2,SaffronCity_Blackbelt_2_Machop_1,SAFFRON_CITY,SAFFRON_CITY,Machop,Submission,Badge_6,,32
SaffronCity_Blackbelt_2,SaffronCity_Blackbelt_2_Machoke_2,SAFFRON_CITY,SAFFRON_CITY,Machoke,Leer,Badge_6,,32
SaffronCity_Blackbelt_2,SaffronCity_Blackbelt_2_Machoke_2,SAFFRON_CITY,SAFFRON_CITY,Machoke,Focus Energy,Badge_6,,32
SaffronCity_Blackbelt_2,SaffronCity_Blackbelt_2_Machoke_2,SAFFRON_CITY,SAFFRON_CITY,Machoke,Seismic Toss,Badge_6,,32
SaffronCity_Blackbelt_2,SaffronCity_Blackbelt_2_Machoke_2,SAFFRON_CITY,SAFFRON_CITY,Machoke,Submission,Badge_6,,32
SaffronCity_Blackbelt_3,SaffronCity_Blackbelt_3_Rhydon_1,SAFFRON_CITY,SAFFRON_CITY,Rhydon,Fury Attack,Badge_6,,36
SaffronCity_Blackbelt_3,SaffronCity_Blackbelt_3_Rhydon_1,SAFFRON_CITY,SAFFRON_CITY,Rhydon,Stomp,Badge_6,,36
SaffronCity_Blackbelt_3,SaffronCity_Blackbelt_3_Rhydon_1,SAFFRON_CITY,SAFFRON_CITY,Rhydon,Rock Throw,Badge_6,,36
SaffronCity_Blackbelt_3,SaffronCity_Blackbelt_3_Rhydon_1,SAFFRON_CITY,SAFFRON_CITY,Rhydon,Dig,Badge_6,,36
SaffronCity_Blackbelt_4,SaffronCity_Blackbelt_4_Mankey_1,SAFFRON_CITY,SAFFRON_CITY,Mankey,Low Kick,Badge_6,,31
SaffronCity_Blackbelt_4,SaffronCity_Blackbelt_4_Mankey_1,SAFFRON_CITY,SAFFRON_CITY,Mankey,Fury Swipes,Badge_6,,31
SaffronCity_Blackbelt_4,SaffronCity_Blackbelt_4_Mankey_1,SAFFRON_CITY,SAFFRON_CITY,Mankey,Karate Chop,Badge_6,,31
SaffronCity_Blackbelt_4,SaffronCity_Blackbelt_4_Mankey_1,SAFFRON_CITY,SAFFRON_CITY,Mankey,Focus Energy,Badge_6,,31
SaffronCity_Blackbelt_4,SaffronCity_Blackbelt_4_Mankey_2,SAFFRON_CITY,SAFFRON_CITY,Mankey,Low Kick,Badge_6,,31
SaffronCity_Blackbelt_4,SaffronCity_Blackbelt_4_Mankey_2,SAFFRON_CITY,SAFFRON_CITY,Mankey,Fury Swipes,Badge_6,,31
SaffronCity_Blackbelt_4,SaffronCity_Blackbelt_4_Mankey_2,SAFFRON_CITY,SAFFRON_CITY,Mankey,Karate Chop,Badge_6,,31
SaffronCity_Blackbelt_4,SaffronCity_Blackbelt_4_Mankey_2,SAFFRON_CITY,SAFFRON_CITY,Mankey,Focus Energy,Badge_6,,31
SaffronCity_Blackbelt_4,SaffronCity_Blackbelt_4_Rhydon_3,SAFFRON_CITY,SAFFRON_CITY,Rhydon,Fury Attack,Badge_6,,31
SaffronCity_Blackbelt_4,SaffronCity_Blackbelt_4_Rhydon_3,SAFFRON_CITY,SAFFRON_CITY,Rhydon,Stomp,Badge_6,,31
SaffronCity_Blackbelt_4,SaffronCity_Blackbelt_4_Rhydon_3,SAFFRON_CITY,SAFFRON_CITY,Rhydon,Rock Throw,Badge_6,,31
SaffronCity_Blackbelt_4,SaffronCity_Blackbelt_4_Rhydon_3,SAFFRON_CITY,SAFFRON_CITY,Rhydon,Dig,Badge_6,,31
SaffronCity_Dojo_Master,SaffronCity_Dojo_Master_Hitmonlee_1,SAFFRON_CITY,SAFFRON_CITY,Hitmonlee,Double Kick,Badge_6,,37
SaffronCity_Dojo_Master,SaffronCity_Dojo_Master_Hitmonlee_1,SAFFRON_CITY,SAFFRON_CITY,Hitmonlee,Meditate,Badge_6,,37
SaffronCity_Dojo_Master,SaffronCity_Dojo_Master_Hitmonlee_1,SAFFRON_CITY,SAFFRON_CITY,Hitmonlee,Focus Energy,Badge_6,,37
SaffronCity_Dojo_Master,SaffronCity_Dojo_Master_Hitmonlee_1,SAFFRON_CITY,SAFFRON_CITY,Hitmonlee,Rolling Kick,Badge_6,,37
SaffronCity_Dojo_Master,SaffronCity_Dojo_Master_Hitmonchan_2,SAFFRON_CITY,SAFFRON_CITY,Hitmonchan,Karate Chop,Badge_6,,37
SaffronCity_Dojo_Master,SaffronCity_Dojo_Master_Hitmonchan_2,SAFFRON_CITY,SAFFRON_CITY,Hitmonchan,Fire Punch,Badge_6,,37
SaffronCity_Dojo_Master,SaffronCity_Dojo_Master_Hitmonchan_2,SAFFRON_CITY,SAFFRON_CITY,Hitmonchan,Ice Punch,Badge_6,,37
SaffronCity_Dojo_Master,SaffronCity_Dojo_Master_Hitmonchan_2,SAFFRON_CITY,SAFFRON_CITY,Hitmonchan,Thunderpunch,Badge_6,,37
SilphCo2F_Rocket_1,SilphCo2F_Rocket_1_Golbat_1,SILPH_CO_2F,SAFFRON_CITY,Golbat,Bite,Badge_6,,35
SilphCo2F_Rocket_1,SilphCo2F_Rocket_1_Golbat_1,SILPH_CO_2F,SAFFRON_CITY,Golbat,Confuse Ray,Badge_6,,35
SilphCo2F_Rocket_1,SilphCo2F_Rocket_1_Golbat_1,SILPH_CO_2F,SAFFRON_CITY,Golbat,Wing Attack,Badge_6,,35
SilphCo2F_Rocket_1,SilphCo2F_Rocket_1_Golbat_1,SILPH_CO_2F,SAFFRON_CITY,Golbat,Acid,Badge_6,,35
SilphCo2F_Rocket_1,SilphCo2F_Rocket_1_Raticate_2,SILPH_CO_2F,SAFFRON_CITY,Raticate,Hyper Fang,Badge_6,,35
SilphCo2F_Rocket_1,SilphCo2F_Rocket_1_Raticate_2,SILPH_CO_2F,SAFFRON_CITY,Raticate,Focus Energy,Badge_6,,35
SilphCo2F_Rocket_1,SilphCo2F_Rocket_1_Raticate_2,SILPH_CO_2F,SAFFRON_CITY,Raticate,Dig,Badge_6,,35
SilphCo2F_Rocket_1,SilphCo2F_Rocket_1_Raticate_2,SILPH_CO_2F,SAFFRON_CITY,Raticate,Super Fang,Badge_6,,35
SilphCo2F_Rocket_1,SilphCo2F_Rocket_1_Golbat_2,SILPH_CO_2F,SAFFRON_CITY,Golbat,Bite,Badge_6,,35
SilphCo2F_Rocket_1,SilphCo2F_Rocket_1_Golbat_2,SILPH_CO_2F,SAFFRON_CITY,Golbat,Confuse Ray,Badge_6,,35
SilphCo2F_Rocket_1,SilphCo2F_Rocket_1_Golbat_2,SILPH_CO_2F,SAFFRON_CITY,Golbat,Wing Attack,Badge_6,,35
SilphCo2F_Rocket_1,SilphCo2F_Rocket_1_Golbat_2,SILPH_CO_2F,SAFFRON_CITY,Golbat,Acid,Badge_6,,35
SilphCo2F_Rocket_1,SilphCo2F_Rocket_1_Pinsir_4,SILPH_CO_2F,SAFFRON_CITY,Pinsir,Harden,Badge_6,,35
SilphCo2F_Rocket_1,SilphCo2F_Rocket_1_Pinsir_4,SILPH_CO_2F,SAFFRON_CITY,Pinsir,Focus Energy,Badge_6,,35
SilphCo2F_Rocket_1,SilphCo2F_Rocket_1_Pinsir_4,SILPH_CO_2F,SAFFRON_CITY,Pinsir,Seismic Toss,Badge_6,,35
SilphCo2F_Rocket_1,SilphCo2F_Rocket_1_Pinsir_4,SILPH_CO_2F,SAFFRON_CITY,Pinsir,Twineedle,Badge_6,,35
SilphCo2F_Scientist_1,SilphCo2F_Scientist_1_Exeggutor_1,SILPH_CO_2F,SAFFRON_CITY,Exeggutor,Mega Drain,Badge_6,,38
SilphCo2F_Scientist_1,SilphCo2F_Scientist_1_Exeggutor_1,SILPH_CO_2F,SAFFRON_CITY,Exeggutor,Reflect,Badge_6,,38
SilphCo2F_Scientist_1,SilphCo2F_Scientist_1_Exeggutor_1,SILPH_CO_2F,SAFFRON_CITY,Exeggutor,Stomp,Badge_6,,38
SilphCo2F_Scientist_1,SilphCo2F_Scientist_1_Exeggutor_1,SILPH_CO_2F,SAFFRON_CITY,Exeggutor,Stun Spore,Badge_6,,38
SilphCo2F_Scientist_1,SilphCo2F_Scientist_1_Electrode_2,SILPH_CO_2F,SAFFRON_CITY,Electrode,Selfdestruct,Badge_6,,38
SilphCo2F_Scientist_1,SilphCo2F_Scientist_1_Electrode_2,SILPH_CO_2F,SAFFRON_CITY,Electrode,Swift,Badge_6,,38
SilphCo2F_Scientist_1,SilphCo2F_Scientist_1_Electrode_2,SILPH_CO_2F,SAFFRON_CITY,Electrode,Light Screen,Badge_6,,38
SilphCo2F_Scientist_1,SilphCo2F_Scientist_1_Electrode_2,SILPH_CO_2F,SAFFRON_CITY,Electrode,Thunderbolt,Badge_6,,38
SilphCo2F_Scientist_1,SilphCo2F_Scientist_1_Exeggutor_2,SILPH_CO_2F,SAFFRON_CITY,Exeggutor,Mega Drain,Badge_6,,38
SilphCo2F_Scientist_1,SilphCo2F_Scientist_1_Exeggutor_2,SILPH_CO_2F,SAFFRON_CITY,Exeggutor,Reflect,Badge_6,,38
SilphCo2F_Scientist_1,SilphCo2F_Scientist_1_Exeggutor_2,SILPH_CO_2F,SAFFRON_CITY,Exeggutor,Stomp,Badge_6,,38
SilphCo2F_Scientist_1,SilphCo2F_Scientist_1_Exeggutor_2,SILPH_CO_2F,SAFFRON_CITY,Exeggutor,Stun Spore,Badge_6,,38
SilphCo2F_Rocket_2,SilphCo2F_Rocket_2_Marowak_1,SILPH_CO_2F,SAFFRON_CITY,Marowak,Headbutt,Badge_6,,39
SilphCo2F_Rocket_2,SilphCo2F_Rocket_2_Marowak_1,SILPH_CO_2F,SAFFRON_CITY,Marowak,Focus Energy,Badge_6,,39
SilphCo2F_Rocket_2,SilphCo2F_Rocket_2_Marowak_1,SILPH_CO_2F,SAFFRON_CITY,Marowak,Bonemerang,Badge_6,,39
SilphCo2F_Rocket_2,SilphCo2F_Rocket_2_Marowak_1,SILPH_CO_2F,SAFFRON_CITY,Marowak,Thrash,Badge_6,,39
SilphCo2F_Rocket_2,SilphCo2F_Rocket_2_Golbat_2,SILPH_CO_2F,SAFFRON_CITY,Golbat,Confuse Ray,Badge_6,,39
SilphCo2F_Rocket_2,SilphCo2F_Rocket_2_Golbat_2,SILPH_CO_2F,SAFFRON_CITY,Golbat,Wing Attack,Badge_6,,39
SilphCo2F_Rocket_2,SilphCo2F_Rocket_2_Golbat_2,SILPH_CO_2F,SAFFRON_CITY,Golbat,Acid,Badge_6,,39
SilphCo2F_Rocket_2,SilphCo2F_Rocket_2_Golbat_2,SILPH_CO_2F,SAFFRON_CITY,Golbat,Sludge,Badge_6,,39
SilphCo2F_Scientist_10,SilphCo2F_Scientist_10_Muk_1,SILPH_CO_2F,SAFFRON_CITY,Muk,Acid Armor,Badge_6,,37
SilphCo2F_Scientist_10,SilphCo2F_Scientist_10_Muk_1,SILPH_CO_2F,SAFFRON_CITY,Muk,Minimize,Badge_6,,37
SilphCo2F_Scientist_10,SilphCo2F_Scientist_10_Muk_1,SILPH_CO_2F,SAFFRON_CITY,Muk,Sludge,Badge_6,,37
SilphCo2F_Scientist_10,SilphCo2F_Scientist_10_Muk_1,SILPH_CO_2F,SAFFRON_CITY,Muk,Body Slam,Badge_6,,37
SilphCo2F_Scientist_10,SilphCo2F_Scientist_10_Weezing_2,SILPH_CO_2F,SAFFRON_CITY,Weezing,Smog,Badge_6,,37
SilphCo2F_Scientist_10,SilphCo2F_Scientist_10_Weezing_2,SILPH_CO_2F,SAFFRON_CITY,Weezing,Acid,Badge_6,,37
SilphCo2F_Scientist_10,SilphCo2F_Scientist_10_Weezing_2,SILPH_CO_2F,SAFFRON_CITY,Weezing,Smokescreen,Badge_6,,37
SilphCo2F_Scientist_10,SilphCo2F_Scientist_10_Weezing_2,SILPH_CO_2F,SAFFRON_CITY,Weezing,Sludge,Badge_6,,37
SilphCo2F_Scientist_10,SilphCo2F_Scientist_10_Gyarados_3,SILPH_CO_2F,SAFFRON_CITY,Gyarados,Waterfall,Badge_6,,37
SilphCo2F_Scientist_10,SilphCo2F_Scientist_10_Gyarados_3,SILPH_CO_2F,SAFFRON_CITY,Gyarados,Dragon Rage,Badge_6,,37
SilphCo2F_Scientist_10,SilphCo2F_Scientist_10_Gyarados_3,SILPH_CO_2F,SAFFRON_CITY,Gyarados,Leer,Badge_6,,37
SilphCo2F_Scientist_10,SilphCo2F_Scientist_10_Gyarados_3,SILPH_CO_2F,SAFFRON_CITY,Gyarados,Thrash,Badge_6,,37
SilphCo3F_Rocket_3,SilphCo3F_Rocket_3_Raticate_1,SILPH_CO_3F,SAFFRON_CITY,Raticate,Hyper Fang,Badge_6,,38
SilphCo3F_Rocket_3,SilphCo3F_Rocket_3_Raticate_1,SILPH_CO_3F,SAFFRON_CITY,Raticate,Focus Energy,Badge_6,,38
SilphCo3F_Rocket_3,SilphCo3F_Rocket_3_Raticate_1,SILPH_CO_3F,SAFFRON_CITY,Raticate,Dig,Badge_6,,38
SilphCo3F_Rocket_3,SilphCo3F_Rocket_3_Raticate_1,SILPH_CO_3F,SAFFRON_CITY,Raticate,Super Fang,Badge_6,,38
SilphCo3F_Rocket_3,SilphCo3F_Rocket_3_Drowzee_2,SILPH_CO_3F,SAFFRON_CITY,Drowzee,Headbutt,Badge_6,,38
SilphCo3F_Rocket_3,SilphCo3F_Rocket_3_Drowzee_2,SILPH_CO_3F,SAFFRON_CITY,Drowzee,Poison Gas,Badge_6,,38
SilphCo3F_Rocket_3,SilphCo3F_Rocket_3_Drowzee_2,SILPH_CO_3F,SAFFRON_CITY,Drowzee,Psychic,Badge_6,,38
SilphCo3F_Rocket_3,SilphCo3F_Rocket_3_Drowzee_2,SILPH_CO_3F,SAFFRON_CITY,Drowzee,Meditate,Badge_6,,38
SilphCo3F_Rocket_3,SilphCo3F_Rocket_3_Muk_3,SILPH_CO_3F,SAFFRON_CITY,Muk,Acid Armor,Badge_6,,38
SilphCo3F_Rocket_3,SilphCo3F_Rocket_3_Muk_3,SILPH_CO_3F,SAFFRON_CITY,Muk,Minimize,Badge_6,,38
SilphCo3F_Rocket_3,SilphCo3F_Rocket_3_Muk_3,SILPH_CO_3F,SAFFRON_CITY,Muk,Sludge,Badge_6,,38
SilphCo3F_Rocket_3,SilphCo3F_Rocket_3_Muk_3,SILPH_CO_3F,SAFFRON_CITY,Muk,Body Slam,Badge_6,,38
SilphCo3F_Scientist_11,SilphCo3F_Scientist_11_Electrode_1,SILPH_CO_3F,SAFFRON_CITY,Electrode,Selfdestruct,Badge_6,,39
SilphCo3F_Scientist_11,SilphCo3F_Scientist_11_Electrode_1,SILPH_CO_3F,SAFFRON_CITY,Electrode,Swift,Badge_6,,39
SilphCo3F_Scientist_11,SilphCo3F_Scientist_11_Electrode_1,SILPH_CO_3F,SAFFRON_CITY,Electrode,Light Screen,Badge_6,,39
SilphCo3F_Scientist_11,SilphCo3F_Scientist_11_Electrode_1,SILPH_CO_3F,SAFFRON_CITY,Electrode,Thunderbolt,Badge_6,,39
SilphCo3F_Scientist_11,SilphCo3F_Scientist_11_Weezing_2,SILPH_CO_3F,SAFFRON_CITY,Weezing,Acid,Badge_6,,39
SilphCo3F_Scientist_11,SilphCo3F_Scientist_11_Weezing_2,SILPH_CO_3F,SAFFRON_CITY,Weezing,Smokescreen,Badge_6,,39
SilphCo3F_Scientist_11,SilphCo3F_Scientist_11_Weezing_2,SILPH_CO_3F,SAFFRON_CITY,Weezing,Sludge,Badge_6,,39
SilphCo3F_Scientist_11,SilphCo3F_Scientist_11_Weezing_2,SILPH_CO_3F,SAFFRON_CITY,Weezing,Amnesia,Badge_6,,39
SilphCo3F_Rocket_4,SilphCo3F_Rocket_4_Arbok_1,SILPH_CO_3F,SAFFRON_CITY,Arbok,Glare,Badge_6,,38
SilphCo3F_Rocket_4,SilphCo3F_Rocket_4_Arbok_1,SILPH_CO_3F,SAFFRON_CITY,Arbok,Screech,Badge_6,,38
SilphCo3F_Rocket_4,SilphCo3F_Rocket_4_Arbok_1,SILPH_CO_3F,SAFFRON_CITY,Arbok,Sludge,Badge_6,,38
SilphCo3F_Rocket_4,SilphCo3F_Rocket_4_Arbok_1,SILPH_CO_3F,SAFFRON_CITY,Arbok,Wrap,Badge_6,,38
SilphCo3F_Rocket_4,SilphCo3F_Rocket_4_Vileplume_2,SILPH_CO_3F,SAFFRON_CITY,Vileplume,Acid,Badge_6,,38
SilphCo3F_Rocket_4,SilphCo3F_Rocket_4_Vileplume_2,SILPH_CO_3F,SAFFRON_CITY,Vileplume,Mega Drain,Badge_6,,38
SilphCo3F_Rocket_4,SilphCo3F_Rocket_4_Vileplume_2,SILPH_CO_3F,SAFFRON_CITY,Vileplume,Sleep Powder,Badge_6,,38
SilphCo3F_Rocket_4,SilphCo3F_Rocket_4_Vileplume_2,SILPH_CO_3F,SAFFRON_CITY,Vileplume,Petal Dance,Badge_6,,38
SilphCo3F_Rocket_4,SilphCo3F_Rocket_4_Marowak_3,SILPH_CO_3F,SAFFRON_CITY,Marowak,Headbutt,Badge_6,,38
SilphCo3F_Rocket_4,SilphCo3F_Rocket_4_Marowak_3,SILPH_CO_3F,SAFFRON_CITY,Marowak,Focus Energy,Badge_6,,38
SilphCo3F_Rocket_4,SilphCo3F_Rocket_4_Marowak_3,SILPH_CO_3F,SAFFRON_CITY,Marowak,Bonemerang,Badge_6,,38
SilphCo3F_Rocket_4,SilphCo3F_Rocket_4_Marowak_3,SILPH_CO_3F,SAFFRON_CITY,Marowak,Thrash,Badge_6,,38
SilphCo3F_Rocket_5,SilphCo3F_Rocket_5_Machoke_1,SILPH_CO_3F,SAFFRON_CITY,Machoke,Seismic Toss,Badge_6,,39
SilphCo3F_Rocket_5,SilphCo3F_Rocket_5_Machoke_1,SILPH_CO_3F,SAFFRON_CITY,Machoke,Submission,Badge_6,,39
SilphCo3F_Rocket_5,SilphCo3F_Rocket_5_Machoke_1,SILPH_CO_3F,SAFFRON_CITY,Machoke,Body Slam,Badge_6,,39
SilphCo3F_Rocket_5,SilphCo3F_Rocket_5_Machoke_1,SILPH_CO_3F,SAFFRON_CITY,Machoke,Counter,Badge_6,,39
SilphCo3F_Rocket_5,SilphCo3F_Rocket_5_Hypno_2,SILPH_CO_3F,SAFFRON_CITY,Hypno,Headbutt,Badge_6,,39
SilphCo3F_Rocket_5,SilphCo3F_Rocket_5_Hypno_2,SILPH_CO_3F,SAFFRON_CITY,Hypno,Poison Gas,Badge_6,,39
SilphCo3F_Rocket_5,SilphCo3F_Rocket_5_Hypno_2,SILPH_CO_3F,SAFFRON_CITY,Hypno,Psychic,Badge_6,,39
SilphCo3F_Rocket_5,SilphCo3F_Rocket_5_Hypno_2,SILPH_CO_3F,SAFFRON_CITY,Hypno,Meditate,Badge_6,,39
SilphCo4F_Scientist_9,SilphCo4F_Scientist_9_Parasect_1,SILPH_CO_4F,SAFFRON_CITY,Parasect,Spore,Badge_6,,41
SilphCo4F_Scientist_9,SilphCo4F_Scientist_9_Parasect_1,SILPH_CO_4F,SAFFRON_CITY,Parasect,Mega Drain,Badge_6,,41
SilphCo4F_Scientist_9,SilphCo4F_Scientist_9_Parasect_1,SILPH_CO_4F,SAFFRON_CITY,Parasect,Slash,Badge_6,,41
SilphCo4F_Scientist_9,SilphCo4F_Scientist_9_Parasect_1,SILPH_CO_4F,SAFFRON_CITY,Parasect,Growth,Badge_6,,41
SilphCo4F_Rocket_6,SilphCo4F_Rocket_6_Drowzee_1,SILPH_CO_4F,SAFFRON_CITY,Drowzee,Poison Gas,Badge_6,,41
SilphCo4F_Rocket_6,SilphCo4F_Rocket_6_Drowzee_1,SILPH_CO_4F,SAFFRON_CITY,Drowzee,Psychic,Badge_6,,41
SilphCo4F_Rocket_6,SilphCo4F_Rocket_6_Drowzee_1,SILPH_CO_4F,SAFFRON_CITY,Drowzee,Meditate,Badge_6,,41
SilphCo4F_Rocket_6,SilphCo4F_Rocket_6_Drowzee_1,SILPH_CO_4F,SAFFRON_CITY,Drowzee,Hypnosis,Badge_6,,41
SilphCo4F_Juggler_1,SilphCo4F_Juggler_1_Kadabra_1,SILPH_CO_4F,SAFFRON_CITY,Kadabra,Confusion,Badge_6,,37
SilphCo4F_Juggler_1,SilphCo4F_Juggler_1_Kadabra_1,SILPH_CO_4F,SAFFRON_CITY,Kadabra,Disable,Badge_6,,37
SilphCo4F_Juggler_1,SilphCo4F_Juggler_1_Kadabra_1,SILPH_CO_4F,SAFFRON_CITY,Kadabra,Psybeam,Badge_6,,37
SilphCo4F_Juggler_1,SilphCo4F_Juggler_1_Kadabra_1,SILPH_CO_4F,SAFFRON_CITY,Kadabra,Recover,Badge_6,,37
SilphCo4F_Juggler_1,SilphCo4F_Juggler_1_Gastly_2,SILPH_CO_4F,SAFFRON_CITY,Gastly,Smog,Badge_6,,37
SilphCo4F_Juggler_1,SilphCo4F_Juggler_1_Gastly_2,SILPH_CO_4F,SAFFRON_CITY,Gastly,Psywave,Badge_6,,37
SilphCo4F_Juggler_1,SilphCo4F_Juggler_1_Gastly_2,SILPH_CO_4F,SAFFRON_CITY,Gastly,Poison Gas,Badge_6,,37
SilphCo4F_Juggler_1,SilphCo4F_Juggler_1_Gastly_2,SILPH_CO_4F,SAFFRON_CITY,Gastly,Night Shade,Badge_6,,37
SilphCo4F_Scientist_3,SilphCo4F_Scientist_3_Exeggutor_1,SILPH_CO_4F,SAFFRON_CITY,Exeggutor,Mega Drain,Badge_6,,36
SilphCo4F_Scientist_3,SilphCo4F_Scientist_3_Exeggutor_1,SILPH_CO_4F,SAFFRON_CITY,Exeggutor,Reflect,Badge_6,,36
SilphCo4F_Scientist_3,SilphCo4F_Scientist_3_Exeggutor_1,SILPH_CO_4F,SAFFRON_CITY,Exeggutor,Stomp,Badge_6,,36
SilphCo4F_Scientist_3,SilphCo4F_Scientist_3_Exeggutor_1,SILPH_CO_4F,SAFFRON_CITY,Exeggutor,Stun Spore,Badge_6,,36
SilphCo4F_Scientist_3,SilphCo4F_Scientist_3_Gyarados_2,SILPH_CO_4F,SAFFRON_CITY,Gyarados,Waterfall,Badge_6,,36
SilphCo4F_Scientist_3,SilphCo4F_Scientist_3_Gyarados_2,SILPH_CO_4F,SAFFRON_CITY,Gyarados,Dragon Rage,Badge_6,,36
SilphCo4F_Scientist_3,SilphCo4F_Scientist_3_Gyarados_2,SILPH_CO_4F,SAFFRON_CITY,Gyarados,Leer,Badge_6,,36
SilphCo4F_Scientist_3,SilphCo4F_Scientist_3_Gyarados_2,SILPH_CO_4F,SAFFRON_CITY,Gyarados,Thrash,Badge_6,,36
SilphCo4F_Scientist_3,SilphCo4F_Scientist_3_Weezing_3,SILPH_CO_4F,SAFFRON_CITY,Weezing,Smog,Badge_6,,36
SilphCo4F_Scientist_3,SilphCo4F_Scientist_3_Weezing_3,SILPH_CO_4F,SAFFRON_CITY,Weezing,Acid,Badge_6,,36
SilphCo4F_Scientist_3,SilphCo4F_Scientist_3_Weezing_3,SILPH_CO_4F,SAFFRON_CITY,Weezing,Smokescreen,Badge_6,,36
SilphCo4F_Scientist_3,SilphCo4F_Scientist_3_Weezing_3,SILPH_CO_4F,SAFFRON_CITY,Weezing,Sludge,Badge_6,,36
SilphCo4F_Scientist_3,SilphCo4F_Scientist_3_Shellder_4,SILPH_CO_4F,SAFFRON_CITY,Shellder,Leer,Badge_6,,36
SilphCo4F_Scientist_3,SilphCo4F_Scientist_3_Shellder_4,SILPH_CO_4F,SAFFRON_CITY,Shellder,Aurora Beam,Badge_6,,36
SilphCo4F_Scientist_3,SilphCo4F_Scientist_3_Shellder_4,SILPH_CO_4F,SAFFRON_CITY,Shellder,Bubblebeam,Badge_6,,36
SilphCo4F_Scientist_3,SilphCo4F_Scientist_3_Shellder_4,SILPH_CO_4F,SAFFRON_CITY,Shellder,Ice Beam,Badge_6,,36
SilphCo5F_Rocket_7,SilphCo5F_Rocket_7_Tauros_1,SILPH_CO_5F,SAFFRON_CITY,Tauros,Tail Whip,Badge_6,,40
SilphCo5F_Rocket_7,SilphCo5F_Rocket_7_Tauros_1,SILPH_CO_5F,SAFFRON_CITY,Tauros,Headbutt,Badge_6,,40
SilphCo5F_Rocket_7,SilphCo5F_Rocket_7_Tauros_1,SILPH_CO_5F,SAFFRON_CITY,Tauros,Rage,Badge_6,,40
SilphCo5F_Rocket_7,SilphCo5F_Rocket_7_Tauros_1,SILPH_CO_5F,SAFFRON_CITY,Tauros,Take Down,Badge_6,,40
SilphCo5F_Rocket_8,SilphCo5F_Rocket_8_Muk_1,SILPH_CO_5F,SAFFRON_CITY,Muk,Acid Armor,Badge_6,,39
SilphCo5F_Rocket_8,SilphCo5F_Rocket_8_Muk_1,SILPH_CO_5F,SAFFRON_CITY,Muk,Minimize,Badge_6,,39
SilphCo5F_Rocket_8,SilphCo5F_Rocket_8_Muk_1,SILPH_CO_5F,SAFFRON_CITY,Muk,Sludge,Badge_6,,39
SilphCo5F_Rocket_8,SilphCo5F_Rocket_8_Muk_1,SILPH_CO_5F,SAFFRON_CITY,Muk,Body Slam,Badge_6,,39
SilphCo5F_Rocket_8,SilphCo5F_Rocket_8_Rhydon_2,SILPH_CO_5F,SAFFRON_CITY,Rhydon,Stomp,Badge_6,,39
SilphCo5F_Rocket_8,SilphCo5F_Rocket_8_Rhydon_2,SILPH_CO_5F,SAFFRON_CITY,Rhydon,Rock Throw,Badge_6,,39
SilphCo5F_Rocket_8,SilphCo5F_Rocket_8_Rhydon_2,SILPH_CO_5F,SAFFRON_CITY,Rhydon,Dig,Badge_6,,39
SilphCo5F_Rocket_8,SilphCo5F_Rocket_8_Rhydon_2,SILPH_CO_5F,SAFFRON_CITY,Rhydon,Rock Slide,Badge_6,,39
SilphCo5F_Rocket_9,SilphCo5F_Rocket_9_Golbat_1,SILPH_CO_5F,SAFFRON_CITY,Golbat,Confuse Ray,Badge_6,,38
SilphCo5F_Rocket_9,SilphCo5F_Rocket_9_Golbat_1,SILPH_CO_5F,SAFFRON_CITY,Golbat,Wing Attack,Badge_6,,38
SilphCo5F_Rocket_9,SilphCo5F_Rocket_9_Golbat_1,SILPH_CO_5F,SAFFRON_CITY,Golbat,Acid,Badge_6,,38
SilphCo5F_Rocket_9,SilphCo5F_Rocket_9_Golbat_1,SILPH_CO_5F,SAFFRON_CITY,Golbat,Sludge,Badge_6,,38
SilphCo5F_Rocket_9,SilphCo5F_Rocket_9_Gloom_2,SILPH_CO_5F,SAFFRON_CITY,Gloom,Acid,Badge_6,,38
SilphCo5F_Rocket_9,SilphCo5F_Rocket_9_Gloom_2,SILPH_CO_5F,SAFFRON_CITY,Gloom,Mega Drain,Badge_6,,38
SilphCo5F_Rocket_9,SilphCo5F_Rocket_9_Gloom_2,SILPH_CO_5F,SAFFRON_CITY,Gloom,Sleep Powder,Badge_6,,38
SilphCo5F_Rocket_9,SilphCo5F_Rocket_9_Gloom_2,SILPH_CO_5F,SAFFRON_CITY,Gloom,Petal Dance,Badge_6,,38
SilphCo5F_Rocket_9,SilphCo5F_Rocket_9_Raticate_3,SILPH_CO_5F,SAFFRON_CITY,Raticate,Hyper Fang,Badge_6,,38
SilphCo5F_Rocket_9,SilphCo5F_Rocket_9_Raticate_3,SILPH_CO_5F,SAFFRON_CITY,Raticate,Focus Energy,Badge_6,,38
SilphCo5F_Rocket_9,SilphCo5F_Rocket_9_Raticate_3,SILPH_CO_5F,SAFFRON_CITY,Raticate,Dig,Badge_6,,38
SilphCo5F_Rocket_9,SilphCo5F_Rocket_9_Raticate_3,SILPH_CO_5F,SAFFRON_CITY,Raticate,Super Fang,Badge_6,,38
SilphCo5F_Scientist_4,SilphCo5F_Scientist_4_Ekans_1,SILPH_CO_5F,SAFFRON_CITY,Ekans,Substitute,Badge_6,,35
SilphCo5F_Scientist_4,SilphCo5F_Scientist_4_Ekans_1,SILPH_CO_5F,SAFFRON_CITY,Ekans,Glare,Badge_6,,35
SilphCo5F_Scientist_4,SilphCo5F_Scientist_4_Ekans_1,SILPH_CO_5F,SAFFRON_CITY,Ekans,Screech,Badge_6,,35
SilphCo5F_Scientist_4,SilphCo5F_Scientist_4_Ekans_1,SILPH_CO_5F,SAFFRON_CITY,Ekans,Sludge,Badge_6,,35
SilphCo5F_Scientist_4,SilphCo5F_Scientist_4_Staryu_2,SILPH_CO_5F,SAFFRON_CITY,Staryu,Swift,Badge_6,,35
SilphCo5F_Scientist_4,SilphCo5F_Scientist_4_Staryu_2,SILPH_CO_5F,SAFFRON_CITY,Staryu,Harden,Badge_6,,35
SilphCo5F_Scientist_4,SilphCo5F_Scientist_4_Staryu_2,SILPH_CO_5F,SAFFRON_CITY,Staryu,Bubblebeam,Badge_6,,35
SilphCo5F_Scientist_4,SilphCo5F_Scientist_4_Staryu_2,SILPH_CO_5F,SAFFRON_CITY,Staryu,Recover,Badge_6,,35
SilphCo5F_Scientist_4,SilphCo5F_Scientist_4_Electrode_3,SILPH_CO_5F,SAFFRON_CITY,Electrode,Selfdestruct,Badge_6,,35
SilphCo5F_Scientist_4,SilphCo5F_Scientist_4_Electrode_3,SILPH_CO_5F,SAFFRON_CITY,Electrode,Swift,Badge_6,,35
SilphCo5F_Scientist_4,SilphCo5F_Scientist_4_Electrode_3,SILPH_CO_5F,SAFFRON_CITY,Electrode,Light Screen,Badge_6,,35
SilphCo5F_Scientist_4,SilphCo5F_Scientist_4_Electrode_3,SILPH_CO_5F,SAFFRON_CITY,Electrode,Thunderbolt,Badge_6,,35
SilphCo5F_Scientist_4,SilphCo5F_Scientist_4_Exeggutor_4,SILPH_CO_5F,SAFFRON_CITY,Exeggutor,Mega Drain,Badge_6,,35
SilphCo5F_Scientist_4,SilphCo5F_Scientist_4_Exeggutor_4,SILPH_CO_5F,SAFFRON_CITY,Exeggutor,Reflect,Badge_6,,35
SilphCo5F_Scientist_4,SilphCo5F_Scientist_4_Exeggutor_4,SILPH_CO_5F,SAFFRON_CITY,Exeggutor,Stomp,Badge_6,,35
SilphCo5F_Scientist_4,SilphCo5F_Scientist_4_Exeggutor_4,SILPH_CO_5F,SAFFRON_CITY,Exeggutor,Stun Spore,Badge_6,,35
SilphCo5F_Scientist_4,SilphCo5F_Scientist_4_Starmie_5,SILPH_CO_5F,SAFFRON_CITY,Starmie,Swift,Badge_6,,35
SilphCo5F_Scientist_4,SilphCo5F_Scientist_4_Starmie_5,SILPH_CO_5F,SAFFRON_CITY,Starmie,Bubblebeam,Badge_6,,35
SilphCo5F_Scientist_4,SilphCo5F_Scientist_4_Starmie_5,SILPH_CO_5F,SAFFRON_CITY,Starmie,Harden,Badge_6,,35
SilphCo5F_Scientist_4,SilphCo5F_Scientist_4_Starmie_5,SILPH_CO_5F,SAFFRON_CITY,Starmie,Recover,Badge_6,,35
SilphCo7F_Rocket_10,SilphCo7F_Rocket_10_Marowak_1,SILPH_CO_7F,SAFFRON_CITY,Marowak,Headbutt,Badge_6,,39
SilphCo7F_Rocket_10,SilphCo7F_Rocket_10_Marowak_1,SILPH_CO_7F,SAFFRON_CITY,Marowak,Focus Energy,Badge_6,,39
SilphCo7F_Rocket_10,SilphCo7F_Rocket_10_Marowak_1,SILPH_CO_7F,SAFFRON_CITY,Marowak,Bonemerang,Badge_6,,39
SilphCo7F_Rocket_10,SilphCo7F_Rocket_10_Marowak_1,SILPH_CO_7F,SAFFRON_CITY,Marowak,Thrash,Badge_6,,39
SilphCo7F_Rocket_10,SilphCo7F_Rocket_10_Magmar_2,SILPH_CO_7F,SAFFRON_CITY,Magmar,Smog,Badge_6,,39
SilphCo7F_Rocket_10,SilphCo7F_Rocket_10_Magmar_2,SILPH_CO_7F,SAFFRON_CITY,Magmar,Leer,Badge_6,,39
SilphCo7F_Rocket_10,SilphCo7F_Rocket_10_Magmar_2,SILPH_CO_7F,SAFFRON_CITY,Magmar,Confuse Ray,Badge_6,,39
SilphCo7F_Rocket_10,SilphCo7F_Rocket_10_Magmar_2,SILPH_CO_7F,SAFFRON_CITY,Magmar,Fire Punch,Badge_6,,39
SilphCo7F_Rocket_11,SilphCo7F_Rocket_11_Raticate_1,SILPH_CO_7F,SAFFRON_CITY,Raticate,Hyper Fang,Badge_6,,37
SilphCo7F_Rocket_11,SilphCo7F_Rocket_11_Raticate_1,SILPH_CO_7F,SAFFRON_CITY,Raticate,Focus Energy,Badge_6,,37
SilphCo7F_Rocket_11,SilphCo7F_Rocket_11_Raticate_1,SILPH_CO_7F,SAFFRON_CITY,Raticate,Dig,Badge_6,,37
SilphCo7F_Rocket_11,SilphCo7F_Rocket_11_Raticate_1,SILPH_CO_7F,SAFFRON_CITY,Raticate,Super Fang,Badge_6,,37
SilphCo7F_Rocket_11,SilphCo7F_Rocket_11_Arbok_2,SILPH_CO_7F,SAFFRON_CITY,Arbok,Substitute,Badge_6,,37
SilphCo7F_Rocket_11,SilphCo7F_Rocket_11_Arbok_2,SILPH_CO_7F,SAFFRON_CITY,Arbok,Glare,Badge_6,,37
SilphCo7F_Rocket_11,SilphCo7F_Rocket_11_Arbok_2,SILPH_CO_7F,SAFFRON_CITY,Arbok,Screech,Badge_6,,37
SilphCo7F_Rocket_11,SilphCo7F_Rocket_11_Arbok_2,SILPH_CO_7F,SAFFRON_CITY,Arbok,Sludge,Badge_6,,37
SilphCo7F_Rocket_11,SilphCo7F_Rocket_11_Weezing_3,SILPH_CO_7F,SAFFRON_CITY,Weezing,Smog,Badge_6,,37
SilphCo7F_Rocket_11,SilphCo7F_Rocket_11_Weezing_3,SILPH_CO_7F,SAFFRON_CITY,Weezing,Acid,Badge_6,,37
SilphCo7F_Rocket_11,SilphCo7F_Rocket_11_Weezing_3,SILPH_CO_7F,SAFFRON_CITY,Weezing,Smokescreen,Badge_6,,37
SilphCo7F_Rocket_11,SilphCo7F_Rocket_11_Weezing_3,SILPH_CO_7F,SAFFRON_CITY,Weezing,Sludge,Badge_6,,37
SilphCo7F_Rocket_11,SilphCo7F_Rocket_11_Golbat_4,SILPH_CO_7F,SAFFRON_CITY,Golbat,Confuse Ray,Badge_6,,37
SilphCo7F_Rocket_11,SilphCo7F_Rocket_11_Golbat_4,SILPH_CO_7F,SAFFRON_CITY,Golbat,Wing Attack,Badge_6,,37
SilphCo7F_Rocket_11,SilphCo7F_Rocket_11_Golbat_4,SILPH_CO_7F,SAFFRON_CITY,Golbat,Acid,Badge_6,,37
SilphCo7F_Rocket_11,SilphCo7F_Rocket_11_Golbat_4,SILPH_CO_7F,SAFFRON_CITY,Golbat,Sludge,Badge_6,,37
SilphCo7F_Scientist_5,SilphCo7F_Scientist_5_Electrode_1,SILPH_CO_7F,SAFFRON_CITY,Electrode,Selfdestruct,Badge_6,,39
SilphCo7F_Scientist_5,SilphCo7F_Scientist_5_Electrode_1,SILPH_CO_7F,SAFFRON_CITY,Electrode,Swift,Badge_6,,39
SilphCo7F_Scientist_5,SilphCo7F_Scientist_5_Electrode_1,SILPH_CO_7F,SAFFRON_CITY,Electrode,Light Screen,Badge_6,,39
SilphCo7F_Scientist_5,SilphCo7F_Scientist_5_Electrode_1,SILPH_CO_7F,SAFFRON_CITY,Electrode,Thunderbolt,Badge_6,,39
SilphCo7F_Scientist_5,SilphCo7F_Scientist_5_Muk_2,SILPH_CO_7F,SAFFRON_CITY,Muk,Acid Armor,Badge_6,,39
SilphCo7F_Scientist_5,SilphCo7F_Scientist_5_Muk_2,SILPH_CO_7F,SAFFRON_CITY,Muk,Minimize,Badge_6,,39
SilphCo7F_Scientist_5,SilphCo7F_Scientist_5_Muk_2,SILPH_CO_7F,SAFFRON_CITY,Muk,Sludge,Badge_6,,39
SilphCo7F_Scientist_5,SilphCo7F_Scientist_5_Muk_2,SILPH_CO_7F,SAFFRON_CITY,Muk,Body Slam,Badge_6,,39
SilphCo7F_Rocket_17,SilphCo7F_Rocket_17_Sandslash_1,SILPH_CO_7F,SAFFRON_CITY,Sandslash,Dig,Badge_6,,39
SilphCo7F_Rocket_17,SilphCo7F_Rocket_17_Sandslash_1,SILPH_CO_7F,SAFFRON_CITY,Sandslash,Swift,Badge_6,,39
SilphCo7F_Rocket_17,SilphCo7F_Rocket_17_Sandslash_1,SILPH_CO_7F,SAFFRON_CITY,Sandslash,Slash,Badge_6,,39
SilphCo7F_Rocket_17,SilphCo7F_Rocket_17_Sandslash_1,SILPH_CO_7F,SAFFRON_CITY,Sandslash,Earthquake,Badge_6,,39
SilphCo7F_Rocket_17,SilphCo7F_Rocket_17_Gloom_2,SILPH_CO_7F,SAFFRON_CITY,Gloom,Acid,Badge_6,,39
SilphCo7F_Rocket_17,SilphCo7F_Rocket_17_Gloom_2,SILPH_CO_7F,SAFFRON_CITY,Gloom,Mega Drain,Badge_6,,39
SilphCo7F_Rocket_17,SilphCo7F_Rocket_17_Gloom_2,SILPH_CO_7F,SAFFRON_CITY,Gloom,Sleep Powder,Badge_6,,39
SilphCo7F_Rocket_17,SilphCo7F_Rocket_17_Gloom_2,SILPH_CO_7F,SAFFRON_CITY,Gloom,Petal Dance,Badge_6,,39
SilphCo8F_Rocket_12,SilphCo8F_Rocket_12_Raticate_1,SILPH_CO_8F,SAFFRON_CITY,Raticate,Hyper Fang,Badge_6,,37
SilphCo8F_Rocket_12,SilphCo8F_Rocket_12_Raticate_1,SILPH_CO_8F,SAFFRON_CITY,Raticate,Focus Energy,Badge_6,,37
SilphCo8F_Rocket_12,SilphCo8F_Rocket_12_Raticate_1,SILPH_CO_8F,SAFFRON_CITY,Raticate,Dig,Badge_6,,37
SilphCo8F_Rocket_12,SilphCo8F_Rocket_12_Raticate_1,SILPH_CO_8F,SAFFRON_CITY,Raticate,Super Fang,Badge_6,,37
SilphCo8F_Rocket_12,SilphCo8F_Rocket_12_Tentacruel_2,SILPH_CO_8F,SAFFRON_CITY,Tentacruel,Acid,Badge_6,,37
SilphCo8F_Rocket_12,SilphCo8F_Rocket_12_Tentacruel_2,SILPH_CO_8F,SAFFRON_CITY,Tentacruel,Bubblebeam,Badge_6,,37
SilphCo8F_Rocket_12,SilphCo8F_Rocket_12_Tentacruel_2,SILPH_CO_8F,SAFFRON_CITY,Tentacruel,Constrict,Badge_6,,37
SilphCo8F_Rocket_12,SilphCo8F_Rocket_12_Tentacruel_2,SILPH_CO_8F,SAFFRON_CITY,Tentacruel,Barrier,Badge_6,,37
SilphCo8F_Rocket_12,SilphCo8F_Rocket_12_Golbat_3,SILPH_CO_8F,SAFFRON_CITY,Golbat,Confuse Ray,Badge_6,,37
SilphCo8F_Rocket_12,SilphCo8F_Rocket_12_Golbat_3,SILPH_CO_8F,SAFFRON_CITY,Golbat,Wing Attack,Badge_6,,37
SilphCo8F_Rocket_12,SilphCo8F_Rocket_12_Golbat_3,SILPH_CO_8F,SAFFRON_CITY,Golbat,Acid,Badge_6,,37
SilphCo8F_Rocket_12,SilphCo8F_Rocket_12_Golbat_3,SILPH_CO_8F,SAFFRON_CITY,Golbat,Sludge,Badge_6,,37
SilphCo8F_Rocket_12,SilphCo8F_Rocket_12_Raticate_2,SILPH_CO_8F,SAFFRON_CITY,Raticate,Hyper Fang,Badge_6,,37
SilphCo8F_Rocket_12,SilphCo8F_Rocket_12_Raticate_2,SILPH_CO_8F,SAFFRON_CITY,Raticate,Focus Energy,Badge_6,,37
SilphCo8F_Rocket_12,SilphCo8F_Rocket_12_Raticate_2,SILPH_CO_8F,SAFFRON_CITY,Raticate,Dig,Badge_6,,37
SilphCo8F_Rocket_12,SilphCo8F_Rocket_12_Raticate_2,SILPH_CO_8F,SAFFRON_CITY,Raticate,Super Fang,Badge_6,,37
SilphCo8F_Rocket_13,SilphCo8F_Rocket_13_Parasect_1,SILPH_CO_8F,SAFFRON_CITY,Parasect,Spore,Badge_6,,39
SilphCo8F_Rocket_13,SilphCo8F_Rocket_13_Parasect_1,SILPH_CO_8F,SAFFRON_CITY,Parasect,Mega Drain,Badge_6,,39
SilphCo8F_Rocket_13,SilphCo8F_Rocket_13_Parasect_1,SILPH_CO_8F,SAFFRON_CITY,Parasect,Slash,Badge_6,,39
SilphCo8F_Rocket_13,SilphCo8F_Rocket_13_Parasect_1,SILPH_CO_8F,SAFFRON_CITY,Parasect,Growth,Badge_6,,39
SilphCo8F_Rocket_13,SilphCo8F_Rocket_13_Golbat_2,SILPH_CO_8F,SAFFRON_CITY,Golbat,Confuse Ray,Badge_6,,39
SilphCo8F_Rocket_13,SilphCo8F_Rocket_13_Golbat_2,SILPH_CO_8F,SAFFRON_CITY,Golbat,Wing Attack,Badge_6,,39
SilphCo8F_Rocket_13,SilphCo8F_Rocket_13_Golbat_2,SILPH_CO_8F,SAFFRON_CITY,Golbat,Acid,Badge_6,,39
SilphCo8F_Rocket_13,SilphCo8F_Rocket_13_Golbat_2,SILPH_CO_8F,SAFFRON_CITY,Golbat,Sludge,Badge_6,,39
SilphCo8F_Rocket_13,SilphCo8F_Rocket_13_Weezing_3,SILPH_CO_8F,SAFFRON_CITY,Weezing,Acid,Badge_6,,39
SilphCo8F_Rocket_13,SilphCo8F_Rocket_13_Weezing_3,SILPH_CO_8F,SAFFRON_CITY,Weezing,Smokescreen,Badge_6,,39
SilphCo8F_Rocket_13,SilphCo8F_Rocket_13_Weezing_3,SILPH_CO_8F,SAFFRON_CITY,Weezing,Sludge,Badge_6,,39
SilphCo8F_Rocket_13,SilphCo8F_Rocket_13_Weezing_3,SILPH_CO_8F,SAFFRON_CITY,Weezing,Amnesia,Badge_6,,39
SilphCo8F_Scientist_6,SilphCo8F_Scientist_6_Gyarados_1,SILPH_CO_8F,SAFFRON_CITY,Gyarados,Dragon Rage,Badge_6,,43
SilphCo8F_Scientist_6,SilphCo8F_Scientist_6_Gyarados_1,SILPH_CO_8F,SAFFRON_CITY,Gyarados,Leer,Badge_6,,43
SilphCo8F_Scientist_6,SilphCo8F_Scientist_6_Gyarados_1,SILPH_CO_8F,SAFFRON_CITY,Gyarados,Thrash,Badge_6,,43
SilphCo8F_Scientist_6,SilphCo8F_Scientist_6_Gyarados_1,SILPH_CO_8F,SAFFRON_CITY,Gyarados,Hydro Pump,Badge_6,,43
SilphCo9F_Rocket_14,SilphCo9F_Rocket_14_Golbat_1,SILPH_CO_9F,SAFFRON_CITY,Golbat,Confuse Ray,Badge_6,,38
SilphCo9F_Rocket_14,SilphCo9F_Rocket_14_Golbat_1,SILPH_CO_9F,SAFFRON_CITY,Golbat,Wing Attack,Badge_6,,38
SilphCo9F_Rocket_14,SilphCo9F_Rocket_14_Golbat_1,SILPH_CO_9F,SAFFRON_CITY,Golbat,Acid,Badge_6,,38
SilphCo9F_Rocket_14,SilphCo9F_Rocket_14_Golbat_1,SILPH_CO_9F,SAFFRON_CITY,Golbat,Sludge,Badge_6,,38
SilphCo9F_Rocket_14,SilphCo9F_Rocket_14_Drowzee_2,SILPH_CO_9F,SAFFRON_CITY,Drowzee,Headbutt,Badge_6,,38
SilphCo9F_Rocket_14,SilphCo9F_Rocket_14_Drowzee_2,SILPH_CO_9F,SAFFRON_CITY,Drowzee,Poison Gas,Badge_6,,38
SilphCo9F_Rocket_14,SilphCo9F_Rocket_14_Drowzee_2,SILPH_CO_9F,SAFFRON_CITY,Drowzee,Psychic,Badge_6,,38
SilphCo9F_Rocket_14,SilphCo9F_Rocket_14_Drowzee_2,SILPH_CO_9F,SAFFRON_CITY,Drowzee,Meditate,Badge_6,,38
SilphCo9F_Rocket_14,SilphCo9F_Rocket_14_Rhyhorn_3,SILPH_CO_9F,SAFFRON_CITY,Rhyhorn,Fury Attack,Badge_6,,38
SilphCo9F_Rocket_14,SilphCo9F_Rocket_14_Rhyhorn_3,SILPH_CO_9F,SAFFRON_CITY,Rhyhorn,Stomp,Badge_6,,38
SilphCo9F_Rocket_14,SilphCo9F_Rocket_14_Rhyhorn_3,SILPH_CO_9F,SAFFRON_CITY,Rhyhorn,Rock Throw,Badge_6,,38
SilphCo9F_Rocket_14,SilphCo9F_Rocket_14_Rhyhorn_3,SILPH_CO_9F,SAFFRON_CITY,Rhyhorn,Dig,Badge_6,,38
SilphCo9F_Scientist_7,SilphCo9F_Scientist_7_Muk_1,SILPH_CO_9F,SAFFRON_CITY,Muk,Acid Armor,Badge_6,,40
SilphCo9F_Scientist_7,SilphCo9F_Scientist_7_Muk_1,SILPH_CO_9F,SAFFRON_CITY,Muk,Minimize,Badge_6,,40
SilphCo9F_Scientist_7,SilphCo9F_Scientist_7_Muk_1,SILPH_CO_9F,SAFFRON_CITY,Muk,Sludge,Badge_6,,40
SilphCo9F_Scientist_7,SilphCo9F_Scientist_7_Muk_1,SILPH_CO_9F,SAFFRON_CITY,Muk,Body Slam,Badge_6,,40
SilphCo9F_Scientist_7,SilphCo9F_Scientist_7_Kabutops_2,SILPH_CO_9F,SAFFRON_CITY,Kabutops,Absorb,Badge_6,,40
SilphCo9F_Scientist_7,SilphCo9F_Scientist_7_Kabutops_2,SILPH_CO_9F,SAFFRON_CITY,Kabutops,Rock Throw,Badge_6,,40
SilphCo9F_Scientist_7,SilphCo9F_Scientist_7_Kabutops_2,SILPH_CO_9F,SAFFRON_CITY,Kabutops,Mega Drain,Badge_6,,40
SilphCo9F_Scientist_7,SilphCo9F_Scientist_7_Kabutops_2,SILPH_CO_9F,SAFFRON_CITY,Kabutops,Slash,Badge_6,,40
SilphCo9F_Rocket_18,SilphCo9F_Rocket_18_Hypno_1,SILPH_CO_9F,SAFFRON_CITY,Hypno,Headbutt,Badge_6,,38
SilphCo9F_Rocket_18,SilphCo9F_Rocket_18_Hypno_1,SILPH_CO_9F,SAFFRON_CITY,Hypno,Poison Gas,Badge_6,,38
SilphCo9F_Rocket_18,SilphCo9F_Rocket_18_Hypno_1,SILPH_CO_9F,SAFFRON_CITY,Hypno,Psychic,Badge_6,,38
SilphCo9F_Rocket_18,SilphCo9F_Rocket_18_Hypno_1,SILPH_CO_9F,SAFFRON_CITY,Hypno,Meditate,Badge_6,,38
SilphCo9F_Rocket_18,SilphCo9F_Rocket_18_Muk_2,SILPH_CO_9F,SAFFRON_CITY,Muk,Acid Armor,Badge_6,,38
SilphCo9F_Rocket_18,SilphCo9F_Rocket_18_Muk_2,SILPH_CO_9F,SAFFRON_CITY,Muk,Minimize,Badge_6,,38
SilphCo9F_Rocket_18,SilphCo9F_Rocket_18_Muk_2,SILPH_CO_9F,SAFFRON_CITY,Muk,Sludge,Badge_6,,38
SilphCo9F_Rocket_18,SilphCo9F_Rocket_18_Muk_2,SILPH_CO_9F,SAFFRON_CITY,Muk,Body Slam,Badge_6,,38
SilphCo9F_Rocket_18,SilphCo9F_Rocket_18_Machoke_3,SILPH_CO_9F,SAFFRON_CITY,Machoke,Seismic Toss,Badge_6,,38
SilphCo9F_Rocket_18,SilphCo9F_Rocket_18_Machoke_3,SILPH_CO_9F,SAFFRON_CITY,Machoke,Submission,Badge_6,,38
SilphCo9F_Rocket_18,SilphCo9F_Rocket_18_Machoke_3,SILPH_CO_9F,SAFFRON_CITY,Machoke,Body Slam,Badge_6,,38
SilphCo9F_Rocket_18,SilphCo9F_Rocket_18_Machoke_3,SILPH_CO_9F,SAFFRON_CITY,Machoke,Counter,Badge_6,,38
SilphCo10F_Scientist_8,SilphCo10F_Scientist_8_Weezing_1,SILPH_CO_10F,SAFFRON_CITY,Weezing,Smokescreen,Badge_6,,40
SilphCo10F_Scientist_8,SilphCo10F_Scientist_8_Weezing_1,SILPH_CO_10F,SAFFRON_CITY,Weezing,Sludge,Badge_6,,40
SilphCo10F_Scientist_8,SilphCo10F_Scientist_8_Weezing_1,SILPH_CO_10F,SAFFRON_CITY,Weezing,Amnesia,Badge_6,,40
SilphCo10F_Scientist_8,SilphCo10F_Scientist_8_Weezing_1,SILPH_CO_10F,SAFFRON_CITY,Weezing,Selfdestruct,Badge_6,,40
SilphCo10F_Scientist_8,SilphCo10F_Scientist_8_Omastar_2,SILPH_CO_10F,SAFFRON_CITY,Omastar,Rock Throw,Badge_6,,40
SilphCo10F_Scientist_8,SilphCo10F_Scientist_8_Omastar_2,SILPH_CO_10F,SAFFRON_CITY,Omastar,Spike Cannon,Badge_6,,40
SilphCo10F_Scientist_8,SilphCo10F_Scientist_8_Omastar_2,SILPH_CO_10F,SAFFRON_CITY,Omastar,Leer,Badge_6,,40
SilphCo10F_Scientist_8,SilphCo10F_Scientist_8_Omastar_2,SILPH_CO_10F,SAFFRON_CITY,Omastar,Rock Slide,Badge_6,,40
SilphCo10F_Rocket_15,SilphCo10F_Rocket_15_Machoke_1,SILPH_CO_10F,SAFFRON_CITY,Machoke,Submission,Badge_6,,43
SilphCo10F_Rocket_15,SilphCo10F_Rocket_15_Machoke_1,SILPH_CO_10F,SAFFRON_CITY,Machoke,Body Slam,Badge_6,,43
SilphCo10F_Rocket_15,SilphCo10F_Rocket_15_Machoke_1,SILPH_CO_10F,SAFFRON_CITY,Machoke,Counter,Badge_6,,43
SilphCo10F_Rocket_15,SilphCo10F_Rocket_15_Machoke_1,SILPH_CO_10F,SAFFRON_CITY,Machoke,Karate Chop,Badge_6,,43
SilphCo10F_Rocket_16,SilphCo10F_Rocket_16_Raticate_1,SILPH_CO_10F,SAFFRON_CITY,Raticate,Hyper Fang,Badge_6,,38
SilphCo10F_Rocket_16,SilphCo10F_Rocket_16_Raticate_1,SILPH_CO_10F,SAFFRON_CITY,Raticate,Focus Energy,Badge_6,,38
SilphCo10F_Rocket_16,SilphCo10F_Rocket_16_Raticate_1,SILPH_CO_10F,SAFFRON_CITY,Raticate,Dig,Badge_6,,38
SilphCo10F_Rocket_16,SilphCo10F_Rocket_16_Raticate_1,SILPH_CO_10F,SAFFRON_CITY,Raticate,Super Fang,Badge_6,,38
SilphCo10F_Rocket_16,SilphCo10F_Rocket_16_Muk_2,SILPH_CO_10F,SAFFRON_CITY,Muk,Acid Armor,Badge_6,,38
SilphCo10F_Rocket_16,SilphCo10F_Rocket_16_Muk_2,SILPH_CO_10F,SAFFRON_CITY,Muk,Minimize,Badge_6,,38
SilphCo10F_Rocket_16,SilphCo10F_Rocket_16_Muk_2,SILPH_CO_10F,SAFFRON_CITY,Muk,Sludge,Badge_6,,38
SilphCo10F_Rocket_16,SilphCo10F_Rocket_16_Muk_2,SILPH_CO_10F,SAFFRON_CITY,Muk,Body Slam,Badge_6,,38
SilphCo10F_Rocket_16,SilphCo10F_Rocket_16_Golbat_3,SILPH_CO_10F,SAFFRON_CITY,Golbat,Confuse Ray,Badge_6,,38
SilphCo10F_Rocket_16,SilphCo10F_Rocket_16_Golbat_3,SILPH_CO_10F,SAFFRON_CITY,Golbat,Wing Attack,Badge_6,,38
SilphCo10F_Rocket_16,SilphCo10F_Rocket_16_Golbat_3,SILPH_CO_10F,SAFFRON_CITY,Golbat,Acid,Badge_6,,38
SilphCo10F_Rocket_16,SilphCo10F_Rocket_16_Golbat_3,SILPH_CO_10F,SAFFRON_CITY,Golbat,Sludge,Badge_6,,38
SilphCo10F_Rocket_16,SilphCo10F_Rocket_16_Marowak_4,SILPH_CO_10F,SAFFRON_CITY,Marowak,Headbutt,Badge_6,,38
SilphCo10F_Rocket_16,SilphCo10F_Rocket_16_Marowak_4,SILPH_CO_10F,SAFFRON_CITY,Marowak,Focus Energy,Badge_6,,38
SilphCo10F_Rocket_16,SilphCo10F_Rocket_16_Marowak_4,SILPH_CO_10F,SAFFRON_CITY,Marowak,Bonemerang,Badge_6,,38
SilphCo10F_Rocket_16,SilphCo10F_Rocket_16_Marowak_4,SILPH_CO_10F,SAFFRON_CITY,Marowak,Thrash,Badge_6,,38
SilphCo10F_Rocket_16,SilphCo10F_Rocket_16_Arbok_5,SILPH_CO_10F,SAFFRON_CITY,Arbok,Glare,Badge_6,,38
SilphCo10F_Rocket_16,SilphCo10F_Rocket_16_Arbok_5,SILPH_CO_10F,SAFFRON_CITY,Arbok,Screech,Badge_6,,38
SilphCo10F_Rocket_16,SilphCo10F_Rocket_16_Arbok_5,SILPH_CO_10F,SAFFRON_CITY,Arbok,Sludge,Badge_6,,38
SilphCo10F_Rocket_16,SilphCo10F_Rocket_16_Arbok_5,SILPH_CO_10F,SAFFRON_CITY,Arbok,Wrap,Badge_6,,38
SaffronGym_Psychic_1,SaffronGym_Psychic_1_Gloom_1,SAFFRON_GYM,SAFFRON_CITY,Gloom,Mega Drain,Badge_6,,41
SaffronGym_Psychic_1,SaffronGym_Psychic_1_Gloom_1,SAFFRON_GYM,SAFFRON_CITY,Gloom,Sleep Powder,Badge_6,,41
SaffronGym_Psychic_1,SaffronGym_Psychic_1_Gloom_1,SAFFRON_GYM,SAFFRON_CITY,Gloom,Petal Dance,Badge_6,,41
SaffronGym_Psychic_1,SaffronGym_Psychic_1_Gloom_1,SAFFRON_GYM,SAFFRON_CITY,Gloom,Sludge,Badge_6,,41
SaffronGym_Psychic_1,SaffronGym_Psychic_1_Jynx_2,SAFFRON_GYM,SAFFRON_CITY,Jynx,Confusion,Badge_6,,41
SaffronGym_Psychic_1,SaffronGym_Psychic_1_Jynx_2,SAFFRON_GYM,SAFFRON_CITY,Jynx,Doubleslap,Badge_6,,41
SaffronGym_Psychic_1,SaffronGym_Psychic_1_Jynx_2,SAFFRON_GYM,SAFFRON_CITY,Jynx,Ice Punch,Badge_6,,41
SaffronGym_Psychic_1,SaffronGym_Psychic_1_Jynx_2,SAFFRON_GYM,SAFFRON_CITY,Jynx,Psychic,Badge_6,,41
SaffronGym_Psychic_1,SaffronGym_Psychic_1_Slowbro_3,SAFFRON_GYM,SAFFRON_CITY,Slowbro,Psybeam,Badge_6,,41
SaffronGym_Psychic_1,SaffronGym_Psychic_1_Slowbro_3,SAFFRON_GYM,SAFFRON_CITY,Slowbro,Waterfall,Badge_6,,41
SaffronGym_Psychic_1,SaffronGym_Psychic_1_Slowbro_3,SAFFRON_GYM,SAFFRON_CITY,Slowbro,Withdraw,Badge_6,,41
SaffronGym_Psychic_1,SaffronGym_Psychic_1_Slowbro_3,SAFFRON_GYM,SAFFRON_CITY,Slowbro,Amnesia,Badge_6,,41
SaffronGym_Psychic_2,SaffronGym_Psychic_2_Gastly_1,SAFFRON_GYM,SAFFRON_CITY,Gastly,Smog,Badge_6,,43
SaffronGym_Psychic_2,SaffronGym_Psychic_2_Gastly_1,SAFFRON_GYM,SAFFRON_CITY,Gastly,Psywave,Badge_6,,43
SaffronGym_Psychic_2,SaffronGym_Psychic_2_Gastly_1,SAFFRON_GYM,SAFFRON_CITY,Gastly,Poison Gas,Badge_6,,43
SaffronGym_Psychic_2,SaffronGym_Psychic_2_Gastly_1,SAFFRON_GYM,SAFFRON_CITY,Gastly,Night Shade,Badge_6,,43
SaffronGym_Psychic_2,SaffronGym_Psychic_2_Kadabra_2,SAFFRON_GYM,SAFFRON_CITY,Kadabra,Psybeam,Badge_6,,43
SaffronGym_Psychic_2,SaffronGym_Psychic_2_Kadabra_2,SAFFRON_GYM,SAFFRON_CITY,Kadabra,Recover,Badge_6,,43
SaffronGym_Psychic_2,SaffronGym_Psychic_2_Kadabra_2,SAFFRON_GYM,SAFFRON_CITY,Kadabra,Psychic,Badge_6,,43
SaffronGym_Psychic_2,SaffronGym_Psychic_2_Kadabra_2,SAFFRON_GYM,SAFFRON_CITY,Kadabra,Reflect,Badge_6,,43
SaffronGym_Channeler_1,SaffronGym_Channeler_1_Drowzee_1,SAFFRON_GYM,SAFFRON_CITY,Drowzee,Psychic,Badge_6,,45
SaffronGym_Channeler_1,SaffronGym_Channeler_1_Drowzee_1,SAFFRON_GYM,SAFFRON_CITY,Drowzee,Meditate,Badge_6,,45
SaffronGym_Channeler_1,SaffronGym_Channeler_1_Drowzee_1,SAFFRON_GYM,SAFFRON_CITY,Drowzee,Hypnosis,Badge_6,,45
SaffronGym_Channeler_1,SaffronGym_Channeler_1_Drowzee_1,SAFFRON_GYM,SAFFRON_CITY,Drowzee,Dream Eater,Badge_6,,45
SaffronGym_Psychic_3,SaffronGym_Psychic_3_Starmie_1,SAFFRON_GYM,SAFFRON_CITY,Starmie,Recover,Badge_6,,45
SaffronGym_Psychic_3,SaffronGym_Psychic_3_Starmie_1,SAFFRON_GYM,SAFFRON_CITY,Starmie,Minimize,Badge_6,,45
SaffronGym_Psychic_3,SaffronGym_Psychic_3_Starmie_1,SAFFRON_GYM,SAFFRON_CITY,Starmie,Psychic,Badge_6,,45
SaffronGym_Psychic_3,SaffronGym_Psychic_3_Starmie_1,SAFFRON_GYM,SAFFRON_CITY,Starmie,Light Screen,Badge_6,,45
SaffronGym_Channeler_2,SaffronGym_Channeler_2_Ninetales_1,SAFFRON_GYM,SAFFRON_CITY,Ninetales,Reflect,Badge_6,,44
SaffronGym_Channeler_2,SaffronGym_Channeler_2_Ninetales_1,SAFFRON_GYM,SAFFRON_CITY,Ninetales,Flamethrower,Badge_6,,44
SaffronGym_Channeler_2,SaffronGym_Channeler_2_Ninetales_1,SAFFRON_GYM,SAFFRON_CITY,Ninetales,Night Shade,Badge_6,,44
SaffronGym_Channeler_2,SaffronGym_Channeler_2_Ninetales_1,SAFFRON_GYM,SAFFRON_CITY,Ninetales,Fire Spin,Badge_6,,44
SaffronGym_Channeler_2,SaffronGym_Channeler_2_Exeggutor_2,SAFFRON_GYM,SAFFRON_CITY,Exeggutor,Reflect,Badge_6,,44
SaffronGym_Channeler_2,SaffronGym_Channeler_2_Exeggutor_2,SAFFRON_GYM,SAFFRON_CITY,Exeggutor,Stomp,Badge_6,,44
SaffronGym_Channeler_2,SaffronGym_Channeler_2_Exeggutor_2,SAFFRON_GYM,SAFFRON_CITY,Exeggutor,Stun Spore,Badge_6,,44
SaffronGym_Channeler_2,SaffronGym_Channeler_2_Exeggutor_2,SAFFRON_GYM,SAFFRON_CITY,Exeggutor,Egg Bomb,Badge_6,,44
SaffronGym_Channeler_3,SaffronGym_Channeler_3_Drowzee_1,SAFFRON_GYM,SAFFRON_CITY,Drowzee,Poison Gas,Badge_6,,43
SaffronGym_Channeler_3,SaffronGym_Channeler_3_Drowzee_1,SAFFRON_GYM,SAFFRON_CITY,Drowzee,Psychic,Badge_6,,43
SaffronGym_Channeler_3,SaffronGym_Channeler_3_Drowzee_1,SAFFRON_GYM,SAFFRON_CITY,Drowzee,Meditate,Badge_6,,43
SaffronGym_Channeler_3,SaffronGym_Channeler_3_Drowzee_1,SAFFRON_GYM,SAFFRON_CITY,Drowzee,Hypnosis,Badge_6,,43
SaffronGym_Channeler_3,SaffronGym_Channeler_3_Gastly_2,SAFFRON_GYM,SAFFRON_CITY,Gastly,Smog,Badge_6,,43
SaffronGym_Channeler_3,SaffronGym_Channeler_3_Gastly_2,SAFFRON_GYM,SAFFRON_CITY,Gastly,Psywave,Badge_6,,43
SaffronGym_Channeler_3,SaffronGym_Channeler_3_Gastly_2,SAFFRON_GYM,SAFFRON_CITY,Gastly,Poison Gas,Badge_6,,43
SaffronGym_Channeler_3,SaffronGym_Channeler_3_Gastly_2,SAFFRON_GYM,SAFFRON_CITY,Gastly,Night Shade,Badge_6,,43
SaffronGym_Channeler_3,SaffronGym_Channeler_3_Kadabra_3,SAFFRON_GYM,SAFFRON_CITY,Kadabra,Psybeam,Badge_6,,43
SaffronGym_Channeler_3,SaffronGym_Channeler_3_Kadabra_3,SAFFRON_GYM,SAFFRON_CITY,Kadabra,Recover,Badge_6,,43
SaffronGym_Channeler_3,SaffronGym_Channeler_3_Kadabra_3,SAFFRON_GYM,SAFFRON_CITY,Kadabra,Psychic,Badge_6,,43
SaffronGym_Channeler_3,SaffronGym_Channeler_3_Kadabra_3,SAFFRON_GYM,SAFFRON_CITY,Kadabra,Reflect,Badge_6,,43
SaffronGym_Psychic_4,SaffronGym_Psychic_4_Kadabra_1,SAFFRON_GYM,SAFFRON_CITY,Kadabra,Psybeam,Badge_6,,42
SaffronGym_Psychic_4,SaffronGym_Psychic_4_Kadabra_1,SAFFRON_GYM,SAFFRON_CITY,Kadabra,Recover,Badge_6,,42
SaffronGym_Psychic_4,SaffronGym_Psychic_4_Kadabra_1,SAFFRON_GYM,SAFFRON_CITY,Kadabra,Psychic,Badge_6,,42
SaffronGym_Psychic_4,SaffronGym_Psychic_4_Kadabra_1,SAFFRON_GYM,SAFFRON_CITY,Kadabra,Reflect,Badge_6,,42
SaffronGym_Psychic_4,SaffronGym_Psychic_4_Slowbro_2,SAFFRON_GYM,SAFFRON_CITY,Slowbro,Psybeam,Badge_6,,42
SaffronGym_Psychic_4,SaffronGym_Psychic_4_Slowbro_2,SAFFRON_GYM,SAFFRON_CITY,Slowbro,Waterfall,Badge_6,,42
SaffronGym_Psychic_4,SaffronGym_Psychic_4_Slowbro_2,SAFFRON_GYM,SAFFRON_CITY,Slowbro,Withdraw,Badge_6,,42
SaffronGym_Psychic_4,SaffronGym_Psychic_4_Slowbro_2,SAFFRON_GYM,SAFFRON_CITY,Slowbro,Amnesia,Badge_6,,42
SaffronGym_Psychic_4,SaffronGym_Psychic_4_Drowzee_3,SAFFRON_GYM,SAFFRON_CITY,Drowzee,Poison Gas,Badge_6,,42
SaffronGym_Psychic_4,SaffronGym_Psychic_4_Drowzee_3,SAFFRON_GYM,SAFFRON_CITY,Drowzee,Psychic,Badge_6,,42
SaffronGym_Psychic_4,SaffronGym_Psychic_4_Drowzee_3,SAFFRON_GYM,SAFFRON_CITY,Drowzee,Meditate,Badge_6,,42
SaffronGym_Psychic_4,SaffronGym_Psychic_4_Drowzee_3,SAFFRON_GYM,SAFFRON_CITY,Drowzee,Hypnosis,Badge_6,,42
SaffronGym_Psychic_4,SaffronGym_Psychic_4_Kadabra_2,SAFFRON_GYM,SAFFRON_CITY,Kadabra,Psybeam,Badge_6,,42
SaffronGym_Psychic_4,SaffronGym_Psychic_4_Kadabra_2,SAFFRON_GYM,SAFFRON_CITY,Kadabra,Recover,Badge_6,,42
SaffronGym_Psychic_4,SaffronGym_Psychic_4_Kadabra_2,SAFFRON_GYM,SAFFRON_CITY,Kadabra,Psychic,Badge_6,,42
SaffronGym_Psychic_4,SaffronGym_Psychic_4_Kadabra_2,SAFFRON_GYM,SAFFRON_CITY,Kadabra,Reflect,Badge_6,,42
Route19_Swimmer_1,Route19_Swimmer_1_Tentacruel_1,ROUTE_19,ROUTE_19,Tentacruel,Constrict,Badge_6,,43
Route19_Swimmer_1,Route19_Swimmer_1_Tentacruel_1,ROUTE_19,ROUTE_19,Tentacruel,Barrier,Badge_6,,43
Route19_Swimmer_1,Route19_Swimmer_1_Tentacruel_1,ROUTE_19,ROUTE_19,Tentacruel,Screech,Badge_6,,43
Route19_Swimmer_1,Route19_Swimmer_1_Tentacruel_1,ROUTE_19,ROUTE_19,Tentacruel,Sludge,Badge_6,,43
Route19_Swimmer_1,Route19_Swimmer_1_Gyarados_2,ROUTE_19,ROUTE_19,Gyarados,Dragon Rage,Badge_6,,43
Route19_Swimmer_1,Route19_Swimmer_1_Gyarados_2,ROUTE_19,ROUTE_19,Gyarados,Leer,Badge_6,,43
Route19_Swimmer_1,Route19_Swimmer_1_Gyarados_2,ROUTE_19,ROUTE_19,Gyarados,Thrash,Badge_6,,43
Route19_Swimmer_1,Route19_Swimmer_1_Gyarados_2,ROUTE_19,ROUTE_19,Gyarados,Hydro Pump,Badge_6,,43
Route19_Swimmer_2,Route19_Swimmer_2_Seaking_1,ROUTE_19,ROUTE_19,Seaking,Horn Attack,Badge_6,,40
Route19_Swimmer_2,Route19_Swimmer_2_Seaking_1,ROUTE_19,ROUTE_19,Seaking,Waterfall,Badge_6,,40
Route19_Swimmer_2,Route19_Swimmer_2_Seaking_1,ROUTE_19,ROUTE_19,Seaking,Fury Attack,Badge_6,,40
Route19_Swimmer_2,Route19_Swimmer_2_Seaking_1,ROUTE_19,ROUTE_19,Seaking,Drill Peck,Badge_6,,40
Route19_Swimmer_2,Route19_Swimmer_2_Seadra_2,ROUTE_19,ROUTE_19,Seadra,Dragon Rage,Badge_6,,40
Route19_Swimmer_2,Route19_Swimmer_2_Seadra_2,ROUTE_19,ROUTE_19,Seadra,Aurora Beam,Badge_6,,40
Route19_Swimmer_2,Route19_Swimmer_2_Seadra_2,ROUTE_19,ROUTE_19,Seadra,Waterfall,Badge_6,,40
Route19_Swimmer_2,Route19_Swimmer_2_Seadra_2,ROUTE_19,ROUTE_19,Seadra,Agility,Badge_6,,40
Route19_Swimmer_2,Route19_Swimmer_2_Starmie_3,ROUTE_19,ROUTE_19,Starmie,Harden,Badge_6,,40
Route19_Swimmer_2,Route19_Swimmer_2_Starmie_3,ROUTE_19,ROUTE_19,Starmie,Recover,Badge_6,,40
Route19_Swimmer_2,Route19_Swimmer_2_Starmie_3,ROUTE_19,ROUTE_19,Starmie,Minimize,Badge_6,,40
Route19_Swimmer_2,Route19_Swimmer_2_Starmie_3,ROUTE_19,ROUTE_19,Starmie,Psychic,Badge_6,,40
Route19_Swimmer_3,Route19_Swimmer_3_Seadra_1,ROUTE_19,ROUTE_19,Seadra,Waterfall,Badge_6,,45
Route19_Swimmer_3,Route19_Swimmer_3_Seadra_1,ROUTE_19,ROUTE_19,Seadra,Agility,Badge_6,,45
Route19_Swimmer_3,Route19_Swimmer_3_Seadra_1,ROUTE_19,ROUTE_19,Seadra,Slam,Badge_6,,45
Route19_Swimmer_3,Route19_Swimmer_3_Seadra_1,ROUTE_19,ROUTE_19,Seadra,Hydro Pump,Badge_6,,45
Route19_Swimmer_4,Route19_Swimmer_4_Poliwrath_1,ROUTE_19,ROUTE_19,Poliwrath,Bubblebeam,Badge_6,,42
Route19_Swimmer_4,Route19_Swimmer_4_Poliwrath_1,ROUTE_19,ROUTE_19,Poliwrath,Karate Chop,Badge_6,,42
Route19_Swimmer_4,Route19_Swimmer_4_Poliwrath_1,ROUTE_19,ROUTE_19,Poliwrath,Ice Punch,Badge_6,,42
Route19_Swimmer_4,Route19_Swimmer_4_Poliwrath_1,ROUTE_19,ROUTE_19,Poliwrath,Body Slam,Badge_6,,42
Route19_Swimmer_4,Route19_Swimmer_4_Seadra_2,ROUTE_19,ROUTE_19,Seadra,Aurora Beam,Badge_6,,42
Route19_Swimmer_4,Route19_Swimmer_4_Seadra_2,ROUTE_19,ROUTE_19,Seadra,Waterfall,Badge_6,,42
Route19_Swimmer_4,Route19_Swimmer_4_Seadra_2,ROUTE_19,ROUTE_19,Seadra,Agility,Badge_6,,42
Route19_Swimmer_4,Route19_Swimmer_4_Seadra_2,ROUTE_19,ROUTE_19,Seadra,Slam,Badge_6,,42
Route19_Swimmer_5,Route19_Swimmer_5_Seadra_1,ROUTE_19,ROUTE_19,Seadra,Aurora Beam,Badge_6,,41
Route19_Swimmer_5,Route19_Swimmer_5_Seadra_1,ROUTE_19,ROUTE_19,Seadra,Waterfall,Badge_6,,41
Route19_Swimmer_5,Route19_Swimmer_5_Seadra_1,ROUTE_19,ROUTE_19,Seadra,Agility,Badge_6,,41
Route19_Swimmer_5,Route19_Swimmer_5_Seadra_1,ROUTE_19,ROUTE_19,Seadra,Slam,Badge_6,,41
Route19_Swimmer_5,Route19_Swimmer_5_Tentacruel_2,ROUTE_19,ROUTE_19,Tentacruel,Bubblebeam,Badge_6,,41
Route19_Swimmer_5,Route19_Swimmer_5_Tentacruel_2,ROUTE_19,ROUTE_19,Tentacruel,Constrict,Badge_6,,41
Route19_Swimmer_5,Route19_Swimmer_5_Tentacruel_2,ROUTE_19,ROUTE_19,Tentacruel,Barrier,Badge_6,,41
Route19_Swimmer_5,Route19_Swimmer_5_Tentacruel_2,ROUTE_19,ROUTE_19,Tentacruel,Screech,Badge_6,,41
Route19_Swimmer_5,Route19_Swimmer_5_Gyarados_3,ROUTE_19,ROUTE_19,Gyarados,Dragon Rage,Badge_6,,41
Route19_Swimmer_5,Route19_Swimmer_5_Gyarados_3,ROUTE_19,ROUTE_19,Gyarados,Leer,Badge_6,,41
Route19_Swimmer_5,Route19_Swimmer_5_Gyarados_3,ROUTE_19,ROUTE_19,Gyarados,Thrash,Badge_6,,41
Route19_Swimmer_5,Route19_Swimmer_5_Gyarados_3,ROUTE_19,ROUTE_19,Gyarados,Hydro Pump,Badge_6,,41
Route19_Swimmer_6,Route19_Swimmer_6_Seaking_1,ROUTE_19,ROUTE_19,Seaking,Horn Attack,Badge_6,,41
Route19_Swimmer_6,Route19_Swimmer_6_Seaking_1,ROUTE_19,ROUTE_19,Seaking,Waterfall,Badge_6,,41
Route19_Swimmer_6,Route19_Swimmer_6_Seaking_1,ROUTE_19,ROUTE_19,Seaking,Fury Attack,Badge_6,,41
Route19_Swimmer_6,Route19_Swimmer_6_Seaking_1,ROUTE_19,ROUTE_19,Seaking,Drill Peck,Badge_6,,41
Route19_Swimmer_6,Route19_Swimmer_6_Slowbro_2,ROUTE_19,ROUTE_19,Slowbro,Psybeam,Badge_6,,41
Route19_Swimmer_6,Route19_Swimmer_6_Slowbro_2,ROUTE_19,ROUTE_19,Slowbro,Waterfall,Badge_6,,41
Route19_Swimmer_6,Route19_Swimmer_6_Slowbro_2,ROUTE_19,ROUTE_19,Slowbro,Withdraw,Badge_6,,41
Route19_Swimmer_6,Route19_Swimmer_6_Slowbro_2,ROUTE_19,ROUTE_19,Slowbro,Amnesia,Badge_6,,41
Route19_Swimmer_6,Route19_Swimmer_6_Pidgeot_3,ROUTE_19,ROUTE_19,Pidgeot,Whirlwind,Badge_6,,41
Route19_Swimmer_6,Route19_Swimmer_6_Pidgeot_3,ROUTE_19,ROUTE_19,Pidgeot,Take Down,Badge_6,,41
Route19_Swimmer_6,Route19_Swimmer_6_Pidgeot_3,ROUTE_19,ROUTE_19,Pidgeot,Agility,Badge_6,,41
Route19_Swimmer_6,Route19_Swimmer_6_Pidgeot_3,ROUTE_19,ROUTE_19,Pidgeot,Sky Attack,Badge_6,,41
Route19_Swimmer_7,Route19_Swimmer_7_Tentacruel_1,ROUTE_19,ROUTE_19,Tentacruel,Bubblebeam,Badge_6,,40
Route19_Swimmer_7,Route19_Swimmer_7_Tentacruel_1,ROUTE_19,ROUTE_19,Tentacruel,Constrict,Badge_6,,40
Route19_Swimmer_7,Route19_Swimmer_7_Tentacruel_1,ROUTE_19,ROUTE_19,Tentacruel,Barrier,Badge_6,,40
Route19_Swimmer_7,Route19_Swimmer_7_Tentacruel_1,ROUTE_19,ROUTE_19,Tentacruel,Screech,Badge_6,,40
Route19_Swimmer_7,Route19_Swimmer_7_Tentacruel_2,ROUTE_19,ROUTE_19,Tentacruel,Bubblebeam,Badge_6,,40
Route19_Swimmer_7,Route19_Swimmer_7_Tentacruel_2,ROUTE_19,ROUTE_19,Tentacruel,Constrict,Badge_6,,40
Route19_Swimmer_7,Route19_Swimmer_7_Tentacruel_2,ROUTE_19,ROUTE_19,Tentacruel,Barrier,Badge_6,,40
Route19_Swimmer_7,Route19_Swimmer_7_Tentacruel_2,ROUTE_19,ROUTE_19,Tentacruel,Screech,Badge_6,,40
Route19_Swimmer_7,Route19_Swimmer_7_Starmie_3,ROUTE_19,ROUTE_19,Starmie,Harden,Badge_6,,40
Route19_Swimmer_7,Route19_Swimmer_7_Starmie_3,ROUTE_19,ROUTE_19,Starmie,Recover,Badge_6,,40
Route19_Swimmer_7,Route19_Swimmer_7_Starmie_3,ROUTE_19,ROUTE_19,Starmie,Minimize,Badge_6,,40
Route19_Swimmer_7,Route19_Swimmer_7_Starmie_3,ROUTE_19,ROUTE_19,Starmie,Psychic,Badge_6,,40
Route19_Swimmer_7,Route19_Swimmer_7_Seadra_4,ROUTE_19,ROUTE_19,Seadra,Dragon Rage,Badge_6,,40
Route19_Swimmer_7,Route19_Swimmer_7_Seadra_4,ROUTE_19,ROUTE_19,Seadra,Aurora Beam,Badge_6,,40
Route19_Swimmer_7,Route19_Swimmer_7_Seadra_4,ROUTE_19,ROUTE_19,Seadra,Waterfall,Badge_6,,40
Route19_Swimmer_7,Route19_Swimmer_7_Seadra_4,ROUTE_19,ROUTE_19,Seadra,Agility,Badge_6,,40
Route19_Swimmer_7,Route19_Swimmer_7_Tentacruel_3,ROUTE_19,ROUTE_19,Tentacruel,Bubblebeam,Badge_6,,40
Route19_Swimmer_7,Route19_Swimmer_7_Tentacruel_3,ROUTE_19,ROUTE_19,Tentacruel,Constrict,Badge_6,,40
Route19_Swimmer_7,Route19_Swimmer_7_Tentacruel_3,ROUTE_19,ROUTE_19,Tentacruel,Barrier,Badge_6,,40
Route19_Swimmer_7,Route19_Swimmer_7_Tentacruel_3,ROUTE_19,ROUTE_19,Tentacruel,Screech,Badge_6,,40
Route19_Beauty_1,Route19_Beauty_1_Lapras_1,ROUTE_19,ROUTE_19,Lapras,Confuse Ray,Badge_6,,46
Route19_Beauty_1,Route19_Beauty_1_Lapras_1,ROUTE_19,ROUTE_19,Lapras,Waterfall,Badge_6,,46
Route19_Beauty_1,Route19_Beauty_1_Lapras_1,ROUTE_19,ROUTE_19,Lapras,Ice Beam,Badge_6,,46
Route19_Beauty_1,Route19_Beauty_1_Lapras_1,ROUTE_19,ROUTE_19,Lapras,Sing,Badge_6,,46
Route19_Beauty_2,Route19_Beauty_2_Pidgeot_1,ROUTE_19,ROUTE_19,Pidgeot,Whirlwind,Badge_6,,43
Route19_Beauty_2,Route19_Beauty_2_Pidgeot_1,ROUTE_19,ROUTE_19,Pidgeot,Take Down,Badge_6,,43
Route19_Beauty_2,Route19_Beauty_2_Pidgeot_1,ROUTE_19,ROUTE_19,Pidgeot,Agility,Badge_6,,43
Route19_Beauty_2,Route19_Beauty_2_Pidgeot_1,ROUTE_19,ROUTE_19,Pidgeot,Sky Attack,Badge_6,,43
Route19_Beauty_2,Route19_Beauty_2_Dewgong_2,ROUTE_19,ROUTE_19,Dewgong,Rest,Badge_6,,43
Route19_Beauty_2,Route19_Beauty_2_Dewgong_2,ROUTE_19,ROUTE_19,Dewgong,Bubblebeam,Badge_6,,43
Route19_Beauty_2,Route19_Beauty_2_Dewgong_2,ROUTE_19,ROUTE_19,Dewgong,Take Down,Badge_6,,43
Route19_Beauty_2,Route19_Beauty_2_Dewgong_2,ROUTE_19,ROUTE_19,Dewgong,Ice Beam,Badge_6,,43
Route19_Beauty_2,Route19_Beauty_2_Seaking_3,ROUTE_19,ROUTE_19,Seaking,Waterfall,Badge_6,,43
Route19_Beauty_2,Route19_Beauty_2_Seaking_3,ROUTE_19,ROUTE_19,Seaking,Fury Attack,Badge_6,,43
Route19_Beauty_2,Route19_Beauty_2_Seaking_3,ROUTE_19,ROUTE_19,Seaking,Drill Peck,Badge_6,,43
Route19_Beauty_2,Route19_Beauty_2_Seaking_3,ROUTE_19,ROUTE_19,Seaking,Horn Drill,Badge_6,,43
Route19_Beauty_3,Route19_Beauty_3_Dragonair_1,ROUTE_19,ROUTE_19,Dragonair,Thunder Wave,Badge_6,,43
Route19_Beauty_3,Route19_Beauty_3_Dragonair_1,ROUTE_19,ROUTE_19,Dragonair,Dragon Rage,Badge_6,,43
Route19_Beauty_3,Route19_Beauty_3_Dragonair_1,ROUTE_19,ROUTE_19,Dragonair,Agility,Badge_6,,43
Route19_Beauty_3,Route19_Beauty_3_Dragonair_1,ROUTE_19,ROUTE_19,Dragonair,Slam,Badge_6,,43
Route19_Beauty_3,Route19_Beauty_3_Gyarados_2,ROUTE_19,ROUTE_19,Gyarados,Dragon Rage,Badge_6,,43
Route19_Beauty_3,Route19_Beauty_3_Gyarados_2,ROUTE_19,ROUTE_19,Gyarados,Leer,Badge_6,,43
Route19_Beauty_3,Route19_Beauty_3_Gyarados_2,ROUTE_19,ROUTE_19,Gyarados,Thrash,Badge_6,,43
Route19_Beauty_3,Route19_Beauty_3_Gyarados_2,ROUTE_19,ROUTE_19,Gyarados,Hydro Pump,Badge_6,,43
Route19_Beauty_3,Route19_Beauty_3_Seadra_3,ROUTE_19,ROUTE_19,Seadra,Aurora Beam,Badge_6,,43
Route19_Beauty_3,Route19_Beauty_3_Seadra_3,ROUTE_19,ROUTE_19,Seadra,Waterfall,Badge_6,,43
Route19_Beauty_3,Route19_Beauty_3_Seadra_3,ROUTE_19,ROUTE_19,Seadra,Agility,Badge_6,,43
Route19_Beauty_3,Route19_Beauty_3_Seadra_3,ROUTE_19,ROUTE_19,Seadra,Slam,Badge_6,,43
Route20_Swimmer_1,Route20_Swimmer_1_Kingler_1,ROUTE_20,ROUTE_20,Kingler,Cut,Badge_6,,42
Route20_Swimmer_1,Route20_Swimmer_1_Kingler_1,ROUTE_20,ROUTE_20,Kingler,Stomp,Badge_6,,42
Route20_Swimmer_1,Route20_Swimmer_1_Kingler_1,ROUTE_20,ROUTE_20,Kingler,Crabhammer,Badge_6,,42
Route20_Swimmer_1,Route20_Swimmer_1_Kingler_1,ROUTE_20,ROUTE_20,Kingler,Harden,Badge_6,,42
Route20_Swimmer_1,Route20_Swimmer_1_Gyarados_2,ROUTE_20,ROUTE_20,Gyarados,Dragon Rage,Badge_6,,42
Route20_Swimmer_1,Route20_Swimmer_1_Gyarados_2,ROUTE_20,ROUTE_20,Gyarados,Leer,Badge_6,,42
Route20_Swimmer_1,Route20_Swimmer_1_Gyarados_2,ROUTE_20,ROUTE_20,Gyarados,Thrash,Badge_6,,42
Route20_Swimmer_1,Route20_Swimmer_1_Gyarados_2,ROUTE_20,ROUTE_20,Gyarados,Hydro Pump,Badge_6,,42
Route20_Swimmer_2,Route20_Swimmer_2_Seadra_1,ROUTE_20,ROUTE_20,Seadra,Aurora Beam,Badge_6,,42
Route20_Swimmer_2,Route20_Swimmer_2_Seadra_1,ROUTE_20,ROUTE_20,Seadra,Waterfall,Badge_6,,42
Route20_Swimmer_2,Route20_Swimmer_2_Seadra_1,ROUTE_20,ROUTE_20,Seadra,Agility,Badge_6,,42
Route20_Swimmer_2,Route20_Swimmer_2_Seadra_1,ROUTE_20,ROUTE_20,Seadra,Slam,Badge_6,,42
Route20_Swimmer_2,Route20_Swimmer_2_Gyarados_2,ROUTE_20,ROUTE_20,Gyarados,Dragon Rage,Badge_6,,42
Route20_Swimmer_2,Route20_Swimmer_2_Gyarados_2,ROUTE_20,ROUTE_20,Gyarados,Leer,Badge_6,,42
Route20_Swimmer_2,Route20_Swimmer_2_Gyarados_2,ROUTE_20,ROUTE_20,Gyarados,Thrash,Badge_6,,42
Route20_Swimmer_2,Route20_Swimmer_2_Gyarados_2,ROUTE_20,ROUTE_20,Gyarados,Hydro Pump,Badge_6,,42
Route20_Swimmer_2,Route20_Swimmer_2_Seadra_2,ROUTE_20,ROUTE_20,Seadra,Aurora Beam,Badge_6,,42
Route20_Swimmer_2,Route20_Swimmer_2_Seadra_2,ROUTE_20,ROUTE_20,Seadra,Waterfall,Badge_6,,42
Route20_Swimmer_2,Route20_Swimmer_2_Seadra_2,ROUTE_20,ROUTE_20,Seadra,Agility,Badge_6,,42
Route20_Swimmer_2,Route20_Swimmer_2_Seadra_2,ROUTE_20,ROUTE_20,Seadra,Slam,Badge_6,,42
Route20_Beauty_1,Route20_Beauty_1_Blastoise_1,ROUTE_20,ROUTE_20,Blastoise,Body Slam,Badge_6,,43
Route20_Beauty_1,Route20_Beauty_1_Blastoise_1,ROUTE_20,ROUTE_20,Blastoise,Withdraw,Badge_6,,43
Route20_Beauty_1,Route20_Beauty_1_Blastoise_1,ROUTE_20,ROUTE_20,Blastoise,Waterfall,Badge_6,,43
Route20_Beauty_1,Route20_Beauty_1_Blastoise_1,ROUTE_20,ROUTE_20,Blastoise,Skull Bash,Badge_6,,43
Route20_Beauty_1,Route20_Beauty_1_Dewgong_2,ROUTE_20,ROUTE_20,Dewgong,Rest,Badge_6,,43
Route20_Beauty_1,Route20_Beauty_1_Dewgong_2,ROUTE_20,ROUTE_20,Dewgong,Bubblebeam,Badge_6,,43
Route20_Beauty_1,Route20_Beauty_1_Dewgong_2,ROUTE_20,ROUTE_20,Dewgong,Take Down,Badge_6,,43
Route20_Beauty_1,Route20_Beauty_1_Dewgong_2,ROUTE_20,ROUTE_20,Dewgong,Ice Beam,Badge_6,,43
Route20_Beauty_1,Route20_Beauty_1_Slowbro_3,ROUTE_20,ROUTE_20,Slowbro,Psybeam,Badge_6,,43
Route20_Beauty_1,Route20_Beauty_1_Slowbro_3,ROUTE_20,ROUTE_20,Slowbro,Waterfall,Badge_6,,43
Route20_Beauty_1,Route20_Beauty_1_Slowbro_3,ROUTE_20,ROUTE_20,Slowbro,Withdraw,Badge_6,,43
Route20_Beauty_1,Route20_Beauty_1_Slowbro_3,ROUTE_20,ROUTE_20,Slowbro,Amnesia,Badge_6,,43
Route20_Beauty_2,Route20_Beauty_2_Seaking_1,ROUTE_20,ROUTE_20,Seaking,Waterfall,Badge_6,,45
Route20_Beauty_2,Route20_Beauty_2_Seaking_1,ROUTE_20,ROUTE_20,Seaking,Fury Attack,Badge_6,,45
Route20_Beauty_2,Route20_Beauty_2_Seaking_1,ROUTE_20,ROUTE_20,Seaking,Drill Peck,Badge_6,,45
Route20_Beauty_2,Route20_Beauty_2_Seaking_1,ROUTE_20,ROUTE_20,Seaking,Horn Drill,Badge_6,,45
Route20_Beauty_3,Route20_Beauty_3_Poliwhirl_1,ROUTE_20,ROUTE_20,Poliwhirl,Bubblebeam,Badge_6,,41
Route20_Beauty_3,Route20_Beauty_3_Poliwhirl_1,ROUTE_20,ROUTE_20,Poliwhirl,Karate Chop,Badge_6,,41
Route20_Beauty_3,Route20_Beauty_3_Poliwhirl_1,ROUTE_20,ROUTE_20,Poliwhirl,Ice Punch,Badge_6,,41
Route20_Beauty_3,Route20_Beauty_3_Poliwhirl_1,ROUTE_20,ROUTE_20,Poliwhirl,Body Slam,Badge_6,,41
Route20_Beauty_3,Route20_Beauty_3_Seaking_2,ROUTE_20,ROUTE_20,Seaking,Horn Attack,Badge_6,,41
Route20_Beauty_3,Route20_Beauty_3_Seaking_2,ROUTE_20,ROUTE_20,Seaking,Waterfall,Badge_6,,41
Route20_Beauty_3,Route20_Beauty_3_Seaking_2,ROUTE_20,ROUTE_20,Seaking,Fury Attack,Badge_6,,41
Route20_Beauty_3,Route20_Beauty_3_Seaking_2,ROUTE_20,ROUTE_20,Seaking,Drill Peck,Badge_6,,41
Route20_Jr_Trainer_1,Route20_Jr_Trainer_1_Seaking_1,ROUTE_20,ROUTE_20,Seaking,Horn Attack,Badge_6,,41
Route20_Jr_Trainer_1,Route20_Jr_Trainer_1_Seaking_1,ROUTE_20,ROUTE_20,Seaking,Waterfall,Badge_6,,41
Route20_Jr_Trainer_1,Route20_Jr_Trainer_1_Seaking_1,ROUTE_20,ROUTE_20,Seaking,Fury Attack,Badge_6,,41
Route20_Jr_Trainer_1,Route20_Jr_Trainer_1_Seaking_1,ROUTE_20,ROUTE_20,Seaking,Drill Peck,Badge_6,,41
Route20_Jr_Trainer_1,Route20_Jr_Trainer_1_Seaking_2,ROUTE_20,ROUTE_20,Seaking,Horn Attack,Badge_6,,41
Route20_Jr_Trainer_1,Route20_Jr_Trainer_1_Seaking_2,ROUTE_20,ROUTE_20,Seaking,Waterfall,Badge_6,,41
Route20_Jr_Trainer_1,Route20_Jr_Trainer_1_Seaking_2,ROUTE_20,ROUTE_20,Seaking,Fury Attack,Badge_6,,41
Route20_Jr_Trainer_1,Route20_Jr_Trainer_1_Seaking_2,ROUTE_20,ROUTE_20,Seaking,Drill Peck,Badge_6,,41
Route20_Beauty_4,Route20_Beauty_4_Gyarados_1,ROUTE_20,ROUTE_20,Gyarados,Waterfall,Badge_6,,40
Route20_Beauty_4,Route20_Beauty_4_Gyarados_1,ROUTE_20,ROUTE_20,Gyarados,Dragon Rage,Badge_6,,40
Route20_Beauty_4,Route20_Beauty_4_Gyarados_1,ROUTE_20,ROUTE_20,Gyarados,Leer,Badge_6,,40
Route20_Beauty_4,Route20_Beauty_4_Gyarados_1,ROUTE_20,ROUTE_20,Gyarados,Thrash,Badge_6,,40
Route20_Beauty_4,Route20_Beauty_4_Kingler_2,ROUTE_20,ROUTE_20,Kingler,Cut,Badge_6,,40
Route20_Beauty_4,Route20_Beauty_4_Kingler_2,ROUTE_20,ROUTE_20,Kingler,Stomp,Badge_6,,40
Route20_Beauty_4,Route20_Beauty_4_Kingler_2,ROUTE_20,ROUTE_20,Kingler,Crabhammer,Badge_6,,40
Route20_Beauty_4,Route20_Beauty_4_Kingler_2,ROUTE_20,ROUTE_20,Kingler,Harden,Badge_6,,40
Route20_Beauty_4,Route20_Beauty_4_Gyarados_2,ROUTE_20,ROUTE_20,Gyarados,Waterfall,Badge_6,,40
Route20_Beauty_4,Route20_Beauty_4_Gyarados_2,ROUTE_20,ROUTE_20,Gyarados,Dragon Rage,Badge_6,,40
Route20_Beauty_4,Route20_Beauty_4_Gyarados_2,ROUTE_20,ROUTE_20,Gyarados,Leer,Badge_6,,40
Route20_Beauty_4,Route20_Beauty_4_Gyarados_2,ROUTE_20,ROUTE_20,Gyarados,Thrash,Badge_6,,40
Route20_Bird_Keeper_1,Route20_Bird_Keeper_1_Fearow_1,ROUTE_20,ROUTE_20,Fearow,Drill Peck,Badge_6,,41
Route20_Bird_Keeper_1,Route20_Bird_Keeper_1_Fearow_1,ROUTE_20,ROUTE_20,Fearow,Whirlwind,Badge_6,,41
Route20_Bird_Keeper_1,Route20_Bird_Keeper_1_Fearow_1,ROUTE_20,ROUTE_20,Fearow,Sharpen,Badge_6,,41
Route20_Bird_Keeper_1,Route20_Bird_Keeper_1_Fearow_1,ROUTE_20,ROUTE_20,Fearow,Agility,Badge_6,,41
Route20_Bird_Keeper_1,Route20_Bird_Keeper_1_Fearow_2,ROUTE_20,ROUTE_20,Fearow,Drill Peck,Badge_6,,41
Route20_Bird_Keeper_1,Route20_Bird_Keeper_1_Fearow_2,ROUTE_20,ROUTE_20,Fearow,Whirlwind,Badge_6,,41
Route20_Bird_Keeper_1,Route20_Bird_Keeper_1_Fearow_2,ROUTE_20,ROUTE_20,Fearow,Sharpen,Badge_6,,41
Route20_Bird_Keeper_1,Route20_Bird_Keeper_1_Fearow_2,ROUTE_20,ROUTE_20,Fearow,Agility,Badge_6,,41
Route20_Bird_Keeper_1,Route20_Bird_Keeper_1_Pidgeot_3,ROUTE_20,ROUTE_20,Pidgeot,Whirlwind,Badge_6,,41
Route20_Bird_Keeper_1,Route20_Bird_Keeper_1_Pidgeot_3,ROUTE_20,ROUTE_20,Pidgeot,Take Down,Badge_6,,41
Route20_Bird_Keeper_1,Route20_Bird_Keeper_1_Pidgeot_3,ROUTE_20,ROUTE_20,Pidgeot,Agility,Badge_6,,41
Route20_Bird_Keeper_1,Route20_Bird_Keeper_1_Pidgeot_3,ROUTE_20,ROUTE_20,Pidgeot,Sky Attack,Badge_6,,41
Route20_Swimmer_3,Route20_Swimmer_3_Gyarados_1,ROUTE_20,ROUTE_20,Gyarados,Dragon Rage,Badge_6,,45
Route20_Swimmer_3,Route20_Swimmer_3_Gyarados_1,ROUTE_20,ROUTE_20,Gyarados,Leer,Badge_6,,45
Route20_Swimmer_3,Route20_Swimmer_3_Gyarados_1,ROUTE_20,ROUTE_20,Gyarados,Thrash,Badge_6,,45
Route20_Swimmer_3,Route20_Swimmer_3_Gyarados_1,ROUTE_20,ROUTE_20,Gyarados,Hydro Pump,Badge_6,,45
Route20_Jr_Trainer_2,Route20_Jr_Trainer_2_Tentacruel_1,ROUTE_20,ROUTE_20,Tentacruel,Bubblebeam,Badge_6,,40
Route20_Jr_Trainer_2,Route20_Jr_Trainer_2_Tentacruel_1,ROUTE_20,ROUTE_20,Tentacruel,Constrict,Badge_6,,40
Route20_Jr_Trainer_2,Route20_Jr_Trainer_2_Tentacruel_1,ROUTE_20,ROUTE_20,Tentacruel,Barrier,Badge_6,,40
Route20_Jr_Trainer_2,Route20_Jr_Trainer_2_Tentacruel_1,ROUTE_20,ROUTE_20,Tentacruel,Screech,Badge_6,,40
Route20_Jr_Trainer_2,Route20_Jr_Trainer_2_Seadra_2,ROUTE_20,ROUTE_20,Seadra,Dragon Rage,Badge_6,,40
Route20_Jr_Trainer_2,Route20_Jr_Trainer_2_Seadra_2,ROUTE_20,ROUTE_20,Seadra,Aurora Beam,Badge_6,,40
Route20_Jr_Trainer_2,Route20_Jr_Trainer_2_Seadra_2,ROUTE_20,ROUTE_20,Seadra,Waterfall,Badge_6,,40
Route20_Jr_Trainer_2,Route20_Jr_Trainer_2_Seadra_2,ROUTE_20,ROUTE_20,Seadra,Agility,Badge_6,,40
Route20_Jr_Trainer_2,Route20_Jr_Trainer_2_Dewgong_3,ROUTE_20,ROUTE_20,Dewgong,Rest,Badge_6,,40
Route20_Jr_Trainer_2,Route20_Jr_Trainer_2_Dewgong_3,ROUTE_20,ROUTE_20,Dewgong,Bubblebeam,Badge_6,,40
Route20_Jr_Trainer_2,Route20_Jr_Trainer_2_Dewgong_3,ROUTE_20,ROUTE_20,Dewgong,Take Down,Badge_6,,40
Route20_Jr_Trainer_2,Route20_Jr_Trainer_2_Dewgong_3,ROUTE_20,ROUTE_20,Dewgong,Ice Beam,Badge_6,,40
PokemonMansion_Burglar_1,PokemonMansion_Burglar_1_Rhydon_1,POKEMON_MANSION,POKEMON_MANSION_1F,Rhydon,Rock Throw,Badge_6,,44
PokemonMansion_Burglar_1,PokemonMansion_Burglar_1_Rhydon_1,POKEMON_MANSION,POKEMON_MANSION_1F,Rhydon,Dig,Badge_6,,44
PokemonMansion_Burglar_1,PokemonMansion_Burglar_1_Rhydon_1,POKEMON_MANSION,POKEMON_MANSION_1F,Rhydon,Rock Slide,Badge_6,,44
PokemonMansion_Burglar_1,PokemonMansion_Burglar_1_Rhydon_1,POKEMON_MANSION,POKEMON_MANSION_1F,Rhydon,Earthquake,Badge_6,,44
PokemonMansion_Burglar_1,PokemonMansion_Burglar_1_Magmar_2,POKEMON_MANSION,POKEMON_MANSION_1F,Magmar,Confuse Ray,Badge_6,,44
PokemonMansion_Burglar_1,PokemonMansion_Burglar_1_Magmar_2,POKEMON_MANSION,POKEMON_MANSION_1F,Magmar,Fire Punch,Badge_6,,44
PokemonMansion_Burglar_1,PokemonMansion_Burglar_1_Magmar_2,POKEMON_MANSION,POKEMON_MANSION_1F,Magmar,Smokescreen,Badge_6,,44
PokemonMansion_Burglar_1,PokemonMansion_Burglar_1_Magmar_2,POKEMON_MANSION,POKEMON_MANSION_1F,Magmar,Flamethrower,Badge_6,,44
PokemonMansion_Burglar_2,PokemonMansion_Burglar_2_Exeggutor_1,POKEMON_MANSION,POKEMON_MANSION_1F,Exeggutor,Reflect,Badge_6,,43
PokemonMansion_Burglar_2,PokemonMansion_Burglar_2_Exeggutor_1,POKEMON_MANSION,POKEMON_MANSION_1F,Exeggutor,Stomp,Badge_6,,43
PokemonMansion_Burglar_2,PokemonMansion_Burglar_2_Exeggutor_1,POKEMON_MANSION,POKEMON_MANSION_1F,Exeggutor,Stun Spore,Badge_6,,43
PokemonMansion_Burglar_2,PokemonMansion_Burglar_2_Exeggutor_1,POKEMON_MANSION,POKEMON_MANSION_1F,Exeggutor,Egg Bomb,Badge_6,,43
PokemonMansion_Scientist_1,PokemonMansion_Scientist_1_Exeggutor_1,POKEMON_MANSION,POKEMON_MANSION_1F,Exeggutor,Stomp,Badge_6,,45
PokemonMansion_Scientist_1,PokemonMansion_Scientist_1_Exeggutor_1,POKEMON_MANSION,POKEMON_MANSION_1F,Exeggutor,Stun Spore,Badge_6,,45
PokemonMansion_Scientist_1,PokemonMansion_Scientist_1_Exeggutor_1,POKEMON_MANSION,POKEMON_MANSION_1F,Exeggutor,Egg Bomb,Badge_6,,45
PokemonMansion_Scientist_1,PokemonMansion_Scientist_1_Exeggutor_1,POKEMON_MANSION,POKEMON_MANSION_1F,Exeggutor,Psychic,Badge_6,,45
PokemonMansion_Scientist_1,PokemonMansion_Scientist_1_Arcanine_2,POKEMON_MANSION,POKEMON_MANSION_1F,Arcanine,Ember,Badge_6,,45
PokemonMansion_Scientist_1,PokemonMansion_Scientist_1_Arcanine_2,POKEMON_MANSION,POKEMON_MANSION_1F,Arcanine,Leer,Badge_6,,45
PokemonMansion_Scientist_1,PokemonMansion_Scientist_1_Arcanine_2,POKEMON_MANSION,POKEMON_MANSION_1F,Arcanine,Take Down,Badge_6,,45
PokemonMansion_Scientist_1,PokemonMansion_Scientist_1_Arcanine_2,POKEMON_MANSION,POKEMON_MANSION_1F,Arcanine,Flamethrower,Badge_6,,45
PokemonMansion_Scientist_1,PokemonMansion_Scientist_1_Muk_3,POKEMON_MANSION,POKEMON_MANSION_1F,Muk,Sludge,Badge_6,,45
PokemonMansion_Scientist_1,PokemonMansion_Scientist_1_Muk_3,POKEMON_MANSION,POKEMON_MANSION_1F,Muk,Body Slam,Badge_6,,45
PokemonMansion_Scientist_1,PokemonMansion_Scientist_1_Muk_3,POKEMON_MANSION,POKEMON_MANSION_1F,Muk,Toxic,Badge_6,,45
PokemonMansion_Scientist_1,PokemonMansion_Scientist_1_Muk_3,POKEMON_MANSION,POKEMON_MANSION_1F,Muk,Screech,Badge_6,,45
PokemonMansion_Scientist_2,PokemonMansion_Scientist_2_Electrode_1,POKEMON_MANSION,POKEMON_MANSION_1F,Electrode,Selfdestruct,Badge_6,,39
PokemonMansion_Scientist_2,PokemonMansion_Scientist_2_Electrode_1,POKEMON_MANSION,POKEMON_MANSION_1F,Electrode,Swift,Badge_6,,39
PokemonMansion_Scientist_2,PokemonMansion_Scientist_2_Electrode_1,POKEMON_MANSION,POKEMON_MANSION_1F,Electrode,Light Screen,Badge_6,,39
PokemonMansion_Scientist_2,PokemonMansion_Scientist_2_Electrode_1,POKEMON_MANSION,POKEMON_MANSION_1F,Electrode,Thunderbolt,Badge_6,,39
PokemonMansion_Scientist_2,PokemonMansion_Scientist_2_Weezing_2,POKEMON_MANSION,POKEMON_MANSION_1F,Weezing,Acid,Badge_6,,39
PokemonMansion_Scientist_2,PokemonMansion_Scientist_2_Weezing_2,POKEMON_MANSION,POKEMON_MANSION_1F,Weezing,Smokescreen,Badge_6,,39
PokemonMansion_Scientist_2,PokemonMansion_Scientist_2_Weezing_2,POKEMON_MANSION,POKEMON_MANSION_1F,Weezing,Sludge,Badge_6,,39
PokemonMansion_Scientist_2,PokemonMansion_Scientist_2_Weezing_2,POKEMON_MANSION,POKEMON_MANSION_1F,Weezing,Amnesia,Badge_6,,39
PokemonMansion_Burglar_3,PokemonMansion_Burglar_3_Machoke_1,POKEMON_MANSION,POKEMON_MANSION_1F,Machoke,Submission,Badge_6,,44
PokemonMansion_Burglar_3,PokemonMansion_Burglar_3_Machoke_1,POKEMON_MANSION,POKEMON_MANSION_1F,Machoke,Body Slam,Badge_6,,44
PokemonMansion_Burglar_3,PokemonMansion_Burglar_3_Machoke_1,POKEMON_MANSION,POKEMON_MANSION_1F,Machoke,Counter,Badge_6,,44
PokemonMansion_Burglar_3,PokemonMansion_Burglar_3_Machoke_1,POKEMON_MANSION,POKEMON_MANSION_1F,Machoke,Karate Chop,Badge_6,,44
PokemonMansion_Burglar_3,PokemonMansion_Burglar_3_Rapidash_2,POKEMON_MANSION,POKEMON_MANSION_1F,Rapidash,Flamethrower,Badge_6,,44
PokemonMansion_Burglar_3,PokemonMansion_Burglar_3_Rapidash_2,POKEMON_MANSION,POKEMON_MANSION_1F,Rapidash,Agility,Badge_6,,44
PokemonMansion_Burglar_3,PokemonMansion_Burglar_3_Rapidash_2,POKEMON_MANSION,POKEMON_MANSION_1F,Rapidash,Fire Spin,Badge_6,,44
PokemonMansion_Burglar_3,PokemonMansion_Burglar_3_Rapidash_2,POKEMON_MANSION,POKEMON_MANSION_1F,Rapidash,Take Down,Badge_6,,44
PokemonMansion_Scientist_3,PokemonMansion_Scientist_3_Gyarados_1,POKEMON_MANSION,POKEMON_MANSION_1F,Gyarados,Dragon Rage,Badge_6,,46
PokemonMansion_Scientist_3,PokemonMansion_Scientist_3_Gyarados_1,POKEMON_MANSION,POKEMON_MANSION_1F,Gyarados,Leer,Badge_6,,46
PokemonMansion_Scientist_3,PokemonMansion_Scientist_3_Gyarados_1,POKEMON_MANSION,POKEMON_MANSION_1F,Gyarados,Thrash,Badge_6,,46
PokemonMansion_Scientist_3,PokemonMansion_Scientist_3_Gyarados_1,POKEMON_MANSION,POKEMON_MANSION_1F,Gyarados,Hydro Pump,Badge_6,,46
PokemonMansion_Scientist_3,PokemonMansion_Scientist_3_Electrode_2,POKEMON_MANSION,POKEMON_MANSION_1F,Electrode,Swift,Badge_6,,46
PokemonMansion_Scientist_3,PokemonMansion_Scientist_3_Electrode_2,POKEMON_MANSION,POKEMON_MANSION_1F,Electrode,Light Screen,Badge_6,,46
PokemonMansion_Scientist_3,PokemonMansion_Scientist_3_Electrode_2,POKEMON_MANSION,POKEMON_MANSION_1F,Electrode,Thunderbolt,Badge_6,,46
PokemonMansion_Scientist_3,PokemonMansion_Scientist_3_Electrode_2,POKEMON_MANSION,POKEMON_MANSION_1F,Electrode,Explosion,Badge_6,,46
CinnabarGym_Burglar_1,CinnabarGym_Burglar_1_Flareon_1,CINNABAR_GYM,CINNABAR_ISLAND,Flareon,Flamethrower,Badge_7,,48
CinnabarGym_Burglar_1,CinnabarGym_Burglar_1_Flareon_1,CINNABAR_GYM,CINNABAR_ISLAND,Flareon,Double Edge,Badge_7,,48
CinnabarGym_Burglar_1,CinnabarGym_Burglar_1_Flareon_1,CINNABAR_GYM,CINNABAR_ISLAND,Flareon,Growth,Badge_7,,48
CinnabarGym_Burglar_1,CinnabarGym_Burglar_1_Flareon_1,CINNABAR_GYM,CINNABAR_ISLAND,Flareon,Fire Spin,Badge_7,,48
CinnabarGym_Burglar_1,CinnabarGym_Burglar_1_Exeggutor_2,CINNABAR_GYM,CINNABAR_ISLAND,Exeggutor,Stun Spore,Badge_7,,48
CinnabarGym_Burglar_1,CinnabarGym_Burglar_1_Exeggutor_2,CINNABAR_GYM,CINNABAR_ISLAND,Exeggutor,Egg Bomb,Badge_7,,48
CinnabarGym_Burglar_1,CinnabarGym_Burglar_1_Exeggutor_2,CINNABAR_GYM,CINNABAR_ISLAND,Exeggutor,Psychic,Badge_7,,48
CinnabarGym_Burglar_1,CinnabarGym_Burglar_1_Exeggutor_2,CINNABAR_GYM,CINNABAR_ISLAND,Exeggutor,Sleep Powder,Badge_7,,48
CinnabarGym_Super_Nerd_1,CinnabarGym_Super_Nerd_1_Shellder_1,CINNABAR_GYM,CINNABAR_ISLAND,Shellder,Aurora Beam,Badge_7,,49
CinnabarGym_Super_Nerd_1,CinnabarGym_Super_Nerd_1_Shellder_1,CINNABAR_GYM,CINNABAR_ISLAND,Shellder,Bubblebeam,Badge_7,,49
CinnabarGym_Super_Nerd_1,CinnabarGym_Super_Nerd_1_Shellder_1,CINNABAR_GYM,CINNABAR_ISLAND,Shellder,Ice Beam,Badge_7,,49
CinnabarGym_Super_Nerd_1,CinnabarGym_Super_Nerd_1_Shellder_1,CINNABAR_GYM,CINNABAR_ISLAND,Shellder,Clamp,Badge_7,,49
CinnabarGym_Super_Nerd_1,CinnabarGym_Super_Nerd_1_Exeggutor_2,CINNABAR_GYM,CINNABAR_ISLAND,Exeggutor,Stun Spore,Badge_7,,49
CinnabarGym_Super_Nerd_1,CinnabarGym_Super_Nerd_1_Exeggutor_2,CINNABAR_GYM,CINNABAR_ISLAND,Exeggutor,Egg Bomb,Badge_7,,49
CinnabarGym_Super_Nerd_1,CinnabarGym_Super_Nerd_1_Exeggutor_2,CINNABAR_GYM,CINNABAR_ISLAND,Exeggutor,Psychic,Badge_7,,49
CinnabarGym_Super_Nerd_1,CinnabarGym_Super_Nerd_1_Exeggutor_2,CINNABAR_GYM,CINNABAR_ISLAND,Exeggutor,Sleep Powder,Badge_7,,49
CinnabarGym_Super_Nerd_2,CinnabarGym_Super_Nerd_2_Ponyta_1,CINNABAR_GYM,CINNABAR_ISLAND,Ponyta,Agility,Badge_7,,53
CinnabarGym_Super_Nerd_2,CinnabarGym_Super_Nerd_2_Ponyta_1,CINNABAR_GYM,CINNABAR_ISLAND,Ponyta,Fire Spin,Badge_7,,53
CinnabarGym_Super_Nerd_2,CinnabarGym_Super_Nerd_2_Ponyta_1,CINNABAR_GYM,CINNABAR_ISLAND,Ponyta,Take Down,Badge_7,,53
CinnabarGym_Super_Nerd_2,CinnabarGym_Super_Nerd_2_Ponyta_1,CINNABAR_GYM,CINNABAR_ISLAND,Ponyta,Fire Blast,Badge_7,,53
CinnabarGym_Super_Nerd_2,CinnabarGym_Super_Nerd_2_Charmeleon_2,CINNABAR_GYM,CINNABAR_ISLAND,Charmeleon,Bite,Badge_7,,53
CinnabarGym_Super_Nerd_2,CinnabarGym_Super_Nerd_2_Charmeleon_2,CINNABAR_GYM,CINNABAR_ISLAND,Charmeleon,Slash,Badge_7,,53
CinnabarGym_Super_Nerd_2,CinnabarGym_Super_Nerd_2_Charmeleon_2,CINNABAR_GYM,CINNABAR_ISLAND,Charmeleon,Flamethrower,Badge_7,,53
CinnabarGym_Super_Nerd_2,CinnabarGym_Super_Nerd_2_Charmeleon_2,CINNABAR_GYM,CINNABAR_ISLAND,Charmeleon,Slam,Badge_7,,53
CinnabarGym_Super_Nerd_2,CinnabarGym_Super_Nerd_2_Shellder_3,CINNABAR_GYM,CINNABAR_ISLAND,Shellder,Bubblebeam,Badge_7,,53
CinnabarGym_Super_Nerd_2,CinnabarGym_Super_Nerd_2_Shellder_3,CINNABAR_GYM,CINNABAR_ISLAND,Shellder,Ice Beam,Badge_7,,53
CinnabarGym_Super_Nerd_2,CinnabarGym_Super_Nerd_2_Shellder_3,CINNABAR_GYM,CINNABAR_ISLAND,Shellder,Clamp,Badge_7,,53
CinnabarGym_Super_Nerd_2,CinnabarGym_Super_Nerd_2_Shellder_3,CINNABAR_GYM,CINNABAR_ISLAND,Shellder,Blizzard,Badge_7,,53
CinnabarGym_Super_Nerd_2,CinnabarGym_Super_Nerd_2_Magnemite_4,CINNABAR_GYM,CINNABAR_ISLAND,Magnemite,Reflect,Badge_7,,53
CinnabarGym_Super_Nerd_2,CinnabarGym_Super_Nerd_2_Magnemite_4,CINNABAR_GYM,CINNABAR_ISLAND,Magnemite,Thunderbolt,Badge_7,,53
CinnabarGym_Super_Nerd_2,CinnabarGym_Super_Nerd_2_Magnemite_4,CINNABAR_GYM,CINNABAR_ISLAND,Magnemite,Screech,Badge_7,,53
CinnabarGym_Super_Nerd_2,CinnabarGym_Super_Nerd_2_Magnemite_4,CINNABAR_GYM,CINNABAR_ISLAND,Magnemite,Thunder,Badge_7,,53
CinnabarGym_Burglar_2,CinnabarGym_Burglar_2_Rapidash_1,CINNABAR_GYM,CINNABAR_ISLAND,Rapidash,Fire Spin,Badge_7,,51
CinnabarGym_Burglar_2,CinnabarGym_Burglar_2_Rapidash_1,CINNABAR_GYM,CINNABAR_ISLAND,Rapidash,Take Down,Badge_7,,51
CinnabarGym_Burglar_2,CinnabarGym_Burglar_2_Rapidash_1,CINNABAR_GYM,CINNABAR_ISLAND,Rapidash,Fire Blast,Badge_7,,51
CinnabarGym_Burglar_2,CinnabarGym_Burglar_2_Rapidash_1,CINNABAR_GYM,CINNABAR_ISLAND,Rapidash,Hi Jump Kick,Badge_7,,51
CinnabarGym_Super_Nerd_3,CinnabarGym_Super_Nerd_3_Rapidash_1,CINNABAR_GYM,CINNABAR_ISLAND,Rapidash,Fire Spin,Badge_7,,52
CinnabarGym_Super_Nerd_3,CinnabarGym_Super_Nerd_3_Rapidash_1,CINNABAR_GYM,CINNABAR_ISLAND,Rapidash,Take Down,Badge_7,,52
CinnabarGym_Super_Nerd_3,CinnabarGym_Super_Nerd_3_Rapidash_1,CINNABAR_GYM,CINNABAR_ISLAND,Rapidash,Fire Blast,Badge_7,,52
CinnabarGym_Super_Nerd_3,CinnabarGym_Super_Nerd_3_Rapidash_1,CINNABAR_GYM,CINNABAR_ISLAND,Rapidash,Hi Jump Kick,Badge_7,,52
CinnabarGym_Burglar_3,CinnabarGym_Burglar_3_Shellder_1,CINNABAR_GYM,CINNABAR_ISLAND,Shellder,Bubblebeam,Badge_7,,54
CinnabarGym_Burglar_3,CinnabarGym_Burglar_3_Shellder_1,CINNABAR_GYM,CINNABAR_ISLAND,Shellder,Ice Beam,Badge_7,,54
CinnabarGym_Burglar_3,CinnabarGym_Burglar_3_Shellder_1,CINNABAR_GYM,CINNABAR_ISLAND,Shellder,Clamp,Badge_7,,54
CinnabarGym_Burglar_3,CinnabarGym_Burglar_3_Shellder_1,CINNABAR_GYM,CINNABAR_ISLAND,Shellder,Blizzard,Badge_7,,54
CinnabarGym_Burglar_3,CinnabarGym_Burglar_3_Magnemite_2,CINNABAR_GYM,CINNABAR_ISLAND,Magnemite,Reflect,Badge_7,,54
CinnabarGym_Burglar_3,CinnabarGym_Burglar_3_Magnemite_2,CINNABAR_GYM,CINNABAR_ISLAND,Magnemite,Thunderbolt,Badge_7,,54
CinnabarGym_Burglar_3,CinnabarGym_Burglar_3_Magnemite_2,CINNABAR_GYM,CINNABAR_ISLAND,Magnemite,Screech,Badge_7,,54
CinnabarGym_Burglar_3,CinnabarGym_Burglar_3_Magnemite_2,CINNABAR_GYM,CINNABAR_ISLAND,Magnemite,Thunder,Badge_7,,54
CinnabarGym_Super_Nerd_4,CinnabarGym_Super_Nerd_4_Charmeleon_1,CINNABAR_GYM,CINNABAR_ISLAND,Charmeleon,Bite,Badge_7,,50
CinnabarGym_Super_Nerd_4,CinnabarGym_Super_Nerd_4_Charmeleon_1,CINNABAR_GYM,CINNABAR_ISLAND,Charmeleon,Slash,Badge_7,,50
CinnabarGym_Super_Nerd_4,CinnabarGym_Super_Nerd_4_Charmeleon_1,CINNABAR_GYM,CINNABAR_ISLAND,Charmeleon,Flamethrower,Badge_7,,50
CinnabarGym_Super_Nerd_4,CinnabarGym_Super_Nerd_4_Charmeleon_1,CINNABAR_GYM,CINNABAR_ISLAND,Charmeleon,Slam,Badge_7,,50
CinnabarGym_Super_Nerd_4,CinnabarGym_Super_Nerd_4_Flareon_2,CINNABAR_GYM,CINNABAR_ISLAND,Flareon,Flamethrower,Badge_7,,50
CinnabarGym_Super_Nerd_4,CinnabarGym_Super_Nerd_4_Flareon_2,CINNABAR_GYM,CINNABAR_ISLAND,Flareon,Double Edge,Badge_7,,50
CinnabarGym_Super_Nerd_4,CinnabarGym_Super_Nerd_4_Flareon_2,CINNABAR_GYM,CINNABAR_ISLAND,Flareon,Growth,Badge_7,,50
CinnabarGym_Super_Nerd_4,CinnabarGym_Super_Nerd_4_Flareon_2,CINNABAR_GYM,CINNABAR_ISLAND,Flareon,Fire Spin,Badge_7,,50
CinnabarGym_Fisherman_1,CinnabarGym_Fisherman_1_Seaking_1,CINNABAR_GYM,CINNABAR_ISLAND,Seaking,Horn Attack,Badge_7,,40
CinnabarGym_Fisherman_1,CinnabarGym_Fisherman_1_Seaking_1,CINNABAR_GYM,CINNABAR_ISLAND,Seaking,Waterfall,Badge_7,,40
CinnabarGym_Fisherman_1,CinnabarGym_Fisherman_1_Seaking_1,CINNABAR_GYM,CINNABAR_ISLAND,Seaking,Fury Attack,Badge_7,,40
CinnabarGym_Fisherman_1,CinnabarGym_Fisherman_1_Seaking_1,CINNABAR_GYM,CINNABAR_ISLAND,Seaking,Drill Peck,Badge_7,,40
CinnabarGym_Fisherman_1,CinnabarGym_Fisherman_1_Goldeen_2,CINNABAR_GYM,CINNABAR_ISLAND,Goldeen,Horn Attack,Badge_7,,40
CinnabarGym_Fisherman_1,CinnabarGym_Fisherman_1_Goldeen_2,CINNABAR_GYM,CINNABAR_ISLAND,Goldeen,Waterfall,Badge_7,,40
CinnabarGym_Fisherman_1,CinnabarGym_Fisherman_1_Goldeen_2,CINNABAR_GYM,CINNABAR_ISLAND,Goldeen,Fury Attack,Badge_7,,40
CinnabarGym_Fisherman_1,CinnabarGym_Fisherman_1_Goldeen_2,CINNABAR_GYM,CINNABAR_ISLAND,Goldeen,Drill Peck,Badge_7,,40
CinnabarGym_Fisherman_1,CinnabarGym_Fisherman_1_Seaking_2,CINNABAR_GYM,CINNABAR_ISLAND,Seaking,Horn Attack,Badge_7,,40
CinnabarGym_Fisherman_1,CinnabarGym_Fisherman_1_Seaking_2,CINNABAR_GYM,CINNABAR_ISLAND,Seaking,Waterfall,Badge_7,,40
CinnabarGym_Fisherman_1,CinnabarGym_Fisherman_1_Seaking_2,CINNABAR_GYM,CINNABAR_ISLAND,Seaking,Fury Attack,Badge_7,,40
CinnabarGym_Fisherman_1,CinnabarGym_Fisherman_1_Seaking_2,CINNABAR_GYM,CINNABAR_ISLAND,Seaking,Drill Peck,Badge_7,,40
CinnabarGym_Fisherman_1,CinnabarGym_Fisherman_1_Seaking_3,CINNABAR_GYM,CINNABAR_ISLAND,Seaking,Horn Attack,Badge_7,,40
CinnabarGym_Fisherman_1,CinnabarGym_Fisherman_1_Seaking_3,CINNABAR_GYM,CINNABAR_ISLAND,Seaking,Waterfall,Badge_7,,40
CinnabarGym_Fisherman_1,CinnabarGym_Fisherman_1_Seaking_3,CINNABAR_GYM,CINNABAR_ISLAND,Seaking,Fury Attack,Badge_7,,40
CinnabarGym_Fisherman_1,CinnabarGym_Fisherman_1_Seaking_3,CINNABAR_GYM,CINNABAR_ISLAND,Seaking,Drill Peck,Badge_7,,40
CinnabarGym_Fisherman_2,CinnabarGym_Fisherman_2_Magikarp_1,CINNABAR_GYM,CINNABAR_ISLAND,Magikarp,Splash,Badge_7,,30
CinnabarGym_Fisherman_2,CinnabarGym_Fisherman_2_Magikarp_1,CINNABAR_GYM,CINNABAR_ISLAND,Magikarp,Tackle,Badge_7,,30
CinnabarGym_Fisherman_2,CinnabarGym_Fisherman_2_Gyarados_2,CINNABAR_GYM,CINNABAR_ISLAND,Gyarados,Waterfall,Badge_7,,38
CinnabarGym_Fisherman_2,CinnabarGym_Fisherman_2_Gyarados_2,CINNABAR_GYM,CINNABAR_ISLAND,Gyarados,Dragon Rage,Badge_7,,38
CinnabarGym_Fisherman_2,CinnabarGym_Fisherman_2_Gyarados_2,CINNABAR_GYM,CINNABAR_ISLAND,Gyarados,Leer,Badge_7,,38
CinnabarGym_Fisherman_2,CinnabarGym_Fisherman_2_Gyarados_2,CINNABAR_GYM,CINNABAR_ISLAND,Gyarados,Thrash,Badge_7,,38
CinnabarGym_Fisherman_2,CinnabarGym_Fisherman_2_Gyarados_3,CINNABAR_GYM,CINNABAR_ISLAND,Gyarados,Waterfall,Badge_7,,38
CinnabarGym_Fisherman_2,CinnabarGym_Fisherman_2_Gyarados_3,CINNABAR_GYM,CINNABAR_ISLAND,Gyarados,Dragon Rage,Badge_7,,38
CinnabarGym_Fisherman_2,CinnabarGym_Fisherman_2_Gyarados_3,CINNABAR_GYM,CINNABAR_ISLAND,Gyarados,Leer,Badge_7,,38
CinnabarGym_Fisherman_2,CinnabarGym_Fisherman_2_Gyarados_3,CINNABAR_GYM,CINNABAR_ISLAND,Gyarados,Thrash,Badge_7,,38
CinnabarGym_Fisherman_2,CinnabarGym_Fisherman_2_Gyarados_4,CINNABAR_GYM,CINNABAR_ISLAND,Gyarados,Waterfall,Badge_7,,38
CinnabarGym_Fisherman_2,CinnabarGym_Fisherman_2_Gyarados_4,CINNABAR_GYM,CINNABAR_ISLAND,Gyarados,Dragon Rage,Badge_7,,38
CinnabarGym_Fisherman_2,CinnabarGym_Fisherman_2_Gyarados_4,CINNABAR_GYM,CINNABAR_ISLAND,Gyarados,Leer,Badge_7,,38
CinnabarGym_Fisherman_2,CinnabarGym_Fisherman_2_Gyarados_4,CINNABAR_GYM,CINNABAR_ISLAND,Gyarados,Thrash,Badge_7,,38
CinnabarGym_Fisherman_2,CinnabarGym_Fisherman_2_Gyarados_6,CINNABAR_GYM,CINNABAR_ISLAND,Gyarados,Waterfall,Badge_7,,40
CinnabarGym_Fisherman_2,CinnabarGym_Fisherman_2_Gyarados_6,CINNABAR_GYM,CINNABAR_ISLAND,Gyarados,Dragon Rage,Badge_7,,40
CinnabarGym_Fisherman_2,CinnabarGym_Fisherman_2_Gyarados_6,CINNABAR_GYM,CINNABAR_ISLAND,Gyarados,Leer,Badge_7,,40
CinnabarGym_Fisherman_2,CinnabarGym_Fisherman_2_Gyarados_6,CINNABAR_GYM,CINNABAR_ISLAND,Gyarados,Thrash,Badge_7,,40
CinnabarGym_Cue_Ball_1,CinnabarGym_Cue_Ball_1_Gyarados_1,CINNABAR_GYM,CINNABAR_ISLAND,Gyarados,Dragon Rage,Badge_7,,42
CinnabarGym_Cue_Ball_1,CinnabarGym_Cue_Ball_1_Gyarados_1,CINNABAR_GYM,CINNABAR_ISLAND,Gyarados,Leer,Badge_7,,42
CinnabarGym_Cue_Ball_1,CinnabarGym_Cue_Ball_1_Gyarados_1,CINNABAR_GYM,CINNABAR_ISLAND,Gyarados,Thrash,Badge_7,,42
CinnabarGym_Cue_Ball_1,CinnabarGym_Cue_Ball_1_Gyarados_1,CINNABAR_GYM,CINNABAR_ISLAND,Gyarados,Hydro Pump,Badge_7,,42
CinnabarGym_Cue_Ball_1,CinnabarGym_Cue_Ball_1_Rhydon_2,CINNABAR_GYM,CINNABAR_ISLAND,Rhydon,Stomp,Badge_7,,42
CinnabarGym_Cue_Ball_1,CinnabarGym_Cue_Ball_1_Rhydon_2,CINNABAR_GYM,CINNABAR_ISLAND,Rhydon,Rock Throw,Badge_7,,42
CinnabarGym_Cue_Ball_1,CinnabarGym_Cue_Ball_1_Rhydon_2,CINNABAR_GYM,CINNABAR_ISLAND,Rhydon,Dig,Badge_7,,42
CinnabarGym_Cue_Ball_1,CinnabarGym_Cue_Ball_1_Rhydon_2,CINNABAR_GYM,CINNABAR_ISLAND,Rhydon,Rock Slide,Badge_7,,42
CinnabarGym_Cue_Ball_1,CinnabarGym_Cue_Ball_1_Tentacruel_3,CINNABAR_GYM,CINNABAR_ISLAND,Tentacruel,Bubblebeam,Badge_7,,42
CinnabarGym_Cue_Ball_1,CinnabarGym_Cue_Ball_1_Tentacruel_3,CINNABAR_GYM,CINNABAR_ISLAND,Tentacruel,Constrict,Badge_7,,42
CinnabarGym_Cue_Ball_1,CinnabarGym_Cue_Ball_1_Tentacruel_3,CINNABAR_GYM,CINNABAR_ISLAND,Tentacruel,Barrier,Badge_7,,42
CinnabarGym_Cue_Ball_1,CinnabarGym_Cue_Ball_1_Tentacruel_3,CINNABAR_GYM,CINNABAR_ISLAND,Tentacruel,Screech,Badge_7,,42
CinnabarGym_Swimmer_1,CinnabarGym_Swimmer_1_Seadra_1,CINNABAR_GYM,CINNABAR_ISLAND,Seadra,Aurora Beam,Badge_7,,43
CinnabarGym_Swimmer_1,CinnabarGym_Swimmer_1_Seadra_1,CINNABAR_GYM,CINNABAR_ISLAND,Seadra,Waterfall,Badge_7,,43
CinnabarGym_Swimmer_1,CinnabarGym_Swimmer_1_Seadra_1,CINNABAR_GYM,CINNABAR_ISLAND,Seadra,Agility,Badge_7,,43
CinnabarGym_Swimmer_1,CinnabarGym_Swimmer_1_Seadra_1,CINNABAR_GYM,CINNABAR_ISLAND,Seadra,Slam,Badge_7,,43
CinnabarGym_Swimmer_1,CinnabarGym_Swimmer_1_Tentacruel_2,CINNABAR_GYM,CINNABAR_ISLAND,Tentacruel,Constrict,Badge_7,,43
CinnabarGym_Swimmer_1,CinnabarGym_Swimmer_1_Tentacruel_2,CINNABAR_GYM,CINNABAR_ISLAND,Tentacruel,Barrier,Badge_7,,43
CinnabarGym_Swimmer_1,CinnabarGym_Swimmer_1_Tentacruel_2,CINNABAR_GYM,CINNABAR_ISLAND,Tentacruel,Screech,Badge_7,,43
CinnabarGym_Swimmer_1,CinnabarGym_Swimmer_1_Tentacruel_2,CINNABAR_GYM,CINNABAR_ISLAND,Tentacruel,Sludge,Badge_7,,43
Route21_Fisherman_3,Route21_Fisherman_3_Magnemite_1,ROUTE_21,ROUTE_21,Magnemite,Thunder Wave,Badge_6,,41
Route21_Fisherman_3,Route21_Fisherman_3_Magnemite_1,ROUTE_21,ROUTE_21,Magnemite,Swift,Badge_6,,41
Route21_Fisherman_3,Route21_Fisherman_3_Magnemite_1,ROUTE_21,ROUTE_21,Magnemite,Reflect,Badge_6,,41
Route21_Fisherman_3,Route21_Fisherman_3_Magnemite_1,ROUTE_21,ROUTE_21,Magnemite,Thunderbolt,Badge_6,,41
Route21_Fisherman_3,Route21_Fisherman_3_Gyarados_2,ROUTE_21,ROUTE_21,Gyarados,Dragon Rage,Badge_6,,41
Route21_Fisherman_3,Route21_Fisherman_3_Gyarados_2,ROUTE_21,ROUTE_21,Gyarados,Leer,Badge_6,,41
Route21_Fisherman_3,Route21_Fisherman_3_Gyarados_2,ROUTE_21,ROUTE_21,Gyarados,Thrash,Badge_6,,41
Route21_Fisherman_3,Route21_Fisherman_3_Gyarados_2,ROUTE_21,ROUTE_21,Gyarados,Hydro Pump,Badge_6,,41
Route21_Fisherman_4,Route21_Fisherman_4_Seaking_1,ROUTE_21,ROUTE_21,Seaking,Horn Attack,Badge_6,,40
Route21_Fisherman_4,Route21_Fisherman_4_Seaking_1,ROUTE_21,ROUTE_21,Seaking,Waterfall,Badge_6,,40
Route21_Fisherman_4,Route21_Fisherman_4_Seaking_1,ROUTE_21,ROUTE_21,Seaking,Fury Attack,Badge_6,,40
Route21_Fisherman_4,Route21_Fisherman_4_Seaking_1,ROUTE_21,ROUTE_21,Seaking,Drill Peck,Badge_6,,40
Route21_Fisherman_4,Route21_Fisherman_4_Tentacruel_2,ROUTE_21,ROUTE_21,Tentacruel,Bubblebeam,Badge_6,,40
Route21_Fisherman_4,Route21_Fisherman_4_Tentacruel_2,ROUTE_21,ROUTE_21,Tentacruel,Constrict,Badge_6,,40
Route21_Fisherman_4,Route21_Fisherman_4_Tentacruel_2,ROUTE_21,ROUTE_21,Tentacruel,Barrier,Badge_6,,40
Route21_Fisherman_4,Route21_Fisherman_4_Tentacruel_2,ROUTE_21,ROUTE_21,Tentacruel,Screech,Badge_6,,40
Route21_Swimmer_2,Route21_Swimmer_2_Starmie_1,ROUTE_21,ROUTE_21,Starmie,Minimize,Badge_6,,47
Route21_Swimmer_2,Route21_Swimmer_2_Starmie_1,ROUTE_21,ROUTE_21,Starmie,Psychic,Badge_6,,47
Route21_Swimmer_2,Route21_Swimmer_2_Starmie_1,ROUTE_21,ROUTE_21,Starmie,Light Screen,Badge_6,,47
Route21_Swimmer_2,Route21_Swimmer_2_Starmie_1,ROUTE_21,ROUTE_21,Starmie,Hydro Pump,Badge_6,,47
Route21_Swimmer_3,Route21_Swimmer_3_Tentacruel_1,ROUTE_21,ROUTE_21,Tentacruel,Constrict,Badge_6,,44
Route21_Swimmer_3,Route21_Swimmer_3_Tentacruel_1,ROUTE_21,ROUTE_21,Tentacruel,Barrier,Badge_6,,44
Route21_Swimmer_3,Route21_Swimmer_3_Tentacruel_1,ROUTE_21,ROUTE_21,Tentacruel,Screech,Badge_6,,44
Route21_Swimmer_3,Route21_Swimmer_3_Tentacruel_1,ROUTE_21,ROUTE_21,Tentacruel,Sludge,Badge_6,,44
Route21_Swimmer_3,Route21_Swimmer_3_Blastoise_2,ROUTE_21,ROUTE_21,Blastoise,Body Slam,Badge_6,,44
Route21_Swimmer_3,Route21_Swimmer_3_Blastoise_2,ROUTE_21,ROUTE_21,Blastoise,Withdraw,Badge_6,,44
Route21_Swimmer_3,Route21_Swimmer_3_Blastoise_2,ROUTE_21,ROUTE_21,Blastoise,Waterfall,Badge_6,,44
Route21_Swimmer_3,Route21_Swimmer_3_Blastoise_2,ROUTE_21,ROUTE_21,Blastoise,Skull Bash,Badge_6,,44
Route21_Swimmer_4,Route21_Swimmer_4_Poliwhirl_1,ROUTE_21,ROUTE_21,Poliwhirl,Karate Chop,Badge_6,,44
Route21_Swimmer_4,Route21_Swimmer_4_Poliwhirl_1,ROUTE_21,ROUTE_21,Poliwhirl,Ice Punch,Badge_6,,44
Route21_Swimmer_4,Route21_Swimmer_4_Poliwhirl_1,ROUTE_21,ROUTE_21,Poliwhirl,Body Slam,Badge_6,,44
Route21_Swimmer_4,Route21_Swimmer_4_Poliwhirl_1,ROUTE_21,ROUTE_21,Poliwhirl,Hypnosis,Badge_6,,44
Route21_Swimmer_4,Route21_Swimmer_4_Kingler_2,ROUTE_21,ROUTE_21,Kingler,Cut,Badge_6,,44
Route21_Swimmer_4,Route21_Swimmer_4_Kingler_2,ROUTE_21,ROUTE_21,Kingler,Stomp,Badge_6,,44
Route21_Swimmer_4,Route21_Swimmer_4_Kingler_2,ROUTE_21,ROUTE_21,Kingler,Crabhammer,Badge_6,,44
Route21_Swimmer_4,Route21_Swimmer_4_Kingler_2,ROUTE_21,ROUTE_21,Kingler,Harden,Badge_6,,44
Route21_Swimmer_4,Route21_Swimmer_4_Seadra_3,ROUTE_21,ROUTE_21,Seadra,Aurora Beam,Badge_6,,44
Route21_Swimmer_4,Route21_Swimmer_4_Seadra_3,ROUTE_21,ROUTE_21,Seadra,Waterfall,Badge_6,,44
Route21_Swimmer_4,Route21_Swimmer_4_Seadra_3,ROUTE_21,ROUTE_21,Seadra,Agility,Badge_6,,44
Route21_Swimmer_4,Route21_Swimmer_4_Seadra_3,ROUTE_21,ROUTE_21,Seadra,Slam,Badge_6,,44
ViridianGym_Cooltrainer_1,ViridianGym_Cooltrainer_1_Sandslash_1,VIRIDIAN_GYM,POWER_PLANT,Sandslash,Swift,Badge_8,,53
ViridianGym_Cooltrainer_1,ViridianGym_Cooltrainer_1_Sandslash_1,VIRIDIAN_GYM,POWER_PLANT,Sandslash,Slash,Badge_8,,53
ViridianGym_Cooltrainer_1,ViridianGym_Cooltrainer_1_Sandslash_1,VIRIDIAN_GYM,POWER_PLANT,Sandslash,Earthquake,Badge_8,,53
ViridianGym_Cooltrainer_1,ViridianGym_Cooltrainer_1_Sandslash_1,VIRIDIAN_GYM,POWER_PLANT,Sandslash,Swords Dance,Badge_8,,53
ViridianGym_Cooltrainer_1,ViridianGym_Cooltrainer_1_Marowak_2,VIRIDIAN_GYM,POWER_PLANT,Marowak,Focus Energy,Badge_8,,53
ViridianGym_Cooltrainer_1,ViridianGym_Cooltrainer_1_Marowak_2,VIRIDIAN_GYM,POWER_PLANT,Marowak,Bonemerang,Badge_8,,53
ViridianGym_Cooltrainer_1,ViridianGym_Cooltrainer_1_Marowak_2,VIRIDIAN_GYM,POWER_PLANT,Marowak,Thrash,Badge_8,,53
ViridianGym_Cooltrainer_1,ViridianGym_Cooltrainer_1_Marowak_2,VIRIDIAN_GYM,POWER_PLANT,Marowak,Earthquake,Badge_8,,53
ViridianGym_Blackbelt_1,ViridianGym_Blackbelt_1_Poliwrath_1,VIRIDIAN_GYM,POWER_PLANT,Poliwrath,Ice Punch,Badge_8,,52
ViridianGym_Blackbelt_1,ViridianGym_Blackbelt_1_Poliwrath_1,VIRIDIAN_GYM,POWER_PLANT,Poliwrath,Body Slam,Badge_8,,52
ViridianGym_Blackbelt_1,ViridianGym_Blackbelt_1_Poliwrath_1,VIRIDIAN_GYM,POWER_PLANT,Poliwrath,Hypnosis,Badge_8,,52
ViridianGym_Blackbelt_1,ViridianGym_Blackbelt_1_Poliwrath_1,VIRIDIAN_GYM,POWER_PLANT,Poliwrath,Amnesia,Badge_8,,52
ViridianGym_Blackbelt_1,ViridianGym_Blackbelt_1_Machoke_2,VIRIDIAN_GYM,POWER_PLANT,Machoke,Submission,Badge_8,,52
ViridianGym_Blackbelt_1,ViridianGym_Blackbelt_1_Machoke_2,VIRIDIAN_GYM,POWER_PLANT,Machoke,Body Slam,Badge_8,,52
ViridianGym_Blackbelt_1,ViridianGym_Blackbelt_1_Machoke_2,VIRIDIAN_GYM,POWER_PLANT,Machoke,Counter,Badge_8,,52
ViridianGym_Blackbelt_1,ViridianGym_Blackbelt_1_Machoke_2,VIRIDIAN_GYM,POWER_PLANT,Machoke,Karate Chop,Badge_8,,52
ViridianGym_Tamer_1,ViridianGym_Tamer_1_Rhyhorn_1,VIRIDIAN_GYM,POWER_PLANT,Rhyhorn,Rock Slide,Badge_8,,55
ViridianGym_Tamer_1,ViridianGym_Tamer_1_Rhyhorn_1,VIRIDIAN_GYM,POWER_PLANT,Rhyhorn,Earthquake,Badge_8,,55
ViridianGym_Tamer_1,ViridianGym_Tamer_1_Rhyhorn_1,VIRIDIAN_GYM,POWER_PLANT,Rhyhorn,Take Down,Badge_8,,55
ViridianGym_Tamer_1,ViridianGym_Tamer_1_Rhyhorn_1,VIRIDIAN_GYM,POWER_PLANT,Rhyhorn,Horn Drill,Badge_8,,55
ViridianGym_Tamer_2,ViridianGym_Tamer_2_Arbok_1,VIRIDIAN_GYM,POWER_PLANT,Arbok,Glare,Badge_8,,53
ViridianGym_Tamer_2,ViridianGym_Tamer_2_Arbok_1,VIRIDIAN_GYM,POWER_PLANT,Arbok,Screech,Badge_8,,53
ViridianGym_Tamer_2,ViridianGym_Tamer_2_Arbok_1,VIRIDIAN_GYM,POWER_PLANT,Arbok,Sludge,Badge_8,,53
ViridianGym_Tamer_2,ViridianGym_Tamer_2_Arbok_1,VIRIDIAN_GYM,POWER_PLANT,Arbok,Wrap,Badge_8,,53
ViridianGym_Tamer_2,ViridianGym_Tamer_2_Tauros_2,VIRIDIAN_GYM,POWER_PLANT,Tauros,Rage,Badge_8,,53
ViridianGym_Tamer_2,ViridianGym_Tamer_2_Tauros_2,VIRIDIAN_GYM,POWER_PLANT,Tauros,Take Down,Badge_8,,53
ViridianGym_Tamer_2,ViridianGym_Tamer_2_Tauros_2,VIRIDIAN_GYM,POWER_PLANT,Tauros,Thrash,Badge_8,,53
ViridianGym_Tamer_2,ViridianGym_Tamer_2_Tauros_2,VIRIDIAN_GYM,POWER_PLANT,Tauros,Double Edge,Badge_8,,53
ViridianGym_Blackbelt_3,ViridianGym_Blackbelt_3_Machoke_1,VIRIDIAN_GYM,POWER_PLANT,Machoke,Submission,Badge_8,,53
ViridianGym_Blackbelt_3,ViridianGym_Blackbelt_3_Machoke_1,VIRIDIAN_GYM,POWER_PLANT,Machoke,Body Slam,Badge_8,,53
ViridianGym_Blackbelt_3,ViridianGym_Blackbelt_3_Machoke_1,VIRIDIAN_GYM,POWER_PLANT,Machoke,Counter,Badge_8,,53
ViridianGym_Blackbelt_3,ViridianGym_Blackbelt_3_Machoke_1,VIRIDIAN_GYM,POWER_PLANT,Machoke,Karate Chop,Badge_8,,53
ViridianGym_Blackbelt_3,ViridianGym_Blackbelt_3_Hitmonlee_2,VIRIDIAN_GYM,POWER_PLANT,Hitmonlee,Rolling Kick,Badge_8,,53
ViridianGym_Blackbelt_3,ViridianGym_Blackbelt_3_Hitmonlee_2,VIRIDIAN_GYM,POWER_PLANT,Hitmonlee,Jump Kick,Badge_8,,53
ViridianGym_Blackbelt_3,ViridianGym_Blackbelt_3_Hitmonlee_2,VIRIDIAN_GYM,POWER_PLANT,Hitmonlee,Hi Jump Kick,Badge_8,,53
ViridianGym_Blackbelt_3,ViridianGym_Blackbelt_3_Hitmonlee_2,VIRIDIAN_GYM,POWER_PLANT,Hitmonlee,Mega Kick,Badge_8,,53
ViridianGym_Cooltrainer_3,ViridianGym_Cooltrainer_3_Nidoqueen_1,VIRIDIAN_GYM,POWER_PLANT,Nidoqueen,Headbutt,Badge_8,,52
ViridianGym_Cooltrainer_3,ViridianGym_Cooltrainer_3_Nidoqueen_1,VIRIDIAN_GYM,POWER_PLANT,Nidoqueen,Double Kick,Badge_8,,52
ViridianGym_Cooltrainer_3,ViridianGym_Cooltrainer_3_Nidoqueen_1,VIRIDIAN_GYM,POWER_PLANT,Nidoqueen,Sludge,Badge_8,,52
ViridianGym_Cooltrainer_3,ViridianGym_Cooltrainer_3_Nidoqueen_1,VIRIDIAN_GYM,POWER_PLANT,Nidoqueen,Earthquake,Badge_8,,52
ViridianGym_Cooltrainer_3,ViridianGym_Cooltrainer_3_Nidoking_2,VIRIDIAN_GYM,POWER_PLANT,Nidoking,Sludge,Badge_8,,52
ViridianGym_Cooltrainer_3,ViridianGym_Cooltrainer_3_Nidoking_2,VIRIDIAN_GYM,POWER_PLANT,Nidoking,Fury Attack,Badge_8,,52
ViridianGym_Cooltrainer_3,ViridianGym_Cooltrainer_3_Nidoking_2,VIRIDIAN_GYM,POWER_PLANT,Nidoking,Earthquake,Badge_8,,52
ViridianGym_Cooltrainer_3,ViridianGym_Cooltrainer_3_Nidoking_2,VIRIDIAN_GYM,POWER_PLANT,Nidoking,Horn Drill,Badge_8,,52
VictoryRoad1F_Bug_Catcher_1,VictoryRoad1F_Bug_Catcher_1_Scyther_1,VICTORY_ROAD_1F,VICTORY_ROAD_1F,Scyther,Wing Attack,Elite 4,,53
VictoryRoad1F_Bug_Catcher_1,VictoryRoad1F_Bug_Catcher_1_Scyther_1,VICTORY_ROAD_1F,VICTORY_ROAD_1F,Scyther,Slash,Elite 4,,53
VictoryRoad1F_Bug_Catcher_1,VictoryRoad1F_Bug_Catcher_1_Scyther_1,VICTORY_ROAD_1F,VICTORY_ROAD_1F,Scyther,Twineedle,Elite 4,,53
VictoryRoad1F_Bug_Catcher_1,VictoryRoad1F_Bug_Catcher_1_Scyther_1,VICTORY_ROAD_1F,VICTORY_ROAD_1F,Scyther,Double Team,Elite 4,,53
VictoryRoad1F_Bug_Catcher_1,VictoryRoad1F_Bug_Catcher_1_Kabutops_2,VICTORY_ROAD_1F,VICTORY_ROAD_1F,Kabutops,Slash,Elite 4,,53
VictoryRoad1F_Bug_Catcher_1,VictoryRoad1F_Bug_Catcher_1_Kabutops_2,VICTORY_ROAD_1F,VICTORY_ROAD_1F,Kabutops,Swords Dance,Elite 4,,53
VictoryRoad1F_Bug_Catcher_1,VictoryRoad1F_Bug_Catcher_1_Kabutops_2,VICTORY_ROAD_1F,VICTORY_ROAD_1F,Kabutops,Rock Slide,Elite 4,,53
VictoryRoad1F_Bug_Catcher_1,VictoryRoad1F_Bug_Catcher_1_Kabutops_2,VICTORY_ROAD_1F,VICTORY_ROAD_1F,Kabutops,Hydro Pump,Elite 4,,53
VictoryRoad1F_Bug_Catcher_1,VictoryRoad1F_Bug_Catcher_1_Starmie_3,VICTORY_ROAD_1F,VICTORY_ROAD_1F,Starmie,Minimize,Elite 4,,53
VictoryRoad1F_Bug_Catcher_1,VictoryRoad1F_Bug_Catcher_1_Starmie_3,VICTORY_ROAD_1F,VICTORY_ROAD_1F,Starmie,Psychic,Elite 4,,53
VictoryRoad1F_Bug_Catcher_1,VictoryRoad1F_Bug_Catcher_1_Starmie_3,VICTORY_ROAD_1F,VICTORY_ROAD_1F,Starmie,Light Screen,Elite 4,,53
VictoryRoad1F_Bug_Catcher_1,VictoryRoad1F_Bug_Catcher_1_Starmie_3,VICTORY_ROAD_1F,VICTORY_ROAD_1F,Starmie,Hydro Pump,Elite 4,,53
VictoryRoad1F_Bug_Catcher_1,VictoryRoad1F_Bug_Catcher_1_Blastoise_4,VICTORY_ROAD_1F,VICTORY_ROAD_1F,Blastoise,Waterfall,Elite 4,,53
VictoryRoad1F_Bug_Catcher_1,VictoryRoad1F_Bug_Catcher_1_Blastoise_4,VICTORY_ROAD_1F,VICTORY_ROAD_1F,Blastoise,Skull Bash,Elite 4,,53
VictoryRoad1F_Bug_Catcher_1,VictoryRoad1F_Bug_Catcher_1_Blastoise_4,VICTORY_ROAD_1F,VICTORY_ROAD_1F,Blastoise,Ice Beam,Elite 4,,53
VictoryRoad1F_Bug_Catcher_1,VictoryRoad1F_Bug_Catcher_1_Blastoise_4,VICTORY_ROAD_1F,VICTORY_ROAD_1F,Blastoise,Hydro Pump,Elite 4,,53
VictoryRoad1F_Beauty_1,VictoryRoad1F_Beauty_1_Raichu_1,VICTORY_ROAD_1F,VICTORY_ROAD_1F,Raichu,Thunderbolt,Elite 4,,53
VictoryRoad1F_Beauty_1,VictoryRoad1F_Beauty_1_Raichu_1,VICTORY_ROAD_1F,VICTORY_ROAD_1F,Raichu,Agility,Elite 4,,53
VictoryRoad1F_Beauty_1,VictoryRoad1F_Beauty_1_Raichu_1,VICTORY_ROAD_1F,VICTORY_ROAD_1F,Raichu,Thunder,Elite 4,,53
VictoryRoad1F_Beauty_1,VictoryRoad1F_Beauty_1_Raichu_1,VICTORY_ROAD_1F,VICTORY_ROAD_1F,Raichu,Light Screen,Elite 4,,53
VictoryRoad1F_Beauty_1,VictoryRoad1F_Beauty_1_Drowzee_2,VICTORY_ROAD_1F,VICTORY_ROAD_1F,Drowzee,Psychic,Elite 4,,53
VictoryRoad1F_Beauty_1,VictoryRoad1F_Beauty_1_Drowzee_2,VICTORY_ROAD_1F,VICTORY_ROAD_1F,Drowzee,Meditate,Elite 4,,53
VictoryRoad1F_Beauty_1,VictoryRoad1F_Beauty_1_Drowzee_2,VICTORY_ROAD_1F,VICTORY_ROAD_1F,Drowzee,Hypnosis,Elite 4,,53
VictoryRoad1F_Beauty_1,VictoryRoad1F_Beauty_1_Drowzee_2,VICTORY_ROAD_1F,VICTORY_ROAD_1F,Drowzee,Dream Eater,Elite 4,,53
VictoryRoad1F_Beauty_1,VictoryRoad1F_Beauty_1_Persian_3,VICTORY_ROAD_1F,VICTORY_ROAD_1F,Persian,Screech,Elite 4,,53
VictoryRoad1F_Beauty_1,VictoryRoad1F_Beauty_1_Persian_3,VICTORY_ROAD_1F,VICTORY_ROAD_1F,Persian,Take Down,Elite 4,,53
VictoryRoad1F_Beauty_1,VictoryRoad1F_Beauty_1_Persian_3,VICTORY_ROAD_1F,VICTORY_ROAD_1F,Persian,Slash,Elite 4,,53
VictoryRoad1F_Beauty_1,VictoryRoad1F_Beauty_1_Persian_3,VICTORY_ROAD_1F,VICTORY_ROAD_1F,Persian,Hyper Beam,Elite 4,,53
VictoryRoad1F_Beauty_1,VictoryRoad1F_Beauty_1_Tauros_4,VICTORY_ROAD_1F,VICTORY_ROAD_1F,Tauros,Rage,Elite 4,,53
VictoryRoad1F_Beauty_1,VictoryRoad1F_Beauty_1_Tauros_4,VICTORY_ROAD_1F,VICTORY_ROAD_1F,Tauros,Take Down,Elite 4,,53
VictoryRoad1F_Beauty_1,VictoryRoad1F_Beauty_1_Tauros_4,VICTORY_ROAD_1F,VICTORY_ROAD_1F,Tauros,Thrash,Elite 4,,53
VictoryRoad1F_Beauty_1,VictoryRoad1F_Beauty_1_Tauros_4,VICTORY_ROAD_1F,VICTORY_ROAD_1F,Tauros,Double Edge,Elite 4,,53
VictoryRoad1F_Cooltrainer_1,VictoryRoad1F_Cooltrainer_1_Seadra_1,VICTORY_ROAD_1F,VICTORY_ROAD_1F,Seadra,Waterfall,Elite 4,,53
VictoryRoad1F_Cooltrainer_1,VictoryRoad1F_Cooltrainer_1_Seadra_1,VICTORY_ROAD_1F,VICTORY_ROAD_1F,Seadra,Agility,Elite 4,,53
VictoryRoad1F_Cooltrainer_1,VictoryRoad1F_Cooltrainer_1_Seadra_1,VICTORY_ROAD_1F,VICTORY_ROAD_1F,Seadra,Slam,Elite 4,,53
VictoryRoad1F_Cooltrainer_1,VictoryRoad1F_Cooltrainer_1_Seadra_1,VICTORY_ROAD_1F,VICTORY_ROAD_1F,Seadra,Hydro Pump,Elite 4,,53
VictoryRoad1F_Cooltrainer_1,VictoryRoad1F_Cooltrainer_1_Dragonair_2,VICTORY_ROAD_1F,VICTORY_ROAD_1F,Dragonair,Thunder Wave,Elite 4,,53
VictoryRoad1F_Cooltrainer_1,VictoryRoad1F_Cooltrainer_1_Dragonair_2,VICTORY_ROAD_1F,VICTORY_ROAD_1F,Dragonair,Dragon Rage,Elite 4,,53
VictoryRoad1F_Cooltrainer_1,VictoryRoad1F_Cooltrainer_1_Dragonair_2,VICTORY_ROAD_1F,VICTORY_ROAD_1F,Dragonair,Agility,Elite 4,,53
VictoryRoad1F_Cooltrainer_1,VictoryRoad1F_Cooltrainer_1_Dragonair_2,VICTORY_ROAD_1F,VICTORY_ROAD_1F,Dragonair,Slam,Elite 4,,53
VictoryRoad1F_Cooltrainer_1,VictoryRoad1F_Cooltrainer_1_Venusaur_3,VICTORY_ROAD_1F,VICTORY_ROAD_1F,Venusaur,Razor Leaf,Elite 4,,53
VictoryRoad1F_Cooltrainer_1,VictoryRoad1F_Cooltrainer_1_Venusaur_3,VICTORY_ROAD_1F,VICTORY_ROAD_1F,Venusaur,Sludge,Elite 4,,53
VictoryRoad1F_Cooltrainer_1,VictoryRoad1F_Cooltrainer_1_Venusaur_3,VICTORY_ROAD_1F,VICTORY_ROAD_1F,Venusaur,Growth,Elite 4,,53
VictoryRoad1F_Cooltrainer_1,VictoryRoad1F_Cooltrainer_1_Venusaur_3,VICTORY_ROAD_1F,VICTORY_ROAD_1F,Venusaur,Body Slam,Elite 4,,53
VictoryRoad1F_Cooltrainer_1,VictoryRoad1F_Cooltrainer_1_Drowzee_4,VICTORY_ROAD_1F,VICTORY_ROAD_1F,Drowzee,Psychic,Elite 4,,53
VictoryRoad1F_Cooltrainer_1,VictoryRoad1F_Cooltrainer_1_Drowzee_4,VICTORY_ROAD_1F,VICTORY_ROAD_1F,Drowzee,Meditate,Elite 4,,53
VictoryRoad1F_Cooltrainer_1,VictoryRoad1F_Cooltrainer_1_Drowzee_4,VICTORY_ROAD_1F,VICTORY_ROAD_1F,Drowzee,Hypnosis,Elite 4,,53
VictoryRoad1F_Cooltrainer_1,VictoryRoad1F_Cooltrainer_1_Drowzee_4,VICTORY_ROAD_1F,VICTORY_ROAD_1F,Drowzee,Dream Eater,Elite 4,,53
VictoryRoad1F_Burglar_1,VictoryRoad1F_Burglar_1_Flareon_1,VICTORY_ROAD_1F,VICTORY_ROAD_1F,Flareon,Double Edge,Elite 4,,53
VictoryRoad1F_Burglar_1,VictoryRoad1F_Burglar_1_Flareon_1,VICTORY_ROAD_1F,VICTORY_ROAD_1F,Flareon,Growth,Elite 4,,53
VictoryRoad1F_Burglar_1,VictoryRoad1F_Burglar_1_Flareon_1,VICTORY_ROAD_1F,VICTORY_ROAD_1F,Flareon,Fire Spin,Elite 4,,53
VictoryRoad1F_Burglar_1,VictoryRoad1F_Burglar_1_Flareon_1,VICTORY_ROAD_1F,VICTORY_ROAD_1F,Flareon,Fire Blast,Elite 4,,53
VictoryRoad1F_Burglar_1,VictoryRoad1F_Burglar_1_Tentacruel_2,VICTORY_ROAD_1F,VICTORY_ROAD_1F,Tentacruel,Screech,Elite 4,,53
VictoryRoad1F_Burglar_1,VictoryRoad1F_Burglar_1_Tentacruel_2,VICTORY_ROAD_1F,VICTORY_ROAD_1F,Tentacruel,Sludge,Elite 4,,53
VictoryRoad1F_Burglar_1,VictoryRoad1F_Burglar_1_Tentacruel_2,VICTORY_ROAD_1F,VICTORY_ROAD_1F,Tentacruel,Wrap,Elite 4,,53
VictoryRoad1F_Burglar_1,VictoryRoad1F_Burglar_1_Tentacruel_2,VICTORY_ROAD_1F,VICTORY_ROAD_1F,Tentacruel,Hydro Pump,Elite 4,,53
VictoryRoad1F_Burglar_1,VictoryRoad1F_Burglar_1_Exeggutor_3,VICTORY_ROAD_1F,VICTORY_ROAD_1F,Exeggutor,Stun Spore,Elite 4,,53
VictoryRoad1F_Burglar_1,VictoryRoad1F_Burglar_1_Exeggutor_3,VICTORY_ROAD_1F,VICTORY_ROAD_1F,Exeggutor,Egg Bomb,Elite 4,,53
VictoryRoad1F_Burglar_1,VictoryRoad1F_Burglar_1_Exeggutor_3,VICTORY_ROAD_1F,VICTORY_ROAD_1F,Exeggutor,Psychic,Elite 4,,53
VictoryRoad1F_Burglar_1,VictoryRoad1F_Burglar_1_Exeggutor_3,VICTORY_ROAD_1F,VICTORY_ROAD_1F,Exeggutor,Sleep Powder,Elite 4,,53
VictoryRoad1F_Burglar_1,VictoryRoad1F_Burglar_1_Dewgong_4,VICTORY_ROAD_1F,VICTORY_ROAD_1F,Dewgong,Bubblebeam,Elite 4,,53
VictoryRoad1F_Burglar_1,VictoryRoad1F_Burglar_1_Dewgong_4,VICTORY_ROAD_1F,VICTORY_ROAD_1F,Dewgong,Take Down,Elite 4,,53
VictoryRoad1F_Burglar_1,VictoryRoad1F_Burglar_1_Dewgong_4,VICTORY_ROAD_1F,VICTORY_ROAD_1F,Dewgong,Ice Beam,Elite 4,,53
VictoryRoad1F_Burglar_1,VictoryRoad1F_Burglar_1_Dewgong_4,VICTORY_ROAD_1F,VICTORY_ROAD_1F,Dewgong,Blizzard,Elite 4,,53
VictoryRoad1F_Blackbelt_1,VictoryRoad1F_Blackbelt_1_Poliwrath_1,VICTORY_ROAD_1F,VICTORY_ROAD_1F,Poliwrath,Ice Punch,Elite 4,,52
VictoryRoad1F_Blackbelt_1,VictoryRoad1F_Blackbelt_1_Poliwrath_1,VICTORY_ROAD_1F,VICTORY_ROAD_1F,Poliwrath,Body Slam,Elite 4,,52
VictoryRoad1F_Blackbelt_1,VictoryRoad1F_Blackbelt_1_Poliwrath_1,VICTORY_ROAD_1F,VICTORY_ROAD_1F,Poliwrath,Hypnosis,Elite 4,,52
VictoryRoad1F_Blackbelt_1,VictoryRoad1F_Blackbelt_1_Poliwrath_1,VICTORY_ROAD_1F,VICTORY_ROAD_1F,Poliwrath,Amnesia,Elite 4,,52
VictoryRoad1F_Blackbelt_1,VictoryRoad1F_Blackbelt_1_Rhydon_2,VICTORY_ROAD_1F,VICTORY_ROAD_1F,Rhydon,Dig,Elite 4,,52
VictoryRoad1F_Blackbelt_1,VictoryRoad1F_Blackbelt_1_Rhydon_2,VICTORY_ROAD_1F,VICTORY_ROAD_1F,Rhydon,Rock Slide,Elite 4,,52
VictoryRoad1F_Blackbelt_1,VictoryRoad1F_Blackbelt_1_Rhydon_2,VICTORY_ROAD_1F,VICTORY_ROAD_1F,Rhydon,Earthquake,Elite 4,,52
VictoryRoad1F_Blackbelt_1,VictoryRoad1F_Blackbelt_1_Rhydon_2,VICTORY_ROAD_1F,VICTORY_ROAD_1F,Rhydon,Take Down,Elite 4,,52
VictoryRoad1F_Blackbelt_1,VictoryRoad1F_Blackbelt_1_Arcanine_3,VICTORY_ROAD_1F,VICTORY_ROAD_1F,Arcanine,Leer,Elite 4,,52
VictoryRoad1F_Blackbelt_1,VictoryRoad1F_Blackbelt_1_Arcanine_3,VICTORY_ROAD_1F,VICTORY_ROAD_1F,Arcanine,Take Down,Elite 4,,52
VictoryRoad1F_Blackbelt_1,VictoryRoad1F_Blackbelt_1_Arcanine_3,VICTORY_ROAD_1F,VICTORY_ROAD_1F,Arcanine,Flamethrower,Elite 4,,52
VictoryRoad1F_Blackbelt_1,VictoryRoad1F_Blackbelt_1_Arcanine_3,VICTORY_ROAD_1F,VICTORY_ROAD_1F,Arcanine,Agility,Elite 4,,52
VictoryRoad1F_Blackbelt_1,VictoryRoad1F_Blackbelt_1_Pinsir_4,VICTORY_ROAD_1F,VICTORY_ROAD_1F,Pinsir,Submission,Elite 4,,52
VictoryRoad1F_Blackbelt_1,VictoryRoad1F_Blackbelt_1_Pinsir_4,VICTORY_ROAD_1F,VICTORY_ROAD_1F,Pinsir,Slash,Elite 4,,52
VictoryRoad1F_Blackbelt_1,VictoryRoad1F_Blackbelt_1_Pinsir_4,VICTORY_ROAD_1F,VICTORY_ROAD_1F,Pinsir,Guillotine,Elite 4,,52
VictoryRoad1F_Blackbelt_1,VictoryRoad1F_Blackbelt_1_Pinsir_4,VICTORY_ROAD_1F,VICTORY_ROAD_1F,Pinsir,Bind,Elite 4,,52
VictoryRoad1F_Cooltrainer_2,VictoryRoad1F_Cooltrainer_2_Parasect_1,VICTORY_ROAD_1F,VICTORY_ROAD_1F,Parasect,Spore,Elite 4,,53
VictoryRoad1F_Cooltrainer_2,VictoryRoad1F_Cooltrainer_2_Parasect_1,VICTORY_ROAD_1F,VICTORY_ROAD_1F,Parasect,Mega Drain,Elite 4,,53
VictoryRoad1F_Cooltrainer_2,VictoryRoad1F_Cooltrainer_2_Parasect_1,VICTORY_ROAD_1F,VICTORY_ROAD_1F,Parasect,Slash,Elite 4,,53
VictoryRoad1F_Cooltrainer_2,VictoryRoad1F_Cooltrainer_2_Parasect_1,VICTORY_ROAD_1F,VICTORY_ROAD_1F,Parasect,Growth,Elite 4,,53
VictoryRoad1F_Cooltrainer_2,VictoryRoad1F_Cooltrainer_2_Snorlax_2,VICTORY_ROAD_1F,VICTORY_ROAD_1F,Snorlax,Harden,Elite 4,,53
VictoryRoad1F_Cooltrainer_2,VictoryRoad1F_Cooltrainer_2_Snorlax_2,VICTORY_ROAD_1F,VICTORY_ROAD_1F,Snorlax,Rest,Elite 4,,53
VictoryRoad1F_Cooltrainer_2,VictoryRoad1F_Cooltrainer_2_Snorlax_2,VICTORY_ROAD_1F,VICTORY_ROAD_1F,Snorlax,Body Slam,Elite 4,,53
VictoryRoad1F_Cooltrainer_2,VictoryRoad1F_Cooltrainer_2_Snorlax_2,VICTORY_ROAD_1F,VICTORY_ROAD_1F,Snorlax,Double Edge,Elite 4,,53
VictoryRoad1F_Cooltrainer_2,VictoryRoad1F_Cooltrainer_2_Slowbro_3,VICTORY_ROAD_1F,VICTORY_ROAD_1F,Slowbro,Waterfall,Elite 4,,53
VictoryRoad1F_Cooltrainer_2,VictoryRoad1F_Cooltrainer_2_Slowbro_3,VICTORY_ROAD_1F,VICTORY_ROAD_1F,Slowbro,Withdraw,Elite 4,,53
VictoryRoad1F_Cooltrainer_2,VictoryRoad1F_Cooltrainer_2_Slowbro_3,VICTORY_ROAD_1F,VICTORY_ROAD_1F,Slowbro,Amnesia,Elite 4,,53
VictoryRoad1F_Cooltrainer_2,VictoryRoad1F_Cooltrainer_2_Slowbro_3,VICTORY_ROAD_1F,VICTORY_ROAD_1F,Slowbro,Psychic,Elite 4,,53
VictoryRoad1F_Cooltrainer_2,VictoryRoad1F_Cooltrainer_2_Gyarados_4,VICTORY_ROAD_1F,VICTORY_ROAD_1F,Gyarados,Thrash,Elite 4,,53
VictoryRoad1F_Cooltrainer_2,VictoryRoad1F_Cooltrainer_2_Gyarados_4,VICTORY_ROAD_1F,VICTORY_ROAD_1F,Gyarados,Hydro Pump,Elite 4,,53
VictoryRoad1F_Cooltrainer_2,VictoryRoad1F_Cooltrainer_2_Gyarados_4,VICTORY_ROAD_1F,VICTORY_ROAD_1F,Gyarados,Slam,Elite 4,,53
VictoryRoad1F_Cooltrainer_2,VictoryRoad1F_Cooltrainer_2_Gyarados_4,VICTORY_ROAD_1F,VICTORY_ROAD_1F,Gyarados,Hyper Beam,Elite 4,,53
VictoryRoad1F_Hiker_1,VictoryRoad1F_Hiker_1_Aerodactyl_1,VICTORY_ROAD_1F,VICTORY_ROAD_1F,Aerodactyl,Wing Attack,Elite 4,,52
VictoryRoad1F_Hiker_1,VictoryRoad1F_Hiker_1_Aerodactyl_1,VICTORY_ROAD_1F,VICTORY_ROAD_1F,Aerodactyl,Rock Slide,Elite 4,,52
VictoryRoad1F_Hiker_1,VictoryRoad1F_Hiker_1_Aerodactyl_1,VICTORY_ROAD_1F,VICTORY_ROAD_1F,Aerodactyl,Take Down,Elite 4,,52
VictoryRoad1F_Hiker_1,VictoryRoad1F_Hiker_1_Aerodactyl_1,VICTORY_ROAD_1F,VICTORY_ROAD_1F,Aerodactyl,Hyper Beam,Elite 4,,52
VictoryRoad1F_Hiker_1,VictoryRoad1F_Hiker_1_Parasect_2,VICTORY_ROAD_1F,VICTORY_ROAD_1F,Parasect,Spore,Elite 4,,52
VictoryRoad1F_Hiker_1,VictoryRoad1F_Hiker_1_Parasect_2,VICTORY_ROAD_1F,VICTORY_ROAD_1F,Parasect,Mega Drain,Elite 4,,52
VictoryRoad1F_Hiker_1,VictoryRoad1F_Hiker_1_Parasect_2,VICTORY_ROAD_1F,VICTORY_ROAD_1F,Parasect,Slash,Elite 4,,52
VictoryRoad1F_Hiker_1,VictoryRoad1F_Hiker_1_Parasect_2,VICTORY_ROAD_1F,VICTORY_ROAD_1F,Parasect,Growth,Elite 4,,52
VictoryRoad1F_Hiker_1,VictoryRoad1F_Hiker_1_Flareon_3,VICTORY_ROAD_1F,VICTORY_ROAD_1F,Flareon,Double Edge,Elite 4,,52
VictoryRoad1F_Hiker_1,VictoryRoad1F_Hiker_1_Flareon_3,VICTORY_ROAD_1F,VICTORY_ROAD_1F,Flareon,Growth,Elite 4,,52
VictoryRoad1F_Hiker_1,VictoryRoad1F_Hiker_1_Flareon_3,VICTORY_ROAD_1F,VICTORY_ROAD_1F,Flareon,Fire Spin,Elite 4,,52
VictoryRoad1F_Hiker_1,VictoryRoad1F_Hiker_1_Flareon_3,VICTORY_ROAD_1F,VICTORY_ROAD_1F,Flareon,Fire Blast,Elite 4,,52
VictoryRoad1F_Hiker_1,VictoryRoad1F_Hiker_1_Arcanine_4,VICTORY_ROAD_1F,VICTORY_ROAD_1F,Arcanine,Leer,Elite 4,,52
VictoryRoad1F_Hiker_1,VictoryRoad1F_Hiker_1_Arcanine_4,VICTORY_ROAD_1F,VICTORY_ROAD_1F,Arcanine,Take Down,Elite 4,,52
VictoryRoad1F_Hiker_1,VictoryRoad1F_Hiker_1_Arcanine_4,VICTORY_ROAD_1F,VICTORY_ROAD_1F,Arcanine,Flamethrower,Elite 4,,52
VictoryRoad1F_Hiker_1,VictoryRoad1F_Hiker_1_Arcanine_4,VICTORY_ROAD_1F,VICTORY_ROAD_1F,Arcanine,Agility,Elite 4,,52
VictoryRoad2F_Juggler_1,VictoryRoad2F_Juggler_1_Poliwrath_1,VICTORY_ROAD_2F,VICTORY_ROAD_2F,Poliwrath,Ice Punch,Elite 4,,51
VictoryRoad2F_Juggler_1,VictoryRoad2F_Juggler_1_Poliwrath_1,VICTORY_ROAD_2F,VICTORY_ROAD_2F,Poliwrath,Body Slam,Elite 4,,51
VictoryRoad2F_Juggler_1,VictoryRoad2F_Juggler_1_Poliwrath_1,VICTORY_ROAD_2F,VICTORY_ROAD_2F,Poliwrath,Hypnosis,Elite 4,,51
VictoryRoad2F_Juggler_1,VictoryRoad2F_Juggler_1_Poliwrath_1,VICTORY_ROAD_2F,VICTORY_ROAD_2F,Poliwrath,Amnesia,Elite 4,,51
VictoryRoad2F_Juggler_1,VictoryRoad2F_Juggler_1_Rhydon_2,VICTORY_ROAD_2F,VICTORY_ROAD_2F,Rhydon,Dig,Elite 4,,51
VictoryRoad2F_Juggler_1,VictoryRoad2F_Juggler_1_Rhydon_2,VICTORY_ROAD_2F,VICTORY_ROAD_2F,Rhydon,Rock Slide,Elite 4,,51
VictoryRoad2F_Juggler_1,VictoryRoad2F_Juggler_1_Rhydon_2,VICTORY_ROAD_2F,VICTORY_ROAD_2F,Rhydon,Earthquake,Elite 4,,51
VictoryRoad2F_Juggler_1,VictoryRoad2F_Juggler_1_Rhydon_2,VICTORY_ROAD_2F,VICTORY_ROAD_2F,Rhydon,Take Down,Elite 4,,51
VictoryRoad2F_Juggler_1,VictoryRoad2F_Juggler_1_Flareon_3,VICTORY_ROAD_2F,VICTORY_ROAD_2F,Flareon,Flamethrower,Elite 4,,51
VictoryRoad2F_Juggler_1,VictoryRoad2F_Juggler_1_Flareon_3,VICTORY_ROAD_2F,VICTORY_ROAD_2F,Flareon,Double Edge,Elite 4,,51
VictoryRoad2F_Juggler_1,VictoryRoad2F_Juggler_1_Flareon_3,VICTORY_ROAD_2F,VICTORY_ROAD_2F,Flareon,Growth,Elite 4,,51
VictoryRoad2F_Juggler_1,VictoryRoad2F_Juggler_1_Flareon_3,VICTORY_ROAD_2F,VICTORY_ROAD_2F,Flareon,Fire Spin,Elite 4,,51
VictoryRoad2F_Juggler_1,VictoryRoad2F_Juggler_1_Flareon_2,VICTORY_ROAD_2F,VICTORY_ROAD_2F,Flareon,Flamethrower,Elite 4,,51
VictoryRoad2F_Juggler_1,VictoryRoad2F_Juggler_1_Flareon_2,VICTORY_ROAD_2F,VICTORY_ROAD_2F,Flareon,Double Edge,Elite 4,,51
VictoryRoad2F_Juggler_1,VictoryRoad2F_Juggler_1_Flareon_2,VICTORY_ROAD_2F,VICTORY_ROAD_2F,Flareon,Growth,Elite 4,,51
VictoryRoad2F_Juggler_1,VictoryRoad2F_Juggler_1_Flareon_2,VICTORY_ROAD_2F,VICTORY_ROAD_2F,Flareon,Fire Spin,Elite 4,,51
VictoryRoad2F_Tamer_1,VictoryRoad2F_Tamer_1_Tangela_1,VICTORY_ROAD_2F,VICTORY_ROAD_2F,Tangela,Mega Drain,Elite 4,,53
VictoryRoad2F_Tamer_1,VictoryRoad2F_Tamer_1_Tangela_1,VICTORY_ROAD_2F,VICTORY_ROAD_2F,Tangela,Body Slam,Elite 4,,53
VictoryRoad2F_Tamer_1,VictoryRoad2F_Tamer_1_Tangela_1,VICTORY_ROAD_2F,VICTORY_ROAD_2F,Tangela,Growth,Elite 4,,53
VictoryRoad2F_Tamer_1,VictoryRoad2F_Tamer_1_Tangela_1,VICTORY_ROAD_2F,VICTORY_ROAD_2F,Tangela,Bind,Elite 4,,53
VictoryRoad2F_Tamer_1,VictoryRoad2F_Tamer_1_Sandslash_2,VICTORY_ROAD_2F,VICTORY_ROAD_2F,Sandslash,Swift,Elite 4,,53
VictoryRoad2F_Tamer_1,VictoryRoad2F_Tamer_1_Sandslash_2,VICTORY_ROAD_2F,VICTORY_ROAD_2F,Sandslash,Slash,Elite 4,,53
VictoryRoad2F_Tamer_1,VictoryRoad2F_Tamer_1_Sandslash_2,VICTORY_ROAD_2F,VICTORY_ROAD_2F,Sandslash,Earthquake,Elite 4,,53
VictoryRoad2F_Tamer_1,VictoryRoad2F_Tamer_1_Sandslash_2,VICTORY_ROAD_2F,VICTORY_ROAD_2F,Sandslash,Swords Dance,Elite 4,,53
VictoryRoad2F_Tamer_1,VictoryRoad2F_Tamer_1_Lickitung_3,VICTORY_ROAD_2F,VICTORY_ROAD_2F,Lickitung,Defense Curl,Elite 4,,53
VictoryRoad2F_Tamer_1,VictoryRoad2F_Tamer_1_Lickitung_3,VICTORY_ROAD_2F,VICTORY_ROAD_2F,Lickitung,Body Slam,Elite 4,,53
VictoryRoad2F_Tamer_1,VictoryRoad2F_Tamer_1_Lickitung_3,VICTORY_ROAD_2F,VICTORY_ROAD_2F,Lickitung,Screech,Elite 4,,53
VictoryRoad2F_Tamer_1,VictoryRoad2F_Tamer_1_Lickitung_3,VICTORY_ROAD_2F,VICTORY_ROAD_2F,Lickitung,Wrap,Elite 4,,53
VictoryRoad2F_Tamer_1,VictoryRoad2F_Tamer_1_Arbok_4,VICTORY_ROAD_2F,VICTORY_ROAD_2F,Arbok,Glare,Elite 4,,53
VictoryRoad2F_Tamer_1,VictoryRoad2F_Tamer_1_Arbok_4,VICTORY_ROAD_2F,VICTORY_ROAD_2F,Arbok,Screech,Elite 4,,53
VictoryRoad2F_Tamer_1,VictoryRoad2F_Tamer_1_Arbok_4,VICTORY_ROAD_2F,VICTORY_ROAD_2F,Arbok,Sludge,Elite 4,,53
VictoryRoad2F_Tamer_1,VictoryRoad2F_Tamer_1_Arbok_4,VICTORY_ROAD_2F,VICTORY_ROAD_2F,Arbok,Wrap,Elite 4,,53
VictoryRoad2F_Juggler_2,VictoryRoad2F_Juggler_2_Omastar_1,VICTORY_ROAD_2F,VICTORY_ROAD_2F,Omastar,Leer,Elite 4,,53
VictoryRoad2F_Juggler_2,VictoryRoad2F_Juggler_2_Omastar_1,VICTORY_ROAD_2F,VICTORY_ROAD_2F,Omastar,Rock Slide,Elite 4,,53
VictoryRoad2F_Juggler_2,VictoryRoad2F_Juggler_2_Omastar_1,VICTORY_ROAD_2F,VICTORY_ROAD_2F,Omastar,Clamp,Elite 4,,53
VictoryRoad2F_Juggler_2,VictoryRoad2F_Juggler_2_Omastar_1,VICTORY_ROAD_2F,VICTORY_ROAD_2F,Omastar,Hydro Pump,Elite 4,,53
VictoryRoad2F_Juggler_2,VictoryRoad2F_Juggler_2_Alakazam_2,VICTORY_ROAD_2F,VICTORY_ROAD_2F,Alakazam,Psybeam,Elite 4,,53
VictoryRoad2F_Juggler_2,VictoryRoad2F_Juggler_2_Alakazam_2,VICTORY_ROAD_2F,VICTORY_ROAD_2F,Alakazam,Recover,Elite 4,,53
VictoryRoad2F_Juggler_2,VictoryRoad2F_Juggler_2_Alakazam_2,VICTORY_ROAD_2F,VICTORY_ROAD_2F,Alakazam,Psychic,Elite 4,,53
VictoryRoad2F_Juggler_2,VictoryRoad2F_Juggler_2_Alakazam_2,VICTORY_ROAD_2F,VICTORY_ROAD_2F,Alakazam,Reflect,Elite 4,,53
VictoryRoad2F_Juggler_2,VictoryRoad2F_Juggler_2_Raichu_3,VICTORY_ROAD_2F,VICTORY_ROAD_2F,Raichu,Thunderbolt,Elite 4,,53
VictoryRoad2F_Juggler_2,VictoryRoad2F_Juggler_2_Raichu_3,VICTORY_ROAD_2F,VICTORY_ROAD_2F,Raichu,Agility,Elite 4,,53
VictoryRoad2F_Juggler_2,VictoryRoad2F_Juggler_2_Raichu_3,VICTORY_ROAD_2F,VICTORY_ROAD_2F,Raichu,Thunder,Elite 4,,53
VictoryRoad2F_Juggler_2,VictoryRoad2F_Juggler_2_Raichu_3,VICTORY_ROAD_2F,VICTORY_ROAD_2F,Raichu,Light Screen,Elite 4,,53
VictoryRoad2F_Juggler_2,VictoryRoad2F_Juggler_2_Gastly_4,VICTORY_ROAD_2F,VICTORY_ROAD_2F,Gastly,Smog,Elite 4,,53
VictoryRoad2F_Juggler_2,VictoryRoad2F_Juggler_2_Gastly_4,VICTORY_ROAD_2F,VICTORY_ROAD_2F,Gastly,Psywave,Elite 4,,53
VictoryRoad2F_Juggler_2,VictoryRoad2F_Juggler_2_Gastly_4,VICTORY_ROAD_2F,VICTORY_ROAD_2F,Gastly,Poison Gas,Elite 4,,53
VictoryRoad2F_Juggler_2,VictoryRoad2F_Juggler_2_Gastly_4,VICTORY_ROAD_2F,VICTORY_ROAD_2F,Gastly,Night Shade,Elite 4,,53
VictoryRoad2F_PokeManiac_1,VictoryRoad2F_PokeManiac_1_Venusaur_1,VICTORY_ROAD_2F,VICTORY_ROAD_2F,Venusaur,Razor Leaf,Elite 4,,52
VictoryRoad2F_PokeManiac_1,VictoryRoad2F_PokeManiac_1_Venusaur_1,VICTORY_ROAD_2F,VICTORY_ROAD_2F,Venusaur,Sludge,Elite 4,,52
VictoryRoad2F_PokeManiac_1,VictoryRoad2F_PokeManiac_1_Venusaur_1,VICTORY_ROAD_2F,VICTORY_ROAD_2F,Venusaur,Growth,Elite 4,,52
VictoryRoad2F_PokeManiac_1,VictoryRoad2F_PokeManiac_1_Venusaur_1,VICTORY_ROAD_2F,VICTORY_ROAD_2F,Venusaur,Body Slam,Elite 4,,52
VictoryRoad2F_PokeManiac_1,VictoryRoad2F_PokeManiac_1_Lapras_2,VICTORY_ROAD_2F,VICTORY_ROAD_2F,Lapras,Waterfall,Elite 4,,52
VictoryRoad2F_PokeManiac_1,VictoryRoad2F_PokeManiac_1_Lapras_2,VICTORY_ROAD_2F,VICTORY_ROAD_2F,Lapras,Ice Beam,Elite 4,,52
VictoryRoad2F_PokeManiac_1,VictoryRoad2F_PokeManiac_1_Lapras_2,VICTORY_ROAD_2F,VICTORY_ROAD_2F,Lapras,Sing,Elite 4,,52
VictoryRoad2F_PokeManiac_1,VictoryRoad2F_PokeManiac_1_Lapras_2,VICTORY_ROAD_2F,VICTORY_ROAD_2F,Lapras,Hydro Pump,Elite 4,,52
VictoryRoad2F_PokeManiac_1,VictoryRoad2F_PokeManiac_1_Lickitung_3,VICTORY_ROAD_2F,VICTORY_ROAD_2F,Lickitung,Defense Curl,Elite 4,,52
VictoryRoad2F_PokeManiac_1,VictoryRoad2F_PokeManiac_1_Lickitung_3,VICTORY_ROAD_2F,VICTORY_ROAD_2F,Lickitung,Body Slam,Elite 4,,52
VictoryRoad2F_PokeManiac_1,VictoryRoad2F_PokeManiac_1_Lickitung_3,VICTORY_ROAD_2F,VICTORY_ROAD_2F,Lickitung,Screech,Elite 4,,52
VictoryRoad2F_PokeManiac_1,VictoryRoad2F_PokeManiac_1_Lickitung_3,VICTORY_ROAD_2F,VICTORY_ROAD_2F,Lickitung,Wrap,Elite 4,,52
VictoryRoad3F_Cooltrainer_3,VictoryRoad3F_Cooltrainer_3_Charizard_1,VICTORY_ROAD_3F,VICTORY_ROAD_3F,Charizard,Slash,Elite 4,,52
VictoryRoad3F_Cooltrainer_3,VictoryRoad3F_Cooltrainer_3_Charizard_1,VICTORY_ROAD_3F,VICTORY_ROAD_3F,Charizard,Wing Attack,Elite 4,,52
VictoryRoad3F_Cooltrainer_3,VictoryRoad3F_Cooltrainer_3_Charizard_1,VICTORY_ROAD_3F,VICTORY_ROAD_3F,Charizard,Flamethrower,Elite 4,,52
VictoryRoad3F_Cooltrainer_3,VictoryRoad3F_Cooltrainer_3_Charizard_1,VICTORY_ROAD_3F,VICTORY_ROAD_3F,Charizard,Slam,Elite 4,,52
VictoryRoad3F_Cooltrainer_3,VictoryRoad3F_Cooltrainer_3_Exeggutor_2,VICTORY_ROAD_3F,VICTORY_ROAD_3F,Exeggutor,Stun Spore,Elite 4,,52
VictoryRoad3F_Cooltrainer_3,VictoryRoad3F_Cooltrainer_3_Exeggutor_2,VICTORY_ROAD_3F,VICTORY_ROAD_3F,Exeggutor,Egg Bomb,Elite 4,,52
VictoryRoad3F_Cooltrainer_3,VictoryRoad3F_Cooltrainer_3_Exeggutor_2,VICTORY_ROAD_3F,VICTORY_ROAD_3F,Exeggutor,Psychic,Elite 4,,52
VictoryRoad3F_Cooltrainer_3,VictoryRoad3F_Cooltrainer_3_Exeggutor_2,VICTORY_ROAD_3F,VICTORY_ROAD_3F,Exeggutor,Sleep Powder,Elite 4,,52
VictoryRoad3F_Cooltrainer_3,VictoryRoad3F_Cooltrainer_3_Tentacruel_3,VICTORY_ROAD_3F,VICTORY_ROAD_3F,Tentacruel,Screech,Elite 4,,52
VictoryRoad3F_Cooltrainer_3,VictoryRoad3F_Cooltrainer_3_Tentacruel_3,VICTORY_ROAD_3F,VICTORY_ROAD_3F,Tentacruel,Sludge,Elite 4,,52
VictoryRoad3F_Cooltrainer_3,VictoryRoad3F_Cooltrainer_3_Tentacruel_3,VICTORY_ROAD_3F,VICTORY_ROAD_3F,Tentacruel,Wrap,Elite 4,,52
VictoryRoad3F_Cooltrainer_3,VictoryRoad3F_Cooltrainer_3_Tentacruel_3,VICTORY_ROAD_3F,VICTORY_ROAD_3F,Tentacruel,Hydro Pump,Elite 4,,52
VictoryRoad3F_Cooltrainer_3,VictoryRoad3F_Cooltrainer_3_Rhydon_4,VICTORY_ROAD_3F,VICTORY_ROAD_3F,Rhydon,Dig,Elite 4,,52
VictoryRoad3F_Cooltrainer_3,VictoryRoad3F_Cooltrainer_3_Rhydon_4,VICTORY_ROAD_3F,VICTORY_ROAD_3F,Rhydon,Rock Slide,Elite 4,,52
VictoryRoad3F_Cooltrainer_3,VictoryRoad3F_Cooltrainer_3_Rhydon_4,VICTORY_ROAD_3F,VICTORY_ROAD_3F,Rhydon,Earthquake,Elite 4,,52
VictoryRoad3F_Cooltrainer_3,VictoryRoad3F_Cooltrainer_3_Rhydon_4,VICTORY_ROAD_3F,VICTORY_ROAD_3F,Rhydon,Take Down,Elite 4,,52
VictoryRoad3F_Cooltrainer_4,VictoryRoad3F_Cooltrainer_4_Wigglytuff_1,VICTORY_ROAD_3F,VICTORY_ROAD_3F,Wigglytuff,Rest,Elite 4,,54
VictoryRoad3F_Cooltrainer_4,VictoryRoad3F_Cooltrainer_4_Wigglytuff_1,VICTORY_ROAD_3F,VICTORY_ROAD_3F,Wigglytuff,Body Slam,Elite 4,,54
VictoryRoad3F_Cooltrainer_4,VictoryRoad3F_Cooltrainer_4_Wigglytuff_1,VICTORY_ROAD_3F,VICTORY_ROAD_3F,Wigglytuff,Lovely Kiss,Elite 4,,54
VictoryRoad3F_Cooltrainer_4,VictoryRoad3F_Cooltrainer_4_Wigglytuff_1,VICTORY_ROAD_3F,VICTORY_ROAD_3F,Wigglytuff,Double Edge,Elite 4,,54
VictoryRoad3F_Cooltrainer_4,VictoryRoad3F_Cooltrainer_4_Clefable_2,VICTORY_ROAD_3F,VICTORY_ROAD_3F,Clefable,Metronome,Elite 4,,54
VictoryRoad3F_Cooltrainer_4,VictoryRoad3F_Cooltrainer_4_Clefable_2,VICTORY_ROAD_3F,VICTORY_ROAD_3F,Clefable,Body Slam,Elite 4,,54
VictoryRoad3F_Cooltrainer_4,VictoryRoad3F_Cooltrainer_4_Clefable_2,VICTORY_ROAD_3F,VICTORY_ROAD_3F,Clefable,Light Screen,Elite 4,,54
VictoryRoad3F_Cooltrainer_4,VictoryRoad3F_Cooltrainer_4_Clefable_2,VICTORY_ROAD_3F,VICTORY_ROAD_3F,Clefable,Sing,Elite 4,,54
VictoryRoad3F_Cooltrainer_4,VictoryRoad3F_Cooltrainer_4_Chansey_3,VICTORY_ROAD_3F,VICTORY_ROAD_3F,Chansey,Defense Curl,Elite 4,,54
VictoryRoad3F_Cooltrainer_4,VictoryRoad3F_Cooltrainer_4_Chansey_3,VICTORY_ROAD_3F,VICTORY_ROAD_3F,Chansey,Light Screen,Elite 4,,54
VictoryRoad3F_Cooltrainer_4,VictoryRoad3F_Cooltrainer_4_Chansey_3,VICTORY_ROAD_3F,VICTORY_ROAD_3F,Chansey,Mega Punch,Elite 4,,54
VictoryRoad3F_Cooltrainer_4,VictoryRoad3F_Cooltrainer_4_Chansey_3,VICTORY_ROAD_3F,VICTORY_ROAD_3F,Chansey,Double Edge,Elite 4,,54
VictoryRoad3F_Cooltrainer_4,VictoryRoad3F_Cooltrainer_4_Eevee_4,VICTORY_ROAD_3F,VICTORY_ROAD_3F,Eevee,Headbutt,Elite 4,,54
VictoryRoad3F_Cooltrainer_4,VictoryRoad3F_Cooltrainer_4_Eevee_4,VICTORY_ROAD_3F,VICTORY_ROAD_3F,Eevee,Focus Energy,Elite 4,,54
VictoryRoad3F_Cooltrainer_4,VictoryRoad3F_Cooltrainer_4_Eevee_4,VICTORY_ROAD_3F,VICTORY_ROAD_3F,Eevee,Jump Kick,Elite 4,,54
VictoryRoad3F_Cooltrainer_4,VictoryRoad3F_Cooltrainer_4_Eevee_4,VICTORY_ROAD_3F,VICTORY_ROAD_3F,Eevee,Take Down,Elite 4,,54
VictoryRoad3F_Cooltrainer_5,VictoryRoad3F_Cooltrainer_5_Nidoking_1,VICTORY_ROAD_3F,VICTORY_ROAD_3F,Nidoking,Sludge,Elite 4,,53
VictoryRoad3F_Cooltrainer_5,VictoryRoad3F_Cooltrainer_5_Nidoking_1,VICTORY_ROAD_3F,VICTORY_ROAD_3F,Nidoking,Fury Attack,Elite 4,,53
VictoryRoad3F_Cooltrainer_5,VictoryRoad3F_Cooltrainer_5_Nidoking_1,VICTORY_ROAD_3F,VICTORY_ROAD_3F,Nidoking,Earthquake,Elite 4,,53
VictoryRoad3F_Cooltrainer_5,VictoryRoad3F_Cooltrainer_5_Nidoking_1,VICTORY_ROAD_3F,VICTORY_ROAD_3F,Nidoking,Horn Drill,Elite 4,,53
VictoryRoad3F_Cooltrainer_5,VictoryRoad3F_Cooltrainer_5_Charizard_2,VICTORY_ROAD_3F,VICTORY_ROAD_3F,Charizard,Slash,Elite 4,,53
VictoryRoad3F_Cooltrainer_5,VictoryRoad3F_Cooltrainer_5_Charizard_2,VICTORY_ROAD_3F,VICTORY_ROAD_3F,Charizard,Wing Attack,Elite 4,,53
VictoryRoad3F_Cooltrainer_5,VictoryRoad3F_Cooltrainer_5_Charizard_2,VICTORY_ROAD_3F,VICTORY_ROAD_3F,Charizard,Flamethrower,Elite 4,,53
VictoryRoad3F_Cooltrainer_5,VictoryRoad3F_Cooltrainer_5_Charizard_2,VICTORY_ROAD_3F,VICTORY_ROAD_3F,Charizard,Slam,Elite 4,,53
VictoryRoad3F_Cooltrainer_5,VictoryRoad3F_Cooltrainer_5_Gloom_3,VICTORY_ROAD_3F,VICTORY_ROAD_3F,Gloom,Sleep Powder,Elite 4,,53
VictoryRoad3F_Cooltrainer_5,VictoryRoad3F_Cooltrainer_5_Gloom_3,VICTORY_ROAD_3F,VICTORY_ROAD_3F,Gloom,Petal Dance,Elite 4,,53
VictoryRoad3F_Cooltrainer_5,VictoryRoad3F_Cooltrainer_5_Gloom_3,VICTORY_ROAD_3F,VICTORY_ROAD_3F,Gloom,Sludge,Elite 4,,53
VictoryRoad3F_Cooltrainer_5,VictoryRoad3F_Cooltrainer_5_Gloom_3,VICTORY_ROAD_3F,VICTORY_ROAD_3F,Gloom,Solarbeam,Elite 4,,53
VictoryRoad3F_Cooltrainer_5,VictoryRoad3F_Cooltrainer_5_Slowbro_4,VICTORY_ROAD_3F,VICTORY_ROAD_3F,Slowbro,Waterfall,Elite 4,,53
VictoryRoad3F_Cooltrainer_5,VictoryRoad3F_Cooltrainer_5_Slowbro_4,VICTORY_ROAD_3F,VICTORY_ROAD_3F,Slowbro,Withdraw,Elite 4,,53
VictoryRoad3F_Cooltrainer_5,VictoryRoad3F_Cooltrainer_5_Slowbro_4,VICTORY_ROAD_3F,VICTORY_ROAD_3F,Slowbro,Amnesia,Elite 4,,53
VictoryRoad3F_Cooltrainer_5,VictoryRoad3F_Cooltrainer_5_Slowbro_4,VICTORY_ROAD_3F,VICTORY_ROAD_3F,Slowbro,Psychic,Elite 4,,53
VictoryRoad3F_Cooltrainer_6,VictoryRoad3F_Cooltrainer_6_Dragonair_1,VICTORY_ROAD_3F,VICTORY_ROAD_3F,Dragonair,Thunder Wave,Elite 4,,53
VictoryRoad3F_Cooltrainer_6,VictoryRoad3F_Cooltrainer_6_Dragonair_1,VICTORY_ROAD_3F,VICTORY_ROAD_3F,Dragonair,Dragon Rage,Elite 4,,53
VictoryRoad3F_Cooltrainer_6,VictoryRoad3F_Cooltrainer_6_Dragonair_1,VICTORY_ROAD_3F,VICTORY_ROAD_3F,Dragonair,Agility,Elite 4,,53
VictoryRoad3F_Cooltrainer_6,VictoryRoad3F_Cooltrainer_6_Dragonair_1,VICTORY_ROAD_3F,VICTORY_ROAD_3F,Dragonair,Slam,Elite 4,,53
VictoryRoad3F_Cooltrainer_6,VictoryRoad3F_Cooltrainer_6_Gengar_2,VICTORY_ROAD_3F,VICTORY_ROAD_3F,Gengar,Confuse Ray,Elite 4,,53
VictoryRoad3F_Cooltrainer_6,VictoryRoad3F_Cooltrainer_6_Gengar_2,VICTORY_ROAD_3F,VICTORY_ROAD_3F,Gengar,Smog,Elite 4,,53
VictoryRoad3F_Cooltrainer_6,VictoryRoad3F_Cooltrainer_6_Gengar_2,VICTORY_ROAD_3F,VICTORY_ROAD_3F,Gengar,Psywave,Elite 4,,53
VictoryRoad3F_Cooltrainer_6,VictoryRoad3F_Cooltrainer_6_Gengar_2,VICTORY_ROAD_3F,VICTORY_ROAD_3F,Gengar,Night Shade,Elite 4,,53
VictoryRoad3F_Cooltrainer_6,VictoryRoad3F_Cooltrainer_6_Tauros_3,VICTORY_ROAD_3F,VICTORY_ROAD_3F,Tauros,Rage,Elite 4,,53
VictoryRoad3F_Cooltrainer_6,VictoryRoad3F_Cooltrainer_6_Tauros_3,VICTORY_ROAD_3F,VICTORY_ROAD_3F,Tauros,Take Down,Elite 4,,53
VictoryRoad3F_Cooltrainer_6,VictoryRoad3F_Cooltrainer_6_Tauros_3,VICTORY_ROAD_3F,VICTORY_ROAD_3F,Tauros,Thrash,Elite 4,,53
VictoryRoad3F_Cooltrainer_6,VictoryRoad3F_Cooltrainer_6_Tauros_3,VICTORY_ROAD_3F,VICTORY_ROAD_3F,Tauros,Double Edge,Elite 4,,53
VictoryRoad3F_Cooltrainer_6,VictoryRoad3F_Cooltrainer_6_Nidoqueen_4,VICTORY_ROAD_3F,VICTORY_ROAD_3F,Nidoqueen,Headbutt,Elite 4,,53
VictoryRoad3F_Cooltrainer_6,VictoryRoad3F_Cooltrainer_6_Nidoqueen_4,VICTORY_ROAD_3F,VICTORY_ROAD_3F,Nidoqueen,Double Kick,Elite 4,,53
VictoryRoad3F_Cooltrainer_6,VictoryRoad3F_Cooltrainer_6_Nidoqueen_4,VICTORY_ROAD_3F,VICTORY_ROAD_3F,Nidoqueen,Sludge,Elite 4,,53
VictoryRoad3F_Cooltrainer_6,VictoryRoad3F_Cooltrainer_6_Nidoqueen_4,VICTORY_ROAD_3F,VICTORY_ROAD_3F,Nidoqueen,Earthquake,Elite 4,,53
